User ID,Vehicle Model,Battery Capacity (kWh),Charging Station ID,Charging Station Location,Charging Start Time,Charging End Time,Energy Consumed (kWh),Charging Duration (hours),Charging Rate (kW),Charging Cost (USD),Time of Day,Day of Week,State of Charge (Start %),State of Charge (End %),Distance Driven (since last charge) (km),Temperature (°C),Vehicle Age (years),Charger Type,User Type,Estimated_Battery_Capacity,Energy_Needed,Avg_Cost_per_kWh,SOC_Delta,Energy_per_%,Estimated_Max_Charging_Power,Charging_Efficiency,Driving Efficiency
User_1,BMW i3,108.463007412841,Station_391,Houston,2024-01-01 00:00:00,2024-01-01 00:39:00,60.7123457349268,0.591363425358501,36.3891805669814,13.0877167917745,Evening,Tuesday,29.3715759791401,86.1199624445784,293.602110638328,27.9479530558009,2,DC Fast Charger,Commuter,75,52.971318015645,0.215569282216769,56.7483864654383,1.06985148858642,73.3773288758577,1.39913832836092,4.83595399064648
User_2,Hyundai Kona,100,Station_428,San Francisco,2024-01-01 01:00:00,2024-01-01 03:01:00,12.3392752037338,3.13365205268808,30.6777349397144,21.1284479291374,Morning,Monday,10.11577764168,84.6643436278644,112.112803682182,14.3110256603778,3,Level 1,Casual Driver,75,67.41316676874,1.71229246291096,74.5485659861845,0.165519953878395,72.5478832921605,0.0542767871434677,9.08585000586238
User_3,Chevy Bolt,75,Station_181,San Francisco,2024-01-01 02:00:00,2024-01-01 04:48:00,19.1288757001155,2.45265272583678,27.5135925587732,35.6672704235674,Morning,Thursday,6.85460444439855,69.9176152401628,71.799252925948,21.0020018361442,2,Level 2,Commuter,75,69.8590466667011,1.86457745780386,63.0630107957643,0.303329566075845,71.6210409570786,0.10889620775961,3.75344866324342
User_4,Hyundai Kona,50,Station_327,Houston,2024-01-01 03:00:00,2024-01-01 06:42:00,79.457823988455,1.26643080462045,32.8828697573862,13.0362388339146,Evening,Saturday,83.1200029607422,99.6243276311942,199.577784516329,38.3163131603634,1,Level 1,Long-Distance Traveler,75,12.6599977794433,0.164064885992961,16.504324670452,4.81436384553861,72.5478832921605,0.864829421664932,2.51174490438256
User_5,Hyundai Kona,50,Station_108,Los Angeles,2024-01-01 04:00:00,2024-01-01 05:46:00,19.6291041677273,2.01976508658946,10.2157120712046,10.1614711710314,Morning,Saturday,54.2589496911698,63.7437860361697,203.661846557999,-7.83419902724921,1,Level 1,Long-Distance Traveler,75,34.3057877316226,0.517673709620339,9.48483634499988,2.06952481347505,72.5478832921605,0.133959918081779,10.3755038853401
User_7,Chevy Bolt,85,Station_162,Houston,2024-01-01 06:00:00,2024-01-01 07:53:00,36.8621399882675,3.53961902631615,26.1851878600335,22.2142251756978,Evening,Friday,60.7517807597668,70.7960969014715,81.3380089080277,27.5513346806664,4,Level 2,Commuter,75,29.4361644301749,0.60262983057327,10.0443161417047,3.66995019553529,71.6210409570786,0.145406357180332,2.20654603704278
User_8,Chevy Bolt,75,Station_302,Los Angeles,2024-01-01 07:00:00,2024-01-01 10:42:00,51.4676168583995,2.65539644561302,26.7029077655282,9.79682132132203,Afternoon,Monday,56.2017030329955,63.7868153317766,116.543165781169,-4.41745966595273,0,Level 2,Long-Distance Traveler,75,32.8487227252534,0.190349231600826,7.58511229878116,6.78534672013619,71.6210409570786,0.270622599137256,2.26439794369748
User_9,Chevy Bolt,62,Station_493,Los Angeles,2024-01-01 08:00:00,2024-01-01 09:21:00,43.5923722821699,1.72420359913277,14.2949229266611,32.4650050720882,Evening,Wednesday,33.4662002632607,92.961420903589,208.259742494437,22.5167064267963,4,Level 1,Commuter,75,49.9003498025545,0.744740498680477,59.4952206403283,0.732703767008491,72.5478832921605,0.348495529089332,4.77743539962424
User_10,Hyundai Kona,50,Station_452,Chicago,2024-01-01 09:00:00,2024-01-01 12:44:00,78.8686074512679,2.02687469098436,11.760999715157,21.3123024511557,Morning,Wednesday,27.3994546256092,70.0533813778071,54.0063091999256,27.5120193646259,2.83038130694359,DC Fast Charger,Commuter,75,54.4504090307931,0.270225418450864,42.6539267521979,1.84903509375497,73.3773288758577,0.530292365437301,0.684763062835813
User_11,BMW i3,50,Station_206,Los Angeles,2024-01-01 10:00:00,2024-01-01 13:59:00,18.2061974773787,2.6486354477277,10.3107011128922,38.2212307040518,Night,Thursday,76.0865655704019,82.2655816267944,64.6346437488713,0.500433564395479,3,DC Fast Charger,Casual Driver,75,17.9350758221986,2.09935274796079,6.17901605639254,2.94645576435157,73.3773288758577,0.0936774723177016,3.55014515409822
User_12,Chevy Bolt,85,Station_78,San Francisco,2024-01-01 11:00:00,2024-01-01 14:55:00,22.5649294841068,2.05788862152045,4.46482262892762,14.0508613520737,Evening,Sunday,14.6189023720785,85.8574941541905,194.763806681738,34.2626112731924,0,DC Fast Charger,Long-Distance Traveler,75,64.0358232209411,0.622685808168388,71.2385917821121,0.31675148145998,73.3773288758577,0.149434273505276,8.63126148118107
User_13,Hyundai Kona,100,Station_16,San Francisco,2024-01-01 12:00:00,2024-01-01 13:00:00,34.256452908516,3.0655847520228,5.52368861904297,10.9721359972182,Afternoon,Monday,19.2054469497732,51.6264827292999,249.127596515425,23.6629653623388,0,Level 2,Casual Driver,75,60.5959147876701,0.320293990347453,32.4210357795266,1.05661192139174,71.6210409570786,0.156022932279154,7.27242826864578
User_14,Nissan Leaf,75,Station_327,Houston,2024-01-01 13:00:00,2024-01-01 15:54:00,16.5610643252251,3.5909657181461,19.7690987175572,37.4418566028684,Morning,Friday,25.7754153897633,69.2012290988145,159.231610218964,34.1103486385968,7,Level 2,Commuter,75,55.6684384576775,2.26083637304872,43.4258137090512,0.381364513655003,71.6210409570786,0.0643926585676114,9.61481744723553
User_16,Nissan Leaf,100,Station_147,Los Angeles,2024-01-01 15:00:00,2024-01-01 17:19:00,27.3543178846107,2.70328612753427,11.1124988416708,33.0934927110558,Evening,Monday,10.6771537293848,72.4034701522673,247.659436921476,-8.30213689912669,1.53523408779527,DC Fast Charger,Long-Distance Traveler,75,66.9921347029614,1.20980873479115,61.7263164228826,0.443154872505404,73.3773288758577,0.137902447949205,9.05376028626205
User_17,BMW i3,97.681812229825,Station_2,New York,2024-01-01 16:00:00,2024-01-01 18:02:00,24.7269376807088,3.45868027877245,49.4027386156698,17.494808461074,Evening,Thursday,67.591970910776,89.9422293648588,237.306420942769,4.41532961880046,7,DC Fast Charger,Commuter,75,24.306021816918,0.707520222964079,22.3502584540828,1.10633788560024,73.3773288758577,0.0974311925772973,9.59708088429843
User_18,Hyundai Kona,50,Station_10,Chicago,2024-01-01 17:00:00,2024-01-01 20:13:00,23.8240404737053,0.848218267818304,6.6142801247462,6.43058921199716,Evening,Friday,57.5951951195195,74.9619503470838,22.0068291634381,18.4057090502594,6,Level 2,Casual Driver,75,31.8036036603604,0.269920176600381,17.3667552275643,1.37181875148975,71.6210409570786,0.392163498125286,0.923723630663202
User_20,BMW i3,50,Station_125,Los Angeles,2024-01-01 19:00:00,2024-01-01 20:22:00,48.4824843075705,2.58092535400766,45.291435346498,7.09084420059414,Morning,Wednesday,12.7548775717218,116.095656889401,243.255769469669,9.20240989191681,3,Level 2,Long-Distance Traveler,75,65.4338418212087,0.146255793238857,103.34077931768,0.469151525928894,71.6210409570786,0.262282184832592,5.01739489928913
User_21,Nissan Leaf,50,Station_81,Los Angeles,2024-01-01 20:00:00,2024-01-01 22:54:00,50.2790666735719,3.16887289218907,30.4899602339687,28.8728946080081,Night,Tuesday,16.545512365179,77.9363271394958,15.4204445959801,33.9803101030591,3,Level 2,Casual Driver,75,62.5908657261157,0.574252795809842,61.3908147743167,0.81899982690255,71.6210409570786,0.221534698789198,0.306697113056903
User_22,Hyundai Kona,62,Station_485,New York,2024-01-01 21:00:00,2024-01-01 22:55:00,59.1350316162392,2.93176149509575,20.1704782995344,34.8532344018844,Evening,Sunday,71.5303121297424,75.9743515870312,219.626356921434,-2.755069331695,5,Level 1,Commuter,75,21.3522659026932,0.589383880405558,4.44403945728882,13.3065946386344,72.5478832921605,0.278029866402925,3.71398054450557
User_23,BMW i3,75,Station_140,Chicago,2024-01-01 22:00:00,2024-01-02 01:02:00,49.1964295897138,2.56281730426841,19.1948828370796,14.8561312186067,Afternoon,Saturday,49.0242391095052,64.4818739375919,298.188122318363,39.958937316772,4.25793670275829,DC Fast Charger,Long-Distance Traveler,75,38.2318206678711,0.30197580073398,15.4576348280867,3.1826621690094,73.3773288758577,0.261609818316272,6.06117404871002
User_24,Tesla Model 3,100,Station_326,New York,2024-01-01 23:00:00,2024-01-01 23:31:00,68.4471263202638,2.07142920922344,49.7103069690129,38.4060616960594,Morning,Friday,19.2331391273054,74.0061508809506,280.915468226521,3.5808399539001,5,DC Fast Charger,Commuter,75,60.5751456545209,0.561105538841144,54.7730117536452,1.249650587558,73.3773288758577,0.45032206302223,4.10412362546996
User_29,BMW i3,75,Station_129,Los Angeles,2024-01-02 04:00:00,2024-01-02 04:35:00,31.6844845865745,2.43967793815389,48.6487231907923,25.6171039958087,Afternoon,Friday,34.7276390959767,54.4020503852158,152.259866990807,20.3785623102743,3,Level 2,Casual Driver,75,48.9542706780174,0.808506255666325,19.6744112892391,1.610441304737,71.6210409570786,0.181331610619864,4.80550240843506
User_30,BMW i3,75,Station_438,Chicago,2024-01-02 05:00:00,2024-01-02 07:58:00,56.5932568591493,3.1532572549728,45.8117310024406,33.1320917802477,Afternoon,Friday,29.207671702279,85.0081062406635,186.15573210131,12.3334153738691,0,DC Fast Charger,Casual Driver,75,53.0942462232907,0.585442394006544,55.8004345383845,1.01420817467325,73.3773288758577,0.244592640657617,3.28936241581959
User_31,Chevy Bolt,100,Station_239,New York,2024-01-02 06:00:00,2024-01-02 09:54:00,19.4738005954271,1.43553278726777,7.04393634227925,36.9452729151952,Afternoon,Wednesday,31.3207869795199,78.0566528179462,152.259866990807,8.35290607653481,2,DC Fast Charger,Casual Driver,75,51.5094097653601,1.89717835171172,46.7358658384263,0.416677860698063,73.3773288758577,0.184873943125909,7.8187031979038
User_33,BMW i3,100,Station_198,New York,2024-01-02 08:00:00,2024-01-02 09:58:00,16.1362387253963,1.30692727174628,21.5178150485543,26.4381942374904,Evening,Monday,23.6039914321327,88.2000728013921,35.5038831935735,39.3840139153417,1,Level 2,Casual Driver,75,57.2970064259004,1.63843598792823,64.5960813692594,0.249802130150195,71.6210409570786,0.172389282062377,2.2002576807255
User_34,Tesla Model 3,62,Station_211,Houston,2024-01-02 09:00:00,2024-01-02 12:03:00,60.0670850889563,0.999100188403917,7.65157004698045,18.0343900405054,Afternoon,Monday,22.8814666259389,51.4342786819924,46.3575588605662,13.991597483207,1,Level 2,Casual Driver,75,57.8389000305458,0.300237476378244,28.5528120560534,2.10371871502658,71.6210409570786,0.839434641315301,0.771763084423241
User_35,Chevy Bolt,75,Station_402,Houston,2024-01-02 10:00:00,2024-01-02 13:32:00,57.7243794610115,1.87358159703978,4.48564710517362,35.503000170253,Afternoon,Friday,41.8724796424058,79.6479727748644,157.614654008066,28.4298073765673,1.80917286750187,DC Fast Charger,Long-Distance Traveler,75,43.5956402681957,0.615043427088421,37.7754931324586,1.52809069251863,73.3773288758577,0.419879588309491,2.73046943907857
User_36,Hyundai Kona,75,Station_390,New York,2024-01-02 11:00:00,2024-01-02 14:16:00,37.3745160607838,2.89167698448075,18.8658019609238,29.8662499258758,Evening,Tuesday,24.4922085843977,73.3801757259222,76.203539218638,59.931973865971,4,Level 1,Commuter,75,56.6308435617017,0.799107334990053,48.8879671415246,0.764493151302226,72.5478832921605,0.178156246407766,2.03891708175445
User_38,Hyundai Kona,75,Station_97,New York,2024-01-02 13:00:00,2024-01-02 13:43:00,73.3866195227557,1.04045230518997,38.4508319008779,15.8827039838235,Night,Wednesday,49.2753875282367,94.5970819041781,42.0957439440022,33.9295703727136,6,DC Fast Charger,Long-Distance Traveler,75,38.0434593538225,0.216425066137549,45.3216943759415,1.61923821545631,73.3773288758577,0.961242153714866,0.5736160654048
User_40,Nissan Leaf,100,Station_23,Houston,2024-01-02 15:00:00,2024-01-02 16:50:00,68.1778500363741,3.24244605824849,23.3116190829526,8.49857193683502,Morning,Thursday,17.0404200244561,56.0786510080371,130.376013762084,-3.19145536564636,2,Level 2,Long-Distance Traveler,75,62.2196849816579,0.124652976476977,39.038230983581,1.746437999843,71.6210409570786,0.293582330123107,1.91229282959973
User_42,Tesla Model 3,100,Station_461,Houston,2024-01-02 17:00:00,2024-01-02 18:15:00,39.3987423560807,2.3977153605176,20.4603648689502,26.6197177488136,Morning,Saturday,28.2522982607263,96.287092238838,111.016539501644,19.7810838915386,2.94166323508051,Level 2,Commuter,75,53.8107763044553,0.675648920674371,68.0347939781117,0.579096959840228,71.6210409570786,0.229426777225498,2.81776861043662
User_43,BMW i3,85,Station_391,Houston,2024-01-02 18:00:00,2024-01-02 20:53:00,12.0493197062452,1.37388135793179,29.46894435778,32.042098599045,Night,Saturday,36.636852158025,66.9761043236927,83.2452214256388,39.4161309243733,4,Level 1,Commuter,75,47.5223608814813,2.65924544955327,30.3392521656678,0.397152825008663,72.5478832921605,0.120889491659749,6.90870716813106
User_44,Nissan Leaf,48.7964826397352,Station_335,San Francisco,2024-01-02 19:00:00,2024-01-02 19:45:00,77.0536063752363,3.03020268523027,8.38803953813645,6.36462969363799,Afternoon,Friday,15.1441224713028,84.3423268685863,144.013981192622,22.0694708005638,1,DC Fast Charger,Casual Driver,75,63.6419081465229,0.0826000234517703,69.1982043972836,1.11352031525057,73.3773288758577,0.346544805195327,1.86901026398818
User_45,Nissan Leaf,75,Station_44,Los Angeles,2024-01-02 20:00:00,2024-01-02 22:29:00,16.8580550870983,3.29605658914409,5.11461336635483,30.037968888365,Morning,Wednesday,15.2209389650127,132.952010549596,49.3842663642224,32.0145765399424,3.6800528559548,Level 2,Long-Distance Traveler,75,63.5842957762405,1.78181698500639,117.731071584583,0.143191214181608,71.6210409570786,0.0714121618173623,2.92941659693691
User_46,Tesla Model 3,62,Station_27,Los Angeles,2024-01-02 21:00:00,2024-01-02 22:53:00,46.807195944824,3.8779924525819,16.9183319837312,10.608875787752,Evening,Saturday,49.2987655065508,90.9706752269998,210.17109719106,-0.0390790306437483,1,DC Fast Charger,Commuter,75,38.0259258700869,0.226650530406856,41.671909720449,1.1232313627771,73.3773288758577,0.164491615940139,4.49014500759261
User_47,Nissan Leaf,75,Station_282,San Francisco,2024-01-02 22:00:00,2024-01-03 01:06:00,67.4754661400815,2.1051170788532,49.6007996484769,19.0307002127209,Night,Sunday,63.0359418743689,81.7509535035937,97.4539049287794,3.19412464249623,5,Level 1,Commuter,75,27.7230435942233,0.282038810568755,18.7150116292248,3.60541940752597,72.5478832921605,0.441819513483524,1.44428650150355
User_48,Hyundai Kona,62,Station_97,Chicago,2024-01-02 23:00:00,2024-01-02 23:37:00,30.7109340271038,1.63366860797121,6.35266144526304,18.1318317118758,Morning,Wednesday,76.1200533584583,76.6824309058844,18.9345154884508,27.8951767792009,0,Level 2,Commuter,75,17.9099599811563,0.590403134462585,0.56237754742611,54.6091040932585,71.6210409570786,0.26247529489573,0.616539877026865
User_49,Nissan Leaf,85,Station_463,Los Angeles,2024-01-03 00:00:00,2024-01-03 01:57:00,24.6690269930539,1.74343526320067,14.1496661870688,13.1128736659584,Night,Monday,77.8094228183098,87.9481144809319,212.940341808267,-4.44667067032088,1,Level 1,Casual Driver,75,16.6429328862676,0.531552122815814,10.1386916626221,2.43315684251453,72.5478832921605,0.195038994178316,8.63189058361422
User_50,BMW i3,100,Station_36,New York,2024-01-03 01:00:00,2024-01-03 03:40:00,8.71319057594461,2.20954282349725,49.2753455894196,9.64410141390461,Afternoon,Saturday,27.1961960125537,86.8939176402994,170.475054122702,5.37807958403098,6,Level 2,Long-Distance Traveler,75,54.6028529905848,1.10683926052646,59.6977216277458,0.145955161074271,71.6210409570786,0.0550597406146082,19.5651699152948
User_51,BMW i3,85,Station_109,San Francisco,2024-01-03 02:00:00,2024-01-03 02:48:00,9.06588081544948,0.512378182961286,40.1780019914575,24.5018933100789,Morning,Tuesday,13.8738581133815,93.6284230625927,226.219363164709,30.6919838018076,2.6163324827383,DC Fast Charger,Casual Driver,75,64.5946064149639,2.70264895478489,79.7545649492111,0.113672249622611,73.3773288758577,0.241133459986168,24.9528278354598
User_53,BMW i3,50,Station_192,Chicago,2024-01-03 04:00:00,2024-01-03 05:35:00,65.9862491272861,3.31380235771618,46.2784433131594,18.8496104053972,Morning,Wednesday,17.3896671420717,73.4380396237612,234.996661572948,-7.71942591107403,0,Level 2,Long-Distance Traveler,75,61.9577496434462,0.285659673866849,56.0483724816895,1.17730892451593,71.6210409570786,0.278026511762774,3.56129746244017
User_55,Chevy Bolt,100,Station_185,Houston,2024-01-03 06:00:00,2024-01-03 07:55:00,17.7694364094077,3.31407976331696,34.4582419372599,9.79849813795915,Evening,Thursday,27.6974924861965,70.5102672486311,166.311462999468,19.7033591793595,4,DC Fast Charger,Casual Driver,75,54.2268806353526,0.551424249604873,42.8127747624346,0.415049865560202,73.3773288758577,0.0730716305518274,9.35941124792327
User_56,Tesla Model 3,76.876100375993,Station_69,New York,2024-01-03 07:00:00,2024-01-03 09:33:00,50.2689340743654,1.67835841988792,36.3033723483447,38.9419399625693,Evening,Saturday,13.488270686897,82.6952118584771,133.992093643199,3.04282934104162,0,DC Fast Charger,Casual Driver,75,64.8837969848272,0.77467208484987,69.2069411715801,0.726356825245852,73.3773288758577,0.408181264202563,2.66550497062415
User_58,Nissan Leaf,62,Station_130,Houston,2024-01-03 09:00:00,2024-01-03 12:59:00,77.8637267603104,0.917902247267098,47.1540098035079,28.303191116127,Afternoon,Saturday,56.9174217632438,57.4656822503444,129.389411109068,38.466779446022,3,DC Fast Charger,Casual Driver,75,32.3119336775672,0.363496486666421,0.548260487100642,142.019584836537,73.3773288758577,1.15605063062272,1.66174182116109
User_60,Nissan Leaf,100,Station_378,Houston,2024-01-03 11:00:00,2024-01-03 12:15:00,71.280004162354,2.41375493689899,40.6163992301317,6.74472881222646,Evening,Wednesday,26.1565979508552,89.9245885276527,140.465213171151,33.0577308063294,5,Level 2,Casual Driver,75,55.3825515368586,0.0946230137257573,63.7679905767975,1.11780226282197,71.6210409570786,0.412319535992593,1.97061174198607
User_61,Nissan Leaf,62,Station_97,Houston,2024-01-03 12:00:00,2024-01-03 14:22:00,21.8276881773865,2.0821000071264,26.5071232215253,36.0680414961797,Evening,Tuesday,33.2559850917536,51.5011322672344,48.0443871562232,38.6564439572821,7,Level 1,Casual Driver,75,50.0580111811848,1.65239860506832,18.2451471754807,1.19635582916647,72.5478832921605,0.144504512654157,2.20107538488649
User_63,Hyundai Kona,119.5,Station_87,Houston,2024-01-03 14:00:00,2024-01-03 16:50:00,46.1951370011332,0.650507579056002,47.8775235576053,30.8641808578488,Afternoon,Sunday,53.0051853266171,59.9016462731114,25.0272572556942,6.17125670947679,1,Level 2,Commuter,75,35.2461110050372,0.668126189496778,6.89646094649429,6.69838303436138,71.6210409570786,0.991524088702134,0.541772551839824
User_65,Nissan Leaf,50,Station_119,Los Angeles,2024-01-03 16:00:00,2024-01-03 18:42:00,76.933421899722,2.12342020032518,34.1768555027566,34.2283019045474,Night,Friday,27.1746153338806,92.1446336973448,295.893722074589,7.94168809172326,2.59185132751375,DC Fast Charger,Casual Driver,75,54.6190384995896,0.44490809142952,64.9700183634643,1.1841372965193,73.3773288758577,0.49376148089848,3.84610114522488
User_66,BMW i3,62,Station_208,Houston,2024-01-03 17:00:00,2024-01-03 18:46:00,59.2546016641196,1.27962069595796,46.3063795789578,12.2204383035667,Night,Thursday,77.0369739868868,91.8292748714597,167.297572773094,35.271450686257,7,Level 2,Long-Distance Traveler,75,17.2222695098349,0.206236105894988,14.7923008845729,4.00577314688866,71.6210409570786,0.646547145366241,2.82336844860435
User_67,Nissan Leaf,100,Station_334,San Francisco,2024-01-03 18:00:00,2024-01-03 21:04:00,37.0629277785025,1.60909943260295,15.2300625876721,37.8753345765936,Morning,Wednesday,7.52044472697981,67.7978726501249,98.1459810195709,16.483705935042,2,Level 2,Long-Distance Traveler,75,69.3596664547651,1.02191966060928,60.2774279231451,0.614872416682385,71.6210409570786,0.321600127892736,2.64809033992448
User_68,Nissan Leaf,85,Station_413,Los Angeles,2024-01-03 19:00:00,2024-01-03 21:30:00,67.6951617512381,0.857582464834977,32.9750687414217,13.7756192129209,Afternoon,Saturday,22.488399810992,86.7776661141652,81.2845003767588,-7.33264830375076,6,DC Fast Charger,Casual Driver,75,58.133700141756,0.203494885846387,64.2892663031732,1.05297766865161,73.3773288758577,1.07577101742657,1.20074312955271
User_69,BMW i3,75,Station_154,Los Angeles,2024-01-03 20:00:00,2024-01-03 22:37:00,16.4140169325366,1.70297482247466,9.63843781829066,21.6677866438732,Morning,Sunday,36.9502836111098,77.1361649352488,188.471489818313,18.538710818002,7,Level 1,Casual Driver,75,47.2872872916677,1.32007824367004,40.1858813241391,0.408452331806319,72.5478832921605,0.132856223791883,11.4823501518824
User_72,Hyundai Kona,75,Station_67,Houston,2024-01-03 23:00:00,2024-01-04 00:36:00,61.1304758303778,0.947277208902377,23.2818049604831,37.1489817284716,Evening,Saturday,34.8990437491788,92.355661174546,58.8553155178703,7.66264970899533,1,DC Fast Charger,Long-Distance Traveler,75,48.8257171881159,0.607699862038551,57.4566174253672,1.06394143215588,73.3773288758577,0.879465463691702,0.962781897546151
User_73,Hyundai Kona,85,Station_343,Chicago,2024-01-04 00:00:00,2024-01-04 02:24:00,22.8820384215113,1.56947071357501,29.9892225021945,10.709582024362,Evening,Thursday,15.6744854696807,96.5977024176758,98.474027092787,19.2131644867677,3,DC Fast Charger,Commuter,75,63.2441358977394,0.468034439374684,80.923216947995,0.282762342928313,73.3773288758577,0.198691640747337,4.30355133921164
User_74,Nissan Leaf,59.8327265122427,Station_413,Los Angeles,2024-01-04 01:00:00,2024-01-04 02:32:00,12.8948871860319,0.581504778049037,40.884098898229,15.1973341653536,Night,Friday,31.5491822038839,97.4625409817399,183.171281149343,28.6376043229146,2,Level 1,Long-Distance Traveler,75,51.3381133470871,1.17855503085097,65.913358777856,0.195633896149805,72.5478832921605,0.305660636920877,14.2049541424263
User_75,Hyundai Kona,85,Station_34,Houston,2024-01-04 02:00:00,2024-01-04 04:22:00,69.1691670556673,2.28524216132748,5.55735850932809,20.7664644080264,Afternoon,Wednesday,41.0890448714433,74.3995185287781,276.574819155862,20.0143244662842,4,Level 1,Casual Driver,75,44.1832163464176,0.300227186360558,33.3104736573348,2.07649905453796,72.5478832921605,0.417210828951025,3.99852753660131
User_76,Nissan Leaf,50,Station_97,Los Angeles,2024-01-04 03:00:00,2024-01-04 05:03:00,33.6903490337151,3.52069037590582,9.56924507314763,24.7907232332069,Night,Saturday,51.2814034734104,93.1984628324621,171.896153232361,-5.27572797964604,4,Level 1,Commuter,75,36.5389473949422,0.735840498666192,41.9170593590517,0.80373837165273,72.5478832921605,0.131902471015053,5.1022372329933
User_78,BMW i3,75,Station_169,New York,2024-01-04 05:00:00,2024-01-04 08:40:00,31.2188896838294,3.34099759202292,30.025912671564,17.6048953131502,Afternoon,Monday,39.517616762843,71.2717646355254,242.48556290632,39.8314297712311,3,Level 2,Commuter,75,45.3617874278678,0.563918047420793,31.7541478726825,0.983143676504904,71.6210409570786,0.130466995617074,7.76727056477992
User_79,BMW i3,100,Station_151,Houston,2024-01-04 06:00:00,2024-01-04 09:55:00,30.6516998185986,1.02881866661885,28.5223533354953,39.3220543801292,Evening,Friday,38.1213299928581,81.197210839798,12.1495166780781,-4.93274344317887,1,DC Fast Charger,Casual Driver,75,46.4090025053564,1.28286700616419,43.0758808469399,0.711574533496187,73.3773288758577,0.406025986381621,0.396373341445362
User_80,BMW i3,75,Station_71,Houston,2024-01-04 07:00:00,2024-01-04 07:41:00,59.9864767329939,3.72936539983484,23.4179211500365,15.6830165627443,Afternoon,Wednesday,88.0967684637146,96.1305685919979,281.763740323611,15.0606224485353,0,Level 1,Commuter,75,8.92742365221403,0.261442535332605,8.03380012828328,7.46676240074848,72.5478832921605,0.221714283094713,4.69712101242037
User_81,Hyundai Kona,48.0506947257829,Station_3,Los Angeles,2024-01-04 08:00:00,2024-01-04 11:05:00,51.6737477936414,0.691755364237198,46.5956784148208,18.0118117789312,Afternoon,Saturday,55.0721740778422,62.9357801094169,222.274666689346,2.55424380305173,7,Level 2,Casual Driver,75,33.6958694416183,0.348567939195377,7.86360603157473,6.57125339013118,71.6210409570786,1.04298196017381,4.30150078482788
User_83,Hyundai Kona,85,Station_32,Chicago,2024-01-04 10:00:00,2024-01-04 13:20:00,41.6078335326033,0.807068745419446,51.5542619742747,29.5329328656213,Afternoon,Tuesday,54.9976490822942,97.2616162434792,94.645250164602,17.7373877896039,3,Level 1,Commuter,75,33.7517631882794,0.709792612549263,42.263967161185,0.984475342173173,72.5478832921605,0.710623930496475,2.27469786645919
User_84,Hyundai Kona,62,Station_287,San Francisco,2024-01-04 11:00:00,2024-01-04 13:54:00,32.8329568324654,3.40863834487495,44.4923661396621,39.6748233846668,Night,Wednesday,26.6547220480499,63.7106269185339,279.89827204754,5.803389498206,1,Level 2,Casual Driver,75,55.0089584639626,1.20838411194925,37.0559048704839,0.886038458572841,71.6210409570786,0.134489519394426,8.52491822395889
User_85,Tesla Model 3,50,Station_82,Houston,2024-01-04 12:00:00,2024-01-04 13:09:00,57.924450040546,1.26111729256986,12.5381619068754,19.8173229083924,Morning,Friday,49.8720340529615,54.2614330212469,64.1354548367649,1.82544968719761,1,Level 1,Casual Driver,75,37.5959744602789,0.342123626456888,4.38939896828539,13.196442259878,72.5478832921605,0.633113672661746,1.10722596057229
User_86,Tesla Model 3,100,Station_43,Chicago,2024-01-04 13:00:00,2024-01-04 16:26:00,21.6561641156742,1.89442688757411,32.9545108151997,18.0255099868342,Afternoon,Wednesday,78.4346282642462,97.7254403635819,170.557725371422,10.4015114334722,3,Level 1,Casual Driver,75,16.1740288018153,0.832350082431621,19.2908120993357,1.12261547124914,72.5478832921605,0.157571960772639,7.87571263592228
User_87,Tesla Model 3,62,Station_391,San Francisco,2024-01-04 14:00:00,2024-01-04 15:54:00,41.0105817454711,3.3669557754635,45.3201095976954,18.0665217348761,Afternoon,Wednesday,73.6228368390412,83.0542733584494,103.788306140312,-4.57224934401691,3,Level 2,Commuter,75,19.7828723707191,0.440533173779501,9.43143651940819,4.34828582698709,71.6210409570786,0.170066153473639,2.53076893140569
User_90,Chevy Bolt,75,Station_61,San Francisco,2024-01-04 17:00:00,2024-01-04 18:53:00,27.8431524716426,2.54313966074075,17.0046438469785,12.2783319174234,Night,Tuesday,47.992183346477,85.8651868852522,79.354979042724,7.51686165340664,7,Level 2,Casual Driver,75,39.0058624901422,0.440982102508991,37.8730035387752,0.73517149077274,71.6210409570786,0.152864825871533,2.85007163335921
User_91,Chevy Bolt,50,Station_270,San Francisco,2024-01-04 18:00:00,2024-01-04 21:41:00,28.4407739177542,1.07965865457571,42.425126833184,13.7798041755468,Night,Friday,13.6672408035044,96.3460346157945,398.364774743651,27.8131355493807,0,Level 2,Long-Distance Traveler,75,64.7495693973717,0.48450876250399,82.6787938122901,0.343991156696416,71.6210409570786,0.367802189947604,14.0068190793842
User_92,Tesla Model 3,62,Station_180,New York,2024-01-04 19:00:00,2024-01-04 22:52:00,68.5730247131941,2.9303906461797,5.45469270185456,15.8894144792133,Evening,Saturday,50.3166910147743,93.8934503455256,191.455994486243,37.8997910528114,4,Level 1,Commuter,75,37.2624817389193,0.231715234170734,43.5767593307514,1.57361460022116,72.5478832921605,0.322554452545885,2.79200159664832
User_94,Chevy Bolt,75,Station_6,Los Angeles,2024-01-04 21:00:00,2024-01-04 23:30:00,71.6156894910612,3.51501200635896,31.2718445269769,21.2635605093131,Morning,Friday,51.794505044,64.5543632497115,16.6814458229618,-1.7198500093383,3,Level 2,Casual Driver,75,36.154121217,0.296912040649517,12.7598582057115,5.61257721962809,71.6210409570786,0.284472792412413,0.232930045657717
User_95,Tesla Model 3,85,Station_103,San Francisco,2024-01-04 22:00:00,2024-01-05 01:51:00,7.93090145014664,2.34239578552846,44.1221299880605,33.8184301126421,Evening,Tuesday,42.739071763797,72.9660231009901,55.6775050510087,16.8083582679058,7,DC Fast Charger,Casual Driver,75,42.9456961771523,4.26413445246086,30.2269513371931,0.262378476799543,73.3773288758577,0.0461424209727507,7.02032491526915
User_96,Chevy Bolt,27.5,Station_10,Chicago,2024-01-04 23:00:00,2024-01-05 00:43:00,44.8434612430118,1.38249791232628,32.4365489764503,38.0580223150873,Night,Tuesday,48.3273536839383,85.0674221187275,152.259866990807,23.3984683587215,5,Level 1,Casual Driver,75,38.7544847370463,0.848686101834258,36.7400684347892,1.22056009020793,72.5478832921605,0.447105380674221,3.39536384503626
User_97,Hyundai Kona,75,Station_71,San Francisco,2024-01-05 00:00:00,2024-01-05 02:16:00,55.7292033541183,3.82901180991895,21.72306732352,38.0937175090925,Morning,Tuesday,63.4049681428937,68.3478556376227,74.052192730872,34.6634557708849,0,Level 2,Casual Driver,75,27.4462738928297,0.683550368861993,4.94288749472901,11.2746250877744,71.6210409570786,0.203214877686276,1.32878613498787
User_98,Nissan Leaf,85,Station_90,Los Angeles,2024-01-05 01:00:00,2024-01-05 03:33:00,31.0465749614506,0.690281624540643,28.0048591521789,6.25454533135963,Night,Saturday,47.1578609567738,66.1934883951906,152.259866990807,15.6273959208882,7,DC Fast Charger,Casual Driver,75,39.6316042824197,0.201456854391367,19.0356274384168,1.63097197935246,73.3773288758577,0.61295061520694,4.904240393018
User_100,Tesla Model 3,100,Station_158,New York,2024-01-05 03:00:00,2024-01-05 05:09:00,50.9034823551027,3.62131710129786,14.0566210942586,28.3388870333903,Night,Sunday,54.4492044566742,60.557818877034,10.4419292261661,30.0448828833209,7,DC Fast Charger,Commuter,75,34.1630966574943,0.556718042111504,6.10861442035979,8.33306521777562,73.3773288758577,0.191566268622834,0.205131923064186
User_101,BMW i3,77.29894528856,Station_228,San Francisco,2024-01-05 04:00:00,2024-01-05 07:53:00,71.4776485321656,0.65258222627408,73.3773288758577,11.3637756460214,Morning,Sunday,27.5750100343585,53.788025246063,197.645675922734,28.9767709296647,3,DC Fast Charger,Casual Driver,75,54.3187424742311,0.158983624662857,26.2130152117044,2.72679994860911,73.3773288758577,1.49270200867807,2.76513959232713
User_102,Tesla Model 3,100,Station_405,San Francisco,2024-01-05 05:00:00,2024-01-05 06:12:00,74.1536601595331,4.12306439558473,31.2774294856656,26.0001563978248,Morning,Wednesday,12.9569880176448,52.9899670963049,91.3848409502903,35.7931536167498,0,DC Fast Charger,Long-Distance Traveler,75,65.2822589867664,0.350625395184654,40.0329790786601,1.85231431350212,73.3773288758577,0.245104100100588,1.23237127814981
User_106,Hyundai Kona,62,Station_97,San Francisco,2024-01-05 09:00:00,2024-01-05 12:35:00,41.2641550523729,3.60445474333162,29.0816909277799,29.0162691453735,Night,Sunday,64.4193667613545,73.2371892149733,268.515277752579,19.6365315666609,6,DC Fast Charger,Long-Distance Traveler,75,26.6854749289842,0.703183407210103,8.8178224536188,4.67963097118589,73.3773288758577,0.156016841459135,6.50722830533611
User_108,BMW i3,119.5,Station_115,San Francisco,2024-01-05 11:00:00,2024-01-05 13:43:00,65.8931836219929,3.14625063577617,24.8321322375096,11.0376731444713,Evening,Tuesday,27.381195975244,64.7014935277321,74.9233110639233,13.4196295585525,6,Level 1,Long-Distance Traveler,75,54.464103018567,0.167508572780315,37.3202975524881,1.76561249355848,72.5478832921605,0.288683810360053,1.13704190548348
User_109,Chevy Bolt,50,Station_191,San Francisco,2024-01-05 12:00:00,2024-01-05 13:34:00,13.2629090190225,3.06901522709862,47.6704706405084,32.9093054119379,Afternoon,Thursday,24.9989496377763,90.0200010641914,220.67385570705,31.8733344711171,3,DC Fast Charger,Commuter,75,56.2507877716678,2.48130371434633,65.0210514264151,0.203978691947672,73.3773288758577,0.0588949217335567,16.6384203790093
User_113,Hyundai Kona,100,Station_448,Houston,2024-01-05 16:00:00,2024-01-05 18:14:00,36.1372689953078,2.44934645451257,36.3770757935734,7.870917869946,Night,Sunday,48.6121934650301,95.8311993565734,48.1169806912683,32.3073382897498,1,DC Fast Charger,Casual Driver,75,38.5408549012274,0.217806106791523,47.2190058915433,0.765311939821669,73.3773288758577,0.201068117001249,1.33150572882295
User_114,Chevy Bolt,85,Station_204,Los Angeles,2024-01-05 17:00:00,2024-01-05 18:57:00,29.1695295364614,1.83740202578332,28.5045645414189,9.16414808014515,Evening,Saturday,64.0683790101716,83.7885426086976,241.998170661583,42.7396610525884,5,DC Fast Charger,Long-Distance Traveler,75,26.9487157423713,0.314168525367889,19.720163598526,1.47917279644889,73.3773288758577,0.216353206186871,8.29626581255245
User_116,Hyundai Kona,100,Station_208,New York,2024-01-05 19:00:00,2024-01-05 21:34:00,26.8691096120868,2.46368493833358,12.0518366282411,17.5415952916141,Morning,Monday,28.1798472947164,54.5624013449501,289.568237726655,7.7913793521672,3,Level 1,Long-Distance Traveler,75,53.8651145289627,0.65285361312171,26.3825540502338,1.01844232218483,72.5478832921605,0.150329205046145,10.7769941731302
User_117,Nissan Leaf,85,Station_41,Los Angeles,2024-01-05 20:00:00,2024-01-05 21:48:00,17.9334791730394,2.78220956598119,25.5841684158199,25.4974424423446,Morning,Saturday,29.9513219511864,76.8758868472746,104.397866713942,38.3635811172088,7,DC Fast Charger,Commuter,75,52.5365085366102,1.42177890839367,46.9245648960882,0.382176781239253,73.3773288758577,0.0878441439574118,5.82139504033831
User_118,Chevy Bolt,50,Station_32,Los Angeles,2024-01-05 21:00:00,2024-01-05 22:59:00,60.4716263489746,3.18825895033717,18.9669745434509,15.8857051525559,Afternoon,Saturday,74.5395794777802,79.3651156631053,84.3756303898031,32.8361785835511,2,Level 1,Casual Driver,75,19.0953153916649,0.26269684001686,4.82553618532513,12.5315869628901,72.5478832921605,0.261440771015582,1.39529289162625
User_119,Tesla Model 3,50,Station_15,Chicago,2024-01-05 22:00:00,2024-01-06 01:49:00,17.7047374723684,3.46257154083416,19.713679937801,19.9151242898176,Afternoon,Tuesday,47.8062347910028,79.3715143442941,258.645670656651,-9.34537521505764,7,DC Fast Charger,Commuter,75,39.1453239067479,1.12484719532831,31.5652795532913,0.560892782288771,73.3773288758577,0.069683320616058,14.6088396430795
User_120,Nissan Leaf,63.0963166534235,Station_62,Houston,2024-01-05 23:00:00,2024-01-06 00:20:00,47.7140959011525,1.17683930824589,40.5442744534695,15.3525265321544,Night,Wednesday,49.5376026236065,57.9374596635694,214.467479369233,34.2780811866833,1,DC Fast Charger,Casual Driver,75,37.8467980322952,0.321760818102049,8.39985703996298,5.68034618614923,73.3773288758577,0.552544976419947,4.49484529296201
User_121,Nissan Leaf,85,Station_155,Los Angeles,2024-01-06 00:00:00,2024-01-06 03:25:00,71.1852646207352,1.42565255137949,10.2997997239617,5.13866419948151,Morning,Friday,36.8840837000474,73.9677783800122,276.222492497984,-4.80891973718991,6,Level 1,Commuter,75,47.3369372249645,0.0721871896783635,37.0836946799648,1.91958393668888,72.5478832921605,0.688258624951248,3.88033245320724
User_122,BMW i3,75,Station_284,Los Angeles,2024-01-06 01:00:00,2024-01-06 03:11:00,39.6443903154301,1.92574184070307,13.798289110982,6.96526589085813,Afternoon,Wednesday,20.4174485395059,57.5019882145438,152.259866990807,22.5720115790912,6,Level 2,Casual Driver,75,59.6869135953706,0.17569360596642,37.084539675038,1.06902743468905,71.6210409570786,0.287437249205265,3.8406409022652
User_124,Chevy Bolt,50,Station_320,Chicago,2024-01-06 03:00:00,2024-01-06 05:15:00,7.51594035591184,3.41686959936611,10.6213858903647,34.7608083353469,Night,Sunday,61.762801965367,83.2078014745203,126.591837484997,9.79124268086425,6,Level 1,Casual Driver,75,28.6778985259748,4.62494467615154,21.4449995091534,0.350475193655463,72.5478832921605,0.0303200682494069,16.8431136345332
User_125,Tesla Model 3,75,Station_494,Houston,2024-01-06 04:00:00,2024-01-06 07:42:00,64.4190492850817,3.1900131034329,24.6216511833849,28.9987433058162,Evening,Friday,49.173845241325,62.3418603508332,230.494271757892,25.3204756984033,2,Level 1,Long-Distance Traveler,75,38.1196160690063,0.450157890059577,13.1680151095083,4.89208500668915,72.5478832921605,0.278353764033597,3.57804522599917
User_126,BMW i3,85,Station_187,New York,2024-01-06 05:00:00,2024-01-06 06:29:00,6.18901590301752,1.29185471166487,19.7153504908512,20.86311304375,Afternoon,Friday,34.6002219570744,101.67609865354,275.741904170877,5.72735648967367,1,Level 1,Casual Driver,75,49.0498335321942,3.3709903756392,67.0758766964656,0.092268878288752,72.5478832921605,0.0660363680600088,44.5534328060841
User_129,Hyundai Kona,93.2737806660717,Station_130,Los Angeles,2024-01-06 08:00:00,2024-01-06 11:35:00,15.6605640198438,3.14065016250783,7.70218784923684,32.1366629306224,Afternoon,Wednesday,30.8832266645597,51.4808929108887,202.141551766937,29.5390634402108,2,DC Fast Charger,Long-Distance Traveler,75,51.8375800015802,2.05207570365291,20.597666246329,0.760307688869118,73.3773288758577,0.0679557074466773,12.9076801774699
User_131,Chevy Bolt,100,Station_292,Los Angeles,2024-01-06 10:00:00,2024-01-06 13:15:00,47.5274587625921,3.80489963875978,14.3281755252741,31.0985914708322,Afternoon,Tuesday,59.93299647263,81.1839820440766,139.383726923335,18.979822937317,3,Level 2,Commuter,75,30.0502526455275,0.654328934904244,21.2509855714466,2.23648256702274,71.6210409570786,0.174405733844257,2.93269891873625
User_133,BMW i3,50,Station_199,Houston,2024-01-06 12:00:00,2024-01-06 12:41:00,65.4871959578934,2.06628137990219,37.5772895606393,31.1450205148556,Evening,Thursday,42.8353512271293,83.7093705404328,102.23907267795,17.5227276715664,6,DC Fast Charger,Long-Distance Traveler,75,42.873486579653,0.475589465380088,40.8740193133035,1.60217167428355,73.3773288758577,0.431921710887413,1.56120706013565
User_134,Hyundai Kona,85,Station_13,Houston,2024-01-06 13:00:00,2024-01-06 16:19:00,33.8871970829405,3.62560485330089,18.6042609039723,24.4683203995102,Night,Monday,40.140747466092,63.3476003768596,267.843681644736,-4.16074793299317,2.7782465658684,DC Fast Charger,Long-Distance Traveler,75,44.894439400431,0.722052058174737,23.2068529107676,1.46022371983137,73.3773288758577,0.127377664183227,7.90397863208267
User_135,Chevy Bolt,48.4695985605418,Station_271,Los Angeles,2024-01-06 14:00:00,2024-01-06 15:08:00,47.2900273918825,3.29473086734297,15.4089797594291,46.2702720137259,Morning,Wednesday,28.2050128942949,50.6403666315214,277.493420128255,7.12284704380526,7,DC Fast Charger,Long-Distance Traveler,75,53.8462403292789,0.978436143212477,22.4353537372265,2.10783515810652,73.3773288758577,0.195608499933475,5.86790567551854
User_136,Chevy Bolt,100,Station_89,Chicago,2024-01-06 15:00:00,2024-01-06 18:48:00,48.4875678710818,0.563937935633868,16.7597674264883,7.6004488382577,Morning,Saturday,35.8890374201165,90.8523127201585,103.911650642143,0.534111692518543,7,Level 2,Long-Distance Traveler,75,48.0832219349126,0.156750465572241,54.963275300042,0.882181194741223,71.6210409570786,1.20048976419724,2.14305759609188
User_138,Nissan Leaf,85,Station_444,Houston,2024-01-06 17:00:00,2024-01-06 18:05:00,30.0651389023872,1.26742995557403,35.8711211281127,35.0386344459772,Night,Friday,13.9483234559332,93.5984743637794,122.764759665495,33.0181712964893,1,DC Fast Charger,Long-Distance Traveler,75,64.5387574080501,1.16542400019296,79.6501509078462,0.377464933332921,73.3773288758577,0.32327889201518,4.08329261554643
User_139,Nissan Leaf,85,Station_278,San Francisco,2024-01-06 18:00:00,2024-01-06 19:21:00,74.1064501157246,2.96541940456901,32.2909108314893,25.6631843164207,Evening,Tuesday,33.4397525529226,86.9043998394435,179.588526655744,14.123222458198,4,Level 1,Long-Distance Traveler,75,49.9201855853081,0.346301627946624,53.464647286521,1.38608321342854,72.5478832921605,0.344465030147709,2.42338590467225
User_141,Tesla Model 3,100,Station_474,Houston,2024-01-06 20:00:00,2024-01-06 21:02:00,47.3774393731962,1.29952703599256,48.1603346331429,28.1148549850523,Morning,Monday,23.6367623157303,68.058170113555,152.259866990807,8.51163039714243,4,DC Fast Charger,Casual Driver,75,57.2724282632023,0.593422847604514,44.4214077978247,1.06654520245791,73.3773288758577,0.496848939374297,3.21376311183563
User_142,Hyundai Kona,62,Station_481,San Francisco,2024-01-06 21:00:00,2024-01-06 23:50:00,45.9929613721207,2.84570570269219,30.6035280993276,23.6132803093534,Night,Wednesday,34.8696093773978,77.636593529477,108.660645198219,3.84991400070273,6,Level 2,Commuter,75,48.8477929669516,0.513410739489084,42.7669841520791,1.07543148725592,71.6210409570786,0.225663209476187,2.36254944140398
User_143,BMW i3,75,Station_203,Chicago,2024-01-06 22:00:00,2024-01-07 00:55:00,48.2878719967997,2.07355309689122,34.3880424370164,30.2367588060547,Night,Wednesday,61.8669056122019,92.6881502062427,208.754577701033,-8.03630942929834,6,Level 1,Commuter,75,28.5998207908486,0.626177082478571,30.8212445940408,1.56670740045767,72.5478832921605,0.320994920792663,4.32312647189896
User_144,BMW i3,50,Station_74,Houston,2024-01-06 23:00:00,2024-01-07 02:18:00,78.6934192244154,2.85606256473092,36.5625563685044,7.63960131111201,Evening,Tuesday,38.1906207285172,82.4344892274944,17.2415972035079,12.7379245541708,7,Level 1,Long-Distance Traveler,75,46.3570344536121,0.0970805613278239,44.2438684989772,1.77862881104609,72.5478832921605,0.379792123152849,0.219098335965538
User_145,BMW i3,93.0948695506978,Station_25,San Francisco,2024-01-07 00:00:00,2024-01-07 01:27:00,68.0300248617005,1.51697229052109,16.3955168011901,18.9698758019895,Morning,Tuesday,50.7002474100918,60.7459906174049,148.086432328313,34.7928212860611,0,Level 2,Casual Driver,75,36.9748144424312,0.278845639709138,10.0457432073131,6.77202507149255,71.6210409570786,0.626155720934266,2.17678051168378
User_146,BMW i3,85,Station_101,Houston,2024-01-07 01:00:00,2024-01-07 04:33:00,40.2483825993346,3.63548989952986,33.73226426434,17.2431150816409,Night,Tuesday,45.0273134018783,77.8028797122368,28.4546819276039,38.9681360094647,6,DC Fast Charger,Commuter,75,41.2295149485913,0.428417590174816,32.7755663103585,1.2279996085564,73.3773288758577,0.150877191766524,0.70697702839056
User_147,BMW i3,100,Station_176,Los Angeles,2024-01-07 02:00:00,2024-01-07 05:01:00,74.2807348449986,1.06134446845285,41.3418012425976,12.8865054215071,Evening,Thursday,66.0051337994561,82.7127230382814,35.479869190701,4.76185546735883,7,Level 2,Casual Driver,75,25.496149650408,0.173483817148516,16.7075892388254,4.44592776271899,71.6210409570786,0.97719042264281,0.47764564075378
User_148,Chevy Bolt,85,Station_427,San Francisco,2024-01-07 03:00:00,2024-01-07 06:50:00,118.447359391606,3.88432987316847,38.8701291903782,20.2619890681254,Afternoon,Monday,20.2183551535391,99.5282437445847,246.410212069029,7.46495213745548,1,DC Fast Charger,Commuter,75,59.8362336348457,0.171063240009733,79.3098885910456,1.49347529666028,73.3773288758577,0.415573054184369,2.08033520827053
User_150,BMW i3,100,Station_166,Los Angeles,2024-01-07 05:00:00,2024-01-07 06:00:00,52.8841302989108,1.27698265756641,35.5259616286941,7.95349418033069,Night,Sunday,30.5953596097946,76.0282698070682,186.814068580871,19.1892809235246,0,Level 1,Commuter,75,52.0534802926541,0.150394724000869,45.4329101972737,1.16400490457871,72.5478832921605,0.57084160911422,3.5325166080063
User_151,Tesla Model 3,50,Station_41,San Francisco,2024-01-07 06:00:00,2024-01-07 07:24:00,34.9698883715651,2.49660270350751,19.6515444967108,16.5280021375555,Night,Monday,36.7326180677705,69.4076144044486,249.059837599052,9.59849118705497,4,Level 2,Commuter,75,47.4505364491721,0.472635255850426,32.6749963366781,1.07023388805436,71.6210409570786,0.195570875824348,7.12212275180062
User_152,Tesla Model 3,85,Station_429,New York,2024-01-07 07:00:00,2024-01-07 07:39:00,55.9175631672656,2.55321659540556,6.63880714256602,25.5718724806959,Night,Saturday,46.8696164187051,67.9593776708283,179.093573483909,15.1693148409199,6,DC Fast Charger,Commuter,75,39.8477876859711,0.457313785370136,21.0897612521231,2.65140806947904,73.3773288758577,0.298468621767949,3.20281434561425
User_153,Tesla Model 3,62,Station_344,San Francisco,2024-01-07 08:00:00,2024-01-07 11:37:00,76.5980120537174,3.32083538932119,31.5972048305151,19.3411410400085,Morning,Friday,69.31359126904,92.6913603916378,290.988476986987,31.2488926300015,3,DC Fast Charger,Casual Driver,75,23.01480654822,0.252501866842768,23.3777691225978,3.27653214693077,73.3773288758577,0.314346226781052,3.79890377289322
User_154,Tesla Model 3,100,Station_424,New York,2024-01-07 09:00:00,2024-01-07 11:39:00,20.2559751648736,1.35170359221543,3.02348528248031,31.8860839339344,Evening,Friday,79.6498850729051,88.2370195702058,32.0080370919661,36.5450639791156,0,Level 1,Casual Driver,75,15.2625861953212,1.57415694255139,8.5871344973007,2.35887479941545,72.5478832921605,0.206560341168942,1.58017754422764
User_157,BMW i3,85,Station_97,San Francisco,2024-01-07 12:00:00,2024-01-07 13:12:00,27.0614667547838,2.71910637411762,9.95233839042638,11.7544937075778,Morning,Friday,20.1554025271154,87.843987624034,81.3871134092994,37.8425210608652,3,Level 1,Casual Driver,75,59.8834481046634,0.434362771762911,67.6885850969185,0.399793653775395,72.5478832921605,0.137183029177391,3.00749084100965
User_158,Hyundai Kona,50.8706170770115,Station_145,Houston,2024-01-07 13:00:00,2024-01-07 16:08:00,23.5712815381039,0.841961238853762,49.7837190338657,21.996408047307,Night,Friday,51.0715257268038,79.0024329668187,267.347392624288,-3.08961768191958,3,DC Fast Charger,Casual Driver,75,36.6963557048972,0.933186768472853,27.9309072400149,0.843913924297267,73.3773288758577,0.38153044442334,11.3420813455607
User_159,Tesla Model 3,62,Station_216,Chicago,2024-01-07 14:00:00,2024-01-07 17:47:00,43.3182582549796,1.99254278352351,21.7401897781978,8.61034312682984,Evening,Friday,45.1928355129772,52.9361467187166,56.9041736224382,38.5866480011926,3,DC Fast Charger,Long-Distance Traveler,75,41.1053733652671,0.198769375170804,7.74331120573942,5.59428093537964,73.3773288758577,0.296279383717804,1.313630231564
User_160,Chevy Bolt,100,Station_229,Los Angeles,2024-01-07 15:00:00,2024-01-07 16:36:00,41.0891113606327,5.22035937522444,7.85418222630674,37.3705959031956,Afternoon,Wednesday,10.7143950701466,64.1598002903775,35.4390247539194,-2.56080082350316,6.644424525023,Level 2,Long-Distance Traveler,75,66.96420369739,0.909501195467572,53.4454052202309,0.76880531060281,71.6210409570786,0.109896970023114,0.862491876324037
User_161,Chevy Bolt,58.0121306964466,Station_313,Los Angeles,2024-01-07 16:00:00,2024-01-07 17:25:00,48.9984745831194,3.7364814721595,2.5609434336711,15.9295347047486,Night,Saturday,15.6005154328355,98.0022420584144,85.0972668232422,15.5637103327849,6,Level 2,Long-Distance Traveler,75,63.2996134253734,0.325102665751896,82.4017266255789,0.594629221857948,71.6210409570786,0.183096101712877,1.73673298091936
User_162,Tesla Model 3,85,Station_130,New York,2024-01-07 17:00:00,2024-01-07 18:32:00,10.2776080929522,2.36161835180685,45.6866917956488,7.05367942992249,Morning,Wednesday,27.8400144830782,52.205507974731,39.2759402570491,35.0940587652555,1.80348824163385,Level 2,Long-Distance Traveler,75,54.1199891376913,0.686315275512354,24.3654934916527,0.421809970582913,71.6210409570786,0.0607633499855378,3.82150592840589
User_163,Hyundai Kona,85,Station_352,Houston,2024-01-07 18:00:00,2024-01-07 21:52:00,45.5739676646063,3.26585566565402,11.0898269964238,34.0291524234427,Evening,Monday,45.7060601953761,87.2324120477788,217.58992772593,-9.09046835864223,1,Level 2,Commuter,75,40.7204548534679,0.746679610471364,41.5263518524026,1.09747101856166,71.6210409570786,0.194840494800445,4.7744345922928
User_164,Tesla Model 3,62,Station_377,New York,2024-01-07 19:00:00,2024-01-07 19:44:00,69.1055463943984,3.27519365975827,22.9862155378339,9.35743545742402,Afternoon,Monday,58.5847232758514,62.9625820350844,101.375071737943,1.49666517758014,1,Level 2,Long-Distance Traveler,75,31.0614575431114,0.13540787889903,4.37785875923292,15.7852389021584,71.6210409570786,0.294601729220096,1.46695999130629
User_166,Nissan Leaf,85,Station_472,Los Angeles,2024-01-07 21:00:00,2024-01-07 23:25:00,14.4956870271747,2.54612925844305,21.244914934823,30.874467284812,Night,Wednesday,30.7579703172775,56.5113973179268,119.356632969274,-5.59879854048866,0.674947022789475,Level 2,Commuter,75,51.9315222620419,2.12990713906366,25.7534270006493,0.562864391865566,71.6210409570786,0.0794909573192946,8.23394108506336
User_167,BMW i3,75,Station_137,Houston,2024-01-07 22:00:00,2024-01-08 00:01:00,54.6408791033518,3.24966213906525,19.7094884925111,18.8438606726399,Morning,Monday,27.0170635961437,85.5367589344029,130.551962950616,12.6295012769775,5,Level 1,Commuter,75,54.7372023028922,0.344867450558348,58.5196953382592,0.933717764378526,72.5478832921605,0.231768666335583,2.38927274035398
User_168,Chevy Bolt,75,Station_324,Chicago,2024-01-07 23:00:00,2024-01-08 01:47:00,67.8911905268595,3.00729169289915,9.68468697592609,11.330276932322,Afternoon,Wednesday,64.3143015728301,77.5826161909618,32.8926807644752,16.3176754705077,6,Level 2,Casual Driver,75,26.7642738203775,0.166888764866178,13.2683146181317,5.11679082692863,71.6210409570786,0.315208006950134,0.484491146925196
User_169,Tesla Model 3,100,Station_337,Chicago,2024-01-08 00:00:00,2024-01-08 03:15:00,22.7425943908325,1.03056372765676,29.6359806527369,8.22905361534547,Evening,Thursday,76.22513954753,85.7785805101234,280.977927518495,-2.9104479285475,4,DC Fast Charger,Casual Driver,75,17.8311453393525,0.361834427239426,9.5534409625934,2.38056575425351,73.3773288758577,0.300748351086169,12.3546998504162
User_170,BMW i3,85,Station_273,Houston,2024-01-08 01:00:00,2024-01-08 02:16:00,56.0178315382837,1.04097402327459,37.8530784761494,14.5770987457508,Evening,Monday,18.0372969206801,61.9312974356303,14.7236492686687,11.4927561765464,7,Level 1,Long-Distance Traveler,75,61.47202730949,0.26022247462022,43.8940005149502,1.27620701875201,72.5478832921605,0.74175700321928,0.262838615211414
User_171,Tesla Model 3,85,Station_117,Houston,2024-01-08 02:00:00,2024-01-08 03:26:00,118.447359391606,0.984549220629391,9.28649770038391,20.3424478732111,Night,Monday,27.6454458909554,90.2999227278354,103.957825135026,18.4053331545481,1,Level 2,Casual Driver,75,54.2659155817834,0.171742519020249,62.65447683688,1.89048517155417,71.6210409570786,1.67976033418531,0.877671107815285
User_172,Tesla Model 3,100,Station_306,New York,2024-01-08 03:00:00,2024-01-08 04:19:00,13.8771670888474,0.521291588202357,9.91341902401221,26.9138175801788,Night,Monday,40.7993558188687,71.3790368486524,136.278612620434,24.7596222407795,5,Level 2,Commuter,75,44.4004831358485,1.93943168716391,30.5796810297837,0.453803526443962,71.6210409570786,0.371688797249558,9.82034818402934
User_173,Nissan Leaf,75,Station_368,Houston,2024-01-08 04:00:00,2024-01-08 05:40:00,113.245200269863,3.47382182172567,32.5995995423872,37.2067409918474,Night,Monday,68.7931905727653,75.6688991641991,62.4128514298609,27.9014133647709,7,DC Fast Charger,Casual Driver,75,23.405107070426,0.328550268825379,6.87570859143372,16.4703315685822,73.3773288758577,0.444273456690422,0.551130213740903
User_174,BMW i3,100,Station_94,Chicago,2024-01-08 05:00:00,2024-01-08 07:52:00,47.8243678494484,2.04687438131369,6.08277848682453,35.9894182471431,Night,Tuesday,61.5780469072716,97.9618952341701,90.1143402245129,7.16686810074699,2,Level 1,Casual Driver,75,28.8164648195463,0.752533067670401,36.3838483268984,1.31443951227369,72.5478832921605,0.322057414512492,1.8842766622278
User_175,BMW i3,50,Station_168,Houston,2024-01-08 06:00:00,2024-01-08 08:55:00,71.1427463572595,1.72513615485084,14.8299109820378,37.0163278611033,Afternoon,Saturday,73.1601740892314,75.754846630148,150.270022062271,17.4248670552611,5,DC Fast Charger,Long-Distance Traveler,75,20.1298694330764,0.520310639614858,2.59467254091653,27.4187764488112,73.3773288758577,0.562011692589851,2.11223251500098
User_176,Nissan Leaf,85,Station_442,New York,2024-01-08 07:00:00,2024-01-08 08:51:00,6.08863208957066,3.28494661435021,4.86831209228205,9.19413563472324,Night,Saturday,14.4533114243463,61.7903324215391,54.8160210709565,6.17055662136831,2,DC Fast Charger,Commuter,75,64.1600164317403,1.51004946586805,47.3370209971928,0.128623051499834,73.3773288758577,0.0252597773402339,9.00301090040437
User_178,Tesla Model 3,95.6977808689946,Station_341,New York,2024-01-08 09:00:00,2024-01-08 11:14:00,78.8331465187526,2.92158366164312,8.42464463212717,23.3047296916664,Afternoon,Wednesday,12.4822753934426,78.6085938643828,118.695083110785,4.76080978464174,0,DC Fast Charger,Casual Driver,75,65.6382934549181,0.29562095033366,66.1263184709403,1.19215991970575,73.3773288758577,0.367729639302465,1.5056494425546
User_179,Hyundai Kona,100,Station_149,New York,2024-01-08 10:00:00,2024-01-08 11:57:00,63.236516098675,0.835845142313065,5.25579999132563,39.6953532415139,Afternoon,Wednesday,31.1091900831936,50.1635462665625,132.959622523815,30.7908150382559,2,Level 1,Casual Driver,75,51.6681074376048,0.62772833942295,19.0543561833689,3.31874325692879,72.5478832921605,1.04283924553684,2.10257665549353
User_180,Tesla Model 3,50,Station_402,San Francisco,2024-01-08 11:00:00,2024-01-08 11:31:00,50.1613808784177,3.98441826350888,29.0872805504518,8.85476100282171,Night,Thursday,62.1332796550046,95.3961268708461,42.3760557461259,18.4599776069486,7,DC Fast Charger,Casual Driver,75,28.4000402587466,0.176525463369601,33.2628472158415,1.5080302823424,73.3773288758577,0.171570518273509,0.844794441541352
User_182,Chevy Bolt,50,Station_413,Los Angeles,2024-01-08 13:00:00,2024-01-08 14:53:00,61.0003223589978,3.0265248396325,5.72046526014544,20.41637758425,Morning,Tuesday,44.9452469256511,66.1958200631085,232.321038941745,27.5447910848083,6,Level 2,Casual Driver,75,41.2910648057617,0.334692945786351,21.2505731374574,2.87052598367219,71.6210409570786,0.281415010396928,3.80852149558315
User_183,Tesla Model 3,62,Station_152,Houston,2024-01-08 14:00:00,2024-01-08 15:12:00,47.3146093849059,0.968976969124378,10.1633729501661,25.9244773498242,Afternoon,Sunday,40.4879879674104,98.82353364241,260.661391847585,23.7279835444376,5,Level 1,Casual Driver,75,44.6340090244422,0.547916968708919,58.3355456749996,0.811076828671599,72.5478832921605,0.673065079302715,5.50911008748052
User_186,BMW i3,50,Station_401,San Francisco,2024-01-08 17:00:00,2024-01-08 20:15:00,10.6401521572102,3.08060345834584,19.1671609834152,6.49943583908815,Morning,Monday,66.5760698359226,69.1576577989035,81.3072735238919,20.6235140728105,6,Level 2,Long-Distance Traveler,75,25.0679476230581,0.610840497678774,2.58158796298093,4.12155321057668,71.6210409570786,0.0482249083605968,7.64155176754638
User_188,Tesla Model 3,85,Station_42,Chicago,2024-01-08 19:00:00,2024-01-08 20:11:00,36.1579262194746,3.10182707741466,46.3280989743582,37.2064191054668,Evening,Monday,12.6663035981005,86.8832776362447,87.1242982103596,28.7300373194392,2,Level 2,Casual Driver,75,65.5002723014246,1.02899759459732,74.2169740381442,0.487192137487188,71.6210409570786,0.162759108566773,2.40954908977702
User_189,Tesla Model 3,50,Station_496,Houston,2024-01-08 20:00:00,2024-01-08 22:42:00,63.6265323324798,2.04002211509773,9.9867719230199,35.0287201199652,Afternoon,Sunday,41.0060800320572,71.2533165075531,152.259866990807,5.0986068870923,1,Level 1,Commuter,75,44.2454399759571,0.550536369590644,30.2472364754959,2.10354861291297,72.5478832921605,0.429911075348751,2.39302475569743
User_190,Chevy Bolt,50,Station_212,Houston,2024-01-08 21:00:00,2024-01-08 23:48:00,8.34959122841741,2.312675062241,47.4821894890003,19.752868603171,Morning,Sunday,43.3220519071648,62.9706875542887,311.630408063482,3.0496907704114,5,Level 1,Long-Distance Traveler,75,42.5084610696264,2.36572881986643,19.648635647124,0.42494508923522,72.5478832921605,0.0497652111574489,37.32283408113
User_193,BMW i3,85,Station_82,Chicago,2024-01-09 00:00:00,2024-01-09 02:29:00,55.9794347001319,1.10686248294465,13.7992722134366,31.5298627084863,Evening,Monday,2.32595899473868,71.0390217903835,67.8747482837812,11.4425804708418,5,Level 1,Casual Driver,75,73.255530753946,0.563240105538472,68.7130627956448,0.81468402691664,72.5478832921605,0.697124097905761,1.21249434988706
User_194,Nissan Leaf,62,Station_17,New York,2024-01-09 01:00:00,2024-01-09 01:30:00,38.5077375851189,0.97647754122679,15.8099215639516,38.1885299655929,Morning,Wednesday,37.9132956141147,57.5367741740392,252.973429569568,21.3843217223057,3,DC Fast Charger,Commuter,75,46.565028289414,0.991710558979985,19.6234785599245,1.9623298421596,73.3773288758577,0.537432401529449,6.56941813344361
User_195,BMW i3,85,Station_73,San Francisco,2024-01-09 02:00:00,2024-01-09 04:39:00,13.1058120249791,0.569062334839419,14.5544153459388,28.9346522846091,Night,Sunday,12.0443427719504,91.0695392445501,201.562807410779,1.85665782275348,7,DC Fast Charger,Casual Driver,75,65.9667429210372,2.20777256910605,79.0251964725998,0.165843460187072,73.3773288758577,0.313864498431015,15.3796504197228
User_197,Chevy Bolt,50,Station_433,Los Angeles,2024-01-09 04:00:00,2024-01-09 05:30:00,52.509808942683,2.76432358740617,17.1297023797059,43.1565139250958,Evening,Thursday,30.4751166141301,90.9321094269216,152.25751528545,-7.43224921204466,0,Level 1,Commuter,75,52.1436625394024,0.821875279953947,60.4569928127915,0.868548144716402,72.5478832921605,0.26183446572595,2.89960139545825
User_198,Tesla Model 3,85,Station_157,New York,2024-01-09 05:00:00,2024-01-09 07:58:00,12.1280180488715,0.980251841874085,32.0997063584722,31.0718939189458,Morning,Friday,47.7220388361664,62.3598811269949,212.552223868941,-1.20617046060063,3,Level 2,Commuter,75,39.2084708728752,2.56199271750235,14.6378422908285,0.828538647152278,71.6210409570786,0.172747407620278,17.5257179707709
User_199,Hyundai Kona,75,Station_223,New York,2024-01-09 06:00:00,2024-01-09 07:57:00,28.9883517847073,3.2757521166321,8.84937283182192,8.69073019827252,Morning,Tuesday,39.6738928127181,60.7304095865851,195.955581630783,7.18657088538646,3,DC Fast Charger,Casual Driver,75,45.2445803904614,0.29980077042039,21.056516773867,1.37669264560815,73.3773288758577,0.120600912671455,6.75980418224948
User_201,Nissan Leaf,62,Station_338,San Francisco,2024-01-09 08:00:00,2024-01-09 10:36:00,80.7294192848708,2.87719109373298,36.7820978135217,12.9457288943729,Night,Saturday,70.5151496506859,92.974862548274,211.633874458483,4.74118080107269,4,Level 1,Casual Driver,75,22.1136377619856,0.160359494829155,22.4597128975881,3.59441011792898,72.5478832921605,0.386757171576052,2.62152108033489
User_202,Chevy Bolt,85,Station_404,New York,2024-01-09 09:00:00,2024-01-09 11:49:00,53.5866728618327,3.44538463691968,6.92750656825934,7.44137198621187,Afternoon,Monday,58.073254633416,92.2658239799593,101.950479233025,7.37764695380562,6.45561228446938,Level 1,Casual Driver,75,31.445059024938,0.138866094661235,34.1925693465433,1.56720228651814,72.5478832921605,0.214384969852954,1.90253422704359
User_205,BMW i3,100,Station_47,Chicago,2024-01-09 12:00:00,2024-01-09 13:51:00,17.8548734243564,2.50500563066489,48.3846769161871,38.4960536765106,Evening,Tuesday,43.8206336667283,58.4546978475805,268.971758514152,19.2648943970242,2.00764058888005,Level 2,Casual Driver,75,42.1345247499538,2.15605301485906,14.6340641808522,1.22008986729185,71.6210409570786,0.0995193293080853,15.0643329762976
User_206,Chevy Bolt,62,Station_107,New York,2024-01-09 13:00:00,2024-01-09 15:38:00,63.8542561384519,3.88730086360053,37.2288155433696,8.31768400532211,Morning,Sunday,17.5820097113097,74.0496819710476,128.352466097902,28.1667940146491,3.28111664348826,Level 1,Commuter,75,61.8134927165177,0.130260447906359,56.4676722597379,1.13081084420724,72.5478832921605,0.226421127921148,2.01008474391437
User_208,Chevy Bolt,85,Station_265,San Francisco,2024-01-09 15:00:00,2024-01-09 17:35:00,62.2480711409158,3.43208565831217,18.5894722988304,15.5846844639479,Evening,Tuesday,78.6046965090162,99.5215849141979,102.923817471124,20.8086742706573,6,Level 2,Commuter,75,16.0464776182378,0.250364134635878,20.9168884051816,2.97597185274916,71.6210409570786,0.253236994955878,1.65344589132934
User_210,BMW i3,85,Station_79,Los Angeles,2024-01-09 17:00:00,2024-01-09 17:53:00,6.96187567425649,2.42277593005494,22.6727673808653,26.2237044521707,Night,Monday,16.3408134240439,78.7584670878785,86.5648357091198,29.5615484825192,1,Level 2,Casual Driver,75,62.7443899319671,3.76675851152303,62.4176536638346,0.111536965355208,71.6210409570786,0.0401210586657165,12.434125479893
User_211,Chevy Bolt,85,Station_155,Houston,2024-01-09 18:00:00,2024-01-09 18:43:00,75.1861718083359,3.62318464577283,53.1747827992953,14.7353870892647,Evening,Tuesday,17.1600512716405,64.3101870227795,150.047002365481,24.9233683205813,5,Level 1,Casual Driver,75,62.1299615462696,0.195985335266544,47.150135751139,1.59461199020026,72.5478832921605,0.286037359224513,1.99567285787578
User_212,BMW i3,50,Station_271,Los Angeles,2024-01-09 19:00:00,2024-01-09 20:05:00,1.75452023380442,0.797394431012872,8.4307556553295,22.7243957457756,Evening,Wednesday,27.1181068511252,78.9691541895704,65.8893946045108,25.9360821013117,2,Level 1,Casual Driver,75,54.6614198616561,12.9519143227554,51.8510473384452,0.0338377009504208,72.5478832921605,0.0303291638349757,37.5540807880222
User_213,Chevy Bolt,81.6531820510706,Station_476,Los Angeles,2024-01-09 20:00:00,2024-01-09 23:46:00,73.614335444057,3.66531891781347,3.85578292324664,14.1248023647813,Evening,Tuesday,46.8078606363935,86.5953062885482,162.063020221813,33.8607876967703,7,DC Fast Charger,Commuter,75,39.8941045227049,0.191875703007811,39.7874456521547,1.85019003450578,73.3773288758577,0.273708780179214,2.20151440944504
User_214,Nissan Leaf,62,Station_485,Los Angeles,2024-01-09 21:00:00,2024-01-10 00:52:00,6.37787409035783,0.903519409592601,33.8424737466681,27.8022658938477,Morning,Saturday,46.1810210018887,99.0149165993103,169.111978770851,-2.96053409263979,2,DC Fast Charger,Commuter,75,40.3642342485835,4.35917446784966,52.8338955974217,0.120715575072399,73.3773288758577,0.0962003288085818,26.5154150701277
User_215,Chevy Bolt,62,Station_247,Los Angeles,2024-01-09 22:00:00,2024-01-09 22:53:00,51.1618219750039,1.28667450671375,15.0029756082724,39.8165873057449,Evening,Wednesday,44.2716279140527,90.6684743156528,35.4562759044256,31.917598615028,1.88803748253358,DC Fast Charger,Casual Driver,75,41.7962790644605,0.778248032785033,46.3968464016001,1.10270041916555,73.3773288758577,0.541895329199201,0.693022150809023
User_216,Chevy Bolt,75,Station_19,Los Angeles,2024-01-09 23:00:00,2024-01-10 02:37:00,28.2296916313498,1.2186895776867,23.4374101082129,36.3412245215641,Morning,Thursday,61.7877486764563,65.215967376272,91.120578890523,24.3214583632882,7,DC Fast Charger,Commuter,75,28.6591884926578,1.287340471024,3.42821869981567,8.23450721882698,73.3773288758577,0.31568295908726,3.2278276390852
User_217,BMW i3,62,Station_346,Chicago,2024-01-10 00:00:00,2024-01-10 02:04:00,67.9228322505551,3.70457194930204,41.7435587961751,32.176284256677,Night,Wednesday,63.5820676829891,89.9376811408364,157.024551368641,14.3334553875943,5,DC Fast Charger,Long-Distance Traveler,75,27.3134492377582,0.473718235688178,26.3556134578473,2.57716756846468,73.3773288758577,0.249870999849769,2.31180806461965
User_219,Tesla Model 3,85,Station_26,Chicago,2024-01-10 02:00:00,2024-01-10 05:54:00,50.6437365979931,2.22914254950786,29.6336814362506,38.2479912410639,Afternoon,Sunday,31.570698858789,70.648329638232,195.001148365778,6.43436144734073,3,Level 1,Long-Distance Traveler,75,51.3219758559083,0.755236359131122,39.077630779443,1.29597766261292,72.5478832921605,0.313157742718763,3.85044946256009
User_221,Nissan Leaf,75,Station_154,New York,2024-01-10 04:00:00,2024-01-10 04:53:00,57.8979981901945,0.605564800273936,15.3808813271165,28.1358240198706,Night,Tuesday,58.6021489740271,77.2317493698164,266.687673299505,15.7251959451667,7,Level 1,Long-Distance Traveler,75,31.0483882694797,0.485955039886605,18.6296003957894,3.10784971014626,72.5478832921605,1.31788701737349,4.60616397173937
User_222,Tesla Model 3,75,Station_154,New York,2024-01-10 05:00:00,2024-01-10 08:54:00,30.9007983444748,0.670877146738795,40.5644039283833,14.4372652227378,Night,Thursday,24.8344993123785,61.2790123622813,13.0138837378205,33.5058602403636,4,Level 1,Casual Driver,75,56.3741255157161,0.467213340632647,36.4445130499028,0.847886163334461,72.5478832921605,0.634895072110902,0.421150405007171
User_223,Chevy Bolt,46.5379114966803,Station_174,New York,2024-01-10 06:00:00,2024-01-10 09:01:00,35.3483771330075,3.13354702256819,5.49714423270421,12.6534638741634,Afternoon,Thursday,41.2093181835415,98.9226574107163,219.153221853796,-8.72042463752484,4,Level 2,Casual Driver,75,44.0930113623439,0.357964492303322,57.7133392271749,0.612481925432645,71.6210409570786,0.157504379754182,6.1998099949306
User_224,BMW i3,75,Station_92,San Francisco,2024-01-10 07:00:00,2024-01-10 10:31:00,11.9259379209074,2.74902970531589,49.4227369815437,25.9858481791055,Afternoon,Wednesday,29.3330248299665,88.4323917824992,192.175023926436,-3.35737439799838,0,Level 1,Casual Driver,75,53.0002313775251,2.17893538868332,59.0993669525327,0.201794681328585,72.5478832921605,0.0597982350477437,16.1140385939401
User_226,Tesla Model 3,50,Station_338,Houston,2024-01-10 09:00:00,2024-01-10 12:43:00,44.1594870074133,3.97685139210034,23.7524353189912,5.55020036062074,Morning,Thursday,81.4521455082073,89.2935832033295,33.564940228733,-5.33277377614693,7,Level 1,Long-Distance Traveler,75,13.9108908688445,0.125685345024253,7.84143769512218,5.63155491688507,72.5478832921605,0.153059366497135,0.760084468895626
User_227,Nissan Leaf,100,Station_480,Chicago,2024-01-10 10:00:00,2024-01-10 11:49:00,65.2447550470346,0.878651682080136,46.9698183011484,24.7528510521466,Evening,Saturday,27.080909449682,55.7476111236833,95.656561543192,20.4270719507506,4,Level 2,Commuter,75,54.6893179127385,0.37938453496074,28.6667016740013,2.27597704783062,71.6210409570786,1.03678386852867,1.46611879336866
User_228,Nissan Leaf,50,Station_181,Houston,2024-01-10 11:00:00,2024-01-10 14:15:00,20.4647809441402,3.64700850955756,18.5994906123761,7.67418315495566,Morning,Wednesday,18.1341517144794,56.1148133179765,62.9299560553205,25.4280882142991,7,Level 1,Casual Driver,75,61.3993862141405,0.374994639615386,37.9806616034972,0.538821075782835,72.5478832921605,0.0773473747654831,3.07503687564951
User_229,Chevy Bolt,27.5,Station_131,New York,2024-01-10 12:00:00,2024-01-10 13:34:00,49.1867283045341,1.91256314767802,32.3630551637216,9.11960717963013,Afternoon,Wednesday,64.4218095172642,99.6035775248256,120.401803247433,2.80393696943952,5,Level 2,Commuter,75,26.6836428620518,0.185407883264101,35.1817680075613,1.39807437460115,71.6210409570786,0.359080254162796,2.44785143061312
User_230,BMW i3,85,Station_450,San Francisco,2024-01-10 13:00:00,2024-01-10 14:44:00,32.6426671386124,0.56064090114494,29.1990869329734,5.78150906936842,Evening,Sunday,51.5578093487461,73.5509455009341,183.594068681762,29.9393328525626,0,DC Fast Charger,Long-Distance Traveler,75,36.3316429884405,0.177115094327864,21.9931361521881,1.48422066378946,73.3773288758577,0.793485436151213,5.62435869293878
User_231,Nissan Leaf,85,Station_481,San Francisco,2024-01-10 14:00:00,2024-01-10 17:28:00,66.6237000410054,1.22914421204815,45.5056750420217,22.3379216722033,Night,Wednesday,62.3901391065108,79.4348976807196,286.072098865204,-0.976247384744458,0,Level 1,Commuter,75,28.2073956701169,0.335284916005187,17.0447585742088,3.90874999789184,72.5478832921605,0.747138578994253,4.29384886593108
User_232,Tesla Model 3,62,Station_298,Chicago,2024-01-10 15:00:00,2024-01-10 18:12:00,33.3655087904809,0.611262023442982,10.196946649404,35.956011644618,Morning,Thursday,26.8493230794289,99.6375636625976,244.052788442365,26.8738973283741,0,DC Fast Charger,Casual Driver,75,54.8630076904283,1.07764014241186,72.7882405831686,0.458391472621969,73.3773288758577,0.743889517314051,7.31452320942856
User_234,BMW i3,75,Station_273,Los Angeles,2024-01-10 17:00:00,2024-01-10 17:58:00,65.8917232676238,0.738930530494254,36.4930549563118,9.14472429063939,Afternoon,Tuesday,18.8713218595337,65.0172314125806,77.2692819296725,11.7291817479515,5,Level 2,Commuter,75,60.8465086053497,0.13878411182991,46.1459095530469,1.42789954528642,71.6210409570786,1.24504952292313,1.17267052822155
User_235,Tesla Model 3,62,Station_492,Houston,2024-01-10 18:00:00,2024-01-10 21:14:00,90.0502452572183,2.16849176149885,41.5266716046807,9.08470724208637,Evening,Friday,18.8556476556553,98.3239336452261,139.222217814982,1.56500365389985,3,DC Fast Charger,Long-Distance Traveler,75,60.8582642582585,0.100884869509649,79.4682859895708,1.13315952566331,73.3773288758577,0.565933269047405,1.54605040127663
User_236,Nissan Leaf,75,Station_417,New York,2024-01-10 19:00:00,2024-01-10 20:50:00,12.6698210747837,2.81682355267963,18.7182964899124,32.1786179969776,Morning,Friday,35.9173546264432,67.0778938232993,296.131662424212,29.4030222981454,3,Level 1,Long-Distance Traveler,75,48.0619840301676,2.53978472206065,31.1605391968561,0.406598261818974,72.5478832921605,0.0619992010006105,23.372994825759
User_238,BMW i3,100,Station_177,San Francisco,2024-01-10 21:00:00,2024-01-10 22:23:00,37.9281116615861,1.71324151187118,22.1382165904687,36.2054509016259,Night,Monday,35.5453480333389,87.9370445474593,69.6410736811112,-1.32687518410285,2,Level 2,Long-Distance Traveler,75,48.3409889749959,0.954580898323369,52.3916965141204,0.723933641877083,71.6210409570786,0.309102133879006,1.83613342795666
User_239,Hyundai Kona,75,Station_184,Chicago,2024-01-10 22:00:00,2024-01-10 23:08:00,20.6585586263907,0.688517400592838,30.0044103585516,23.4902236794908,Evening,Sunday,32.6411042464758,60.219917183104,111.189558706396,-8.60920022011333,6,Level 1,Casual Driver,75,50.5191718151432,1.13706982681177,27.5788129366282,0.749073525168066,72.5478832921605,0.413580782746198,5.382251526704
User_240,Hyundai Kona,50,Station_319,Chicago,2024-01-10 23:00:00,2024-01-11 00:11:00,31.8771901743371,1.38394091593012,23.4663558449473,38.2894461293582,Evening,Sunday,68.8236838416409,92.8371241203629,249.763528863129,38.1886727630153,6,DC Fast Charger,Casual Driver,75,23.3822371187693,1.20115499264372,24.013440278722,1.32747285704761,73.3773288758577,0.313906700302444,7.8351801867469
User_241,Chevy Bolt,50,Station_131,San Francisco,2024-01-11 00:00:00,2024-01-11 03:05:00,29.5828404380914,3.20387178644321,37.1837653955235,16.6730713535961,Night,Sunday,24.7439412746465,80.6043784511738,248.924090778305,5.79857210964514,5,Level 2,Commuter,75,56.4420440440151,0.563606168531657,55.8604371765272,0.529584835589547,71.6210409570786,0.128921133177569,8.41447565859112
User_242,Tesla Model 3,100,Station_363,New York,2024-01-11 01:00:00,2024-01-11 01:58:00,37.5097774799843,3.5180613260924,6.34178128996801,23.2302688346174,Evening,Sunday,31.204338559111,76.0345043772026,203.728966005357,30.1288299372883,1,DC Fast Charger,Casual Driver,75,51.5967460806668,0.619312360544218,44.8301658180916,0.836708426022527,73.3773288758577,0.145304539959935,5.43135629407745
User_244,Chevy Bolt,100,Station_55,New York,2024-01-11 03:00:00,2024-01-11 05:40:00,66.5207644826491,0.206630883142714,15.0994839132881,34.7400781307427,Morning,Wednesday,19.5052997812118,63.4859202047955,123.57006025521,-6.75669366493093,3.9692440323273,Level 1,Long-Distance Traveler,75,60.3710251640912,0.522244120327332,43.9806204235837,1.51250173012518,72.5478832921605,4.43748863828862,1.85761635808382
User_246,Chevy Bolt,62,Station_355,San Francisco,2024-01-11 05:00:00,2024-01-11 08:36:00,29.8406226746391,3.47386357590394,14.0390993957378,9.06222777277359,Afternoon,Tuesday,17.2623808283749,53.656511987273,195.473786375355,19.1766704357622,7,Level 2,Commuter,75,62.0532143787189,0.303687623129774,36.3941311588982,0.819929525020224,71.6210409570786,0.119937362254112,6.55059341444253
User_249,BMW i3,100,Station_356,San Francisco,2024-01-11 08:00:00,2024-01-11 11:24:00,60.4101037451142,1.7089707006188,48.7886846560859,17.898531567126,Evening,Thursday,77.0068178496623,82.5309652201098,99.5425833068634,12.8704939724941,2,DC Fast Charger,Casual Driver,75,17.2448866127532,0.296283741584761,5.52414737044747,10.9356430402799,73.3773288758577,0.481740397063838,1.64778037341004
User_250,Chevy Bolt,85,Station_373,Chicago,2024-01-11 09:00:00,2024-01-11 10:11:00,44.7854890398344,3.43064601838581,35.3904052270001,36.908955249746,Night,Friday,20.0830424535033,76.2629556873296,283.902693370465,10.6490072735723,6,DC Fast Charger,Commuter,75,59.9377181598725,0.824127547583936,56.1799132338263,0.797179747384672,73.3773288758577,0.177909653453332,6.33916698147356
User_251,Tesla Model 3,75,Station_118,San Francisco,2024-01-11 10:00:00,2024-01-11 12:03:00,22.2276736521601,3.38207782866351,6.57219460290888,27.5237417400006,Afternoon,Friday,30.8146536865628,57.7075473321556,227.542257115731,0.510519697844966,1,DC Fast Charger,Casual Driver,75,51.8890097350779,1.23826461422452,26.8928936455929,0.826525919638354,73.3773288758577,0.0895671006780301,10.2368903141431
User_253,BMW i3,85,Station_46,San Francisco,2024-01-11 12:00:00,2024-01-11 13:01:00,29.0139664553042,2.52543277551176,43.0098697432593,12.2919793772354,Evening,Saturday,70.2479743817307,92.4981439145922,199.638102119521,1.08118296467704,3,Level 1,Casual Driver,75,22.314019213702,0.423657323660697,22.2501695328615,1.30398855669181,72.5478832921605,0.158360384081449,6.88075870036806
User_254,Chevy Bolt,75,Station_302,Houston,2024-01-11 13:00:00,2024-01-11 16:19:00,61.1175287370132,2.71075571294024,28.4015785549912,20.0409421443146,Night,Sunday,28.7158913018867,52.9611698586248,172.667398783346,-3.13350858069093,1,Level 2,Long-Distance Traveler,75,53.463081523585,0.327908254120518,24.2452785567381,2.52080126008813,71.6210409570786,0.314800037058213,2.82516983836712
User_255,Tesla Model 3,62,Station_356,Los Angeles,2024-01-11 14:00:00,2024-01-11 17:09:00,65.5509215900276,3.57562548592073,12.1633972138639,24.2092870585246,Night,Sunday,47.910629867539,97.3068458861621,153.220969122221,28.6946569489242,3,Level 1,Casual Driver,75,39.0670275993457,0.369320315737675,49.3962160186231,1.32704338253995,72.5478832921605,0.252698132313554,2.33743424814841
User_256,Chevy Bolt,50,Station_400,San Francisco,2024-01-11 15:00:00,2024-01-11 15:55:00,76.5797676525106,0.624618292807781,10.5664509381605,36.6939904277348,Evening,Wednesday,47.0589388589873,71.8898624468349,33.6275126100822,16.4675686376581,0,Level 1,Long-Distance Traveler,75,39.7057958557595,0.479160378159385,24.8309235878476,3.08404829895209,72.5478832921605,1.6899528958449,0.439117454138421
User_258,Hyundai Kona,100,Station_189,Los Angeles,2024-01-11 17:00:00,2024-01-11 19:38:00,56.3579868709399,3.21092614615792,17.5519411863072,35.070840181419,Morning,Wednesday,25.4359193950085,68.9325735626183,233.913958356813,5.85552743063038,0,Level 2,Casual Driver,75,55.9230604537436,0.622286957512011,43.4966541676098,1.29568556362451,71.6210409570786,0.245066826057804,4.15050237497797
User_259,Nissan Leaf,85,Station_310,New York,2024-01-11 18:00:00,2024-01-11 19:25:00,6.35451648199704,1.04685439988171,4.10992542346703,10.0336919337568,Evening,Saturday,47.2005305769869,85.1277493481325,40.6631895867706,-0.230726769257913,5,DC Fast Charger,Long-Distance Traveler,75,39.5996020672598,1.57898590115916,37.9272187711457,0.167545016162151,73.3773288758577,0.0827245340230864,6.39910049835788
User_260,Nissan Leaf,62,Station_318,Los Angeles,2024-01-11 19:00:00,2024-01-11 21:31:00,60.5227294924313,3.07852849275489,14.1634377198775,22.67035545406,Evening,Saturday,25.5116731506703,64.2138773845328,219.11540652236,-8.82331427107539,4,DC Fast Charger,Commuter,75,55.8662451369973,0.374575893126152,38.7022042338625,1.56380574932414,73.3773288758577,0.267925117677279,3.62038210041008
User_261,Nissan Leaf,50,Station_129,Los Angeles,2024-01-11 20:00:00,2024-01-11 22:15:00,49.6215116585608,3.73148845496101,28.5495586532494,12.8818784878836,Night,Monday,43.9098804872557,98.3886080964924,260.685165785154,11.257475676219,6,Level 2,Commuter,75,42.0675896345582,0.259602701677494,54.4787276092367,0.910841971466082,71.6210409570786,0.185672360718055,5.25347086519441
User_262,Chevy Bolt,100,Station_49,San Francisco,2024-01-11 21:00:00,2024-01-11 23:39:00,54.1260872543,1.25331456237006,13.6190521368704,31.9361156872757,Afternoon,Thursday,69.6347880289278,88.9914753091522,175.206210106663,-9.82464240946528,7,Level 2,Long-Distance Traveler,75,22.7739089783042,0.590031855382979,19.3566872802244,2.79624744000475,71.6210409570786,0.60298418081276,3.23700121317645
User_263,Hyundai Kona,45.3802184823746,Station_25,San Francisco,2024-01-11 22:00:00,2024-01-11 23:50:00,13.0889948421732,3.23929253869453,36.4758082051181,36.6123677201664,Afternoon,Saturday,16.7810928179651,91.514782480147,233.571740870557,-1.39639832333643,3,Level 1,Long-Distance Traveler,75,62.4141803865262,2.79718711494943,74.7336896621819,0.175141825612241,72.5478832921605,0.0556969457206311,17.8448951723918
User_266,Tesla Model 3,100,Station_464,Los Angeles,2024-01-12 01:00:00,2024-01-12 04:48:00,43.1811371424853,0.504787945272379,73.3773288758577,23.5995334142819,Morning,Sunday,48.5377763210641,78.1430933640669,269.496567517671,-5.88792283556327,6,DC Fast Charger,Commuter,75,38.5966677592019,0.546524130117515,29.6053170430029,1.45856019983718,73.3773288758577,1.16579772002623,6.24107157318275
User_267,BMW i3,85,Station_144,New York,2024-01-12 02:00:00,2024-01-12 03:21:00,56.8213524700967,0.865213146639462,21.2697047382748,15.8328135566781,Afternoon,Tuesday,17.4512407235901,53.8501746253108,263.744879043727,39.8024062459509,2,Level 2,Long-Distance Traveler,75,61.9115694573074,0.278641969407723,36.3989339017207,1.56107188808106,71.6210409570786,0.916954588326077,4.6416508509284
User_269,Hyundai Kona,100,Station_200,Los Angeles,2024-01-12 04:00:00,2024-01-12 06:46:00,58.1510628883929,1.98625389958167,34.9650971384636,25.3916038011789,Afternoon,Tuesday,17.4609758327143,82.1311377474008,236.833184640831,35.5893011744617,7,DC Fast Charger,Casual Driver,75,61.9042681254643,0.436649005881664,64.6701619146865,0.899194638867711,73.3773288758577,0.398989067596031,4.07272322941673
User_270,BMW i3,27.5,Station_157,New York,2024-01-12 05:00:00,2024-01-12 05:51:00,63.5942715337139,3.33355544783344,28.5963064626883,5.08639760450986,Night,Monday,18.2842353707768,63.0251225727033,149.956949472155,2.79084416712824,4,DC Fast Charger,Commuter,75,61.2868234719174,0.0799820090998818,44.7408872019265,1.42139048889884,73.3773288758577,0.259985073975765,2.35802605888262
User_272,Tesla Model 3,50,Station_348,Chicago,2024-01-12 07:00:00,2024-01-12 09:19:00,12.9198797019606,3.38083453103472,9.13704942432067,11.4965141747239,Night,Saturday,48.0834117555152,71.1587425716528,188.601880520874,-2.41191930434124,4,Level 1,Commuter,75,38.9374411833636,0.889831363753278,23.0753308161376,0.55990008571947,72.5478832921605,0.0526756385229039,14.597804691034
User_273,Tesla Model 3,75,Station_134,Los Angeles,2024-01-12 08:00:00,2024-01-12 09:18:00,70.2447171797745,3.37273857210516,31.8818222734687,18.5278201910217,Night,Thursday,72.5492950689791,91.9017800924087,34.5224114189732,7.13648562167033,4,Level 2,Casual Driver,75,20.5880286982657,0.263761047590301,19.3524850234297,3.62975179129351,71.6210409570786,0.290797293385874,0.491459184476768
User_274,BMW i3,50,Station_400,Houston,2024-01-12 09:00:00,2024-01-12 11:38:00,47.9040979386036,1.16123773393694,22.0619055719834,35.0417534777108,Night,Thursday,48.9753420230755,75.4904040423913,32.2376167961839,-2.99619781486222,5,Level 1,Commuter,75,38.2684934826934,0.731498034314771,26.5150620193159,1.80667493456007,72.5478832921605,0.568626088615301,0.672961566617981
User_275,Chevy Bolt,62,Station_148,Chicago,2024-01-12 10:00:00,2024-01-12 11:42:00,59.1482721348898,3.87890040940921,14.8801531914266,32.0747881318308,Morning,Tuesday,40.0038935714561,57.3482920504271,152.259866990807,-1.8640655344758,3,Level 2,Long-Distance Traveler,75,44.9970798214079,0.542277685790771,17.344398478971,3.41022331830092,71.6210409570786,0.212908403915036,2.57420650671879
User_276,Chevy Bolt,75,Station_336,Chicago,2024-01-12 11:00:00,2024-01-12 12:53:00,6.46269857078902,3.46525658716005,5.33524168295659,37.4591286505186,Evening,Sunday,88.22102307711,91.9433182882198,152.259866990807,38.411834298482,4,DC Fast Charger,Long-Distance Traveler,75,8.83423269216754,5.79620544579187,3.72229521110985,1.736213331898,73.3773288758577,0.0254165502613647,23.5597970914212
User_277,Hyundai Kona,100,Station_71,Houston,2024-01-12 12:00:00,2024-01-12 13:22:00,79.0022597060318,3.89315487149516,26.9774228639717,11.2875043810965,Night,Friday,22.5337515666785,93.2978300972434,39.7460072286976,7.68435680822818,3,Level 2,Commuter,75,58.0996863249912,0.142875715493422,70.7640785305649,1.11641755741804,71.6210409570786,0.283333028836782,0.503099624954942
User_278,Chevy Bolt,78.3837353570567,Station_233,New York,2024-01-12 13:00:00,2024-01-12 15:09:00,19.9168777203513,2.80517878137083,32.2117309884959,10.4710109419636,Night,Friday,43.9099794747572,80.0585464303413,205.643988747005,10.3848426274635,7,Level 1,Casual Driver,75,42.0675153939321,0.525735564026897,36.1485669555841,0.550972815736327,72.5478832921605,0.0978669302377767,10.3251117787843
User_279,Chevy Bolt,62,Station_334,Chicago,2024-01-12 14:00:00,2024-01-12 16:33:00,73.2295128450648,3.51635311651068,23.6181238452069,16.9710859132927,Afternoon,Saturday,14.0781410774941,60.6887755467962,152.259866990807,35.833595456859,5,DC Fast Charger,Casual Driver,75,64.4413941918794,0.231751997984737,46.6106344693021,1.57109023893022,73.3773288758577,0.283812661112785,2.07921452806809
User_280,Chevy Bolt,75,Station_299,San Francisco,2024-01-12 15:00:00,2024-01-12 18:17:00,15.0589717032343,3.21698582406403,14.7678907587387,15.670141677233,Evening,Tuesday,49.8681208681507,82.1796427423624,68.5231839468773,28.0565776789056,1,Level 1,Casual Driver,75,37.598909348887,1.04058510674188,32.3115218742116,0.466055785359125,72.5478832921605,0.0645240210784904,4.55032291030604
User_281,Nissan Leaf,62,Station_154,Chicago,2024-01-12 16:00:00,2024-01-12 17:14:00,12.1325578039385,2.67469007499957,40.1969003384282,34.8690952763307,Morning,Saturday,32.0719053537478,77.4919560575364,92.1158672426987,25.2035017283502,7,Level 1,Casual Driver,75,50.9460709846891,2.87401023261652,45.4200507037886,0.267118984147821,72.5478832921605,0.0625250657772302,7.59245236917771
User_282,Hyundai Kona,100,Station_90,New York,2024-01-12 17:00:00,2024-01-12 20:45:00,30.5330810074564,2.30000503413637,19.0210887456859,35.1572818174008,Morning,Wednesday,52.9105028621949,67.2187408202672,132.604601761294,2.33111516426541,6,Level 1,Long-Distance Traveler,75,35.3171228533538,1.15144887634547,14.3082379580723,2.13395116134692,72.5478832921605,0.182985677228724,4.34298136270333
User_284,BMW i3,50,Station_199,Los Angeles,2024-01-12 19:00:00,2024-01-12 21:14:00,6.47943098473816,2.13350362841366,3.03699084381491,37.2085906002982,Morning,Sunday,52.6162645641369,83.3537454410987,77.7979700562981,26.616977601831,0,Level 1,Long-Distance Traveler,75,35.5378015768973,5.74257071152396,30.7374808769618,0.210799024509344,72.5478832921605,0.0418618808157989,12.0069139156734
User_285,Tesla Model 3,100,Station_161,San Francisco,2024-01-12 20:00:00,2024-01-12 22:59:00,14.0188239928051,1.82724167182472,6.29101358785459,25.5435452303856,Afternoon,Sunday,58.996115876586,90.8135198715745,22.540477243987,33.2819560309397,7.51530869035586,Level 2,Commuter,75,30.7529130925605,1.8220890171312,31.8174039949885,0.44060238211179,71.6210409570786,0.107121085076276,1.60787219067416
User_286,Hyundai Kona,85,Station_26,New York,2024-01-12 21:00:00,2024-01-12 23:55:00,61.830120837672,1.39951975215997,49.1596856822832,8.02178413780609,Evening,Saturday,36.8468968150547,92.6795128472247,80.9973207059894,-2.34155422602367,0,Level 1,Commuter,75,47.364827388709,0.129739098502919,55.8326160321699,1.10741937655306,72.5478832921605,0.608970587556224,1.30999777468717
User_287,BMW i3,75,Station_121,Houston,2024-01-12 22:00:00,2024-01-13 01:53:00,51.6216909337736,1.30355558112381,43.1613873735708,28.1516463739549,Afternoon,Monday,22.7874790400184,58.6624943861943,185.952152112321,7.93696470080135,7,Level 1,Casual Driver,75,57.9093907199862,0.545345297000658,35.8750153461759,1.43893153593525,72.5478832921605,0.545855797448327,3.60220962833012
User_288,Hyundai Kona,100,Station_301,San Francisco,2024-01-12 23:00:00,2024-01-13 01:15:00,13.3190173156105,0.891295896840613,21.6301065359045,9.96972720755874,Afternoon,Sunday,81.5593235899833,177.708666473404,87.3041565422327,38.771438083282,7,Level 2,Casual Driver,75,13.8305073075125,0.748533241703483,96.1493428834204,0.138524267729625,71.6210409570786,0.208645800281388,6.554849691494
User_289,Chevy Bolt,85,Station_212,San Francisco,2024-01-13 00:00:00,2024-01-13 01:12:00,37.6423038507068,2.66701497617217,19.5963603592134,27.8982248866117,Night,Friday,34.928753223931,79.4591496306031,152.259866990807,-9.67992890713515,0,Level 2,Commuter,75,48.8034350820517,0.741140207497897,44.5303964066721,0.845317061787188,71.6210409570786,0.197065279107995,4.04491360557221
User_290,BMW i3,75,Station_63,Houston,2024-01-13 01:00:00,2024-01-13 04:16:00,70.6204554202004,0.637026904969773,18.3355474579453,14.738211793245,Morning,Saturday,25.7234716428712,99.585814595444,188.463791558961,-4.84299685524195,2,Level 1,Commuter,75,55.7073962678466,0.208696074041874,73.8623429525728,0.956109061765695,72.5478832921605,1.52808669027581,2.66868558744883
User_292,Tesla Model 3,75,Station_436,Houston,2024-01-13 03:00:00,2024-01-13 05:43:00,32.5248610451166,2.28749650430761,31.5531561687629,10.0360231024369,Evening,Thursday,23.4257675298339,83.7426207359675,294.058258756937,25.9266770146224,2,DC Fast Charger,Long-Distance Traveler,75,57.4306743526246,0.308564672682706,60.3168532061335,0.539233386960067,73.3773288758577,0.193772932809973,9.04103043973153
User_293,Tesla Model 3,100,Station_68,Houston,2024-01-13 04:00:00,2024-01-13 05:17:00,78.3990561003474,0.531884803587706,29.7531587144789,34.3011099620555,Night,Sunday,49.6602102928284,83.2462625323205,119.788647908507,-9.29604539061986,1,Level 1,Commuter,75,37.7548422803787,0.437519425210319,33.5860522394921,2.3342742261373,72.5478832921605,2.0317417546424,1.52793482303133
User_294,BMW i3,50,Station_253,Chicago,2024-01-13 05:00:00,2024-01-13 07:35:00,65.3228534716638,1.29238238509921,41.877154150911,17.8405097268836,Afternoon,Wednesday,54.2956068853864,87.5485399501563,32.1459563349242,-9.39536525969959,3,Level 1,Long-Distance Traveler,75,34.2782948359602,0.273112835381917,33.25293306477,1.9644238102073,72.5478832921605,0.696705713151228,0.492108881141708
User_296,Hyundai Kona,85,Station_459,Chicago,2024-01-13 07:00:00,2024-01-13 10:57:00,78.1587893101214,1.54813349531655,7.34702904042674,15.0641717288417,Evening,Thursday,78.1787853138502,80.782494914493,114.766315180482,20.8310001306784,4,Level 1,Casual Driver,75,16.3659110146124,0.192738038316708,2.60370960064286,30.0182436976934,72.5478832921605,0.695896529600838,1.46837375800574
User_297,Hyundai Kona,75,Station_2,Chicago,2024-01-13 08:00:00,2024-01-13 11:46:00,5.33783607352165,1.34731033199927,29.1544817129319,39.5882610449191,Afternoon,Thursday,16.3556544239116,88.0437026038637,67.7173368355779,29.2490865999416,0.288408110703452,Level 1,Commuter,75,62.7332591820663,7.41653743195614,71.6880481799521,0.074459218921996,72.5478832921605,0.0546100842364711,12.6862900813852
User_298,Chevy Bolt,75,Station_398,Chicago,2024-01-13 09:00:00,2024-01-13 09:45:00,29.3188155388978,2.06267267689078,36.7642697623158,26.7407433696427,Afternoon,Tuesday,54.753180809483,80.765271456438,200.524836817765,6.32556365150509,0,Level 2,Commuter,75,33.9351143928878,0.912067656149523,26.012090646955,1.12712261143569,71.6210409570786,0.198461137619169,6.83945900037213
User_300,Tesla Model 3,100,Station_286,Los Angeles,2024-01-13 11:00:00,2024-01-13 13:24:00,5.69951995446004,1.0866768976439,40.4826289613807,16.5842448833318,Afternoon,Monday,54.5447553689401,81.0301338796996,221.583552888227,32.6344901453115,3,Level 2,Commuter,75,34.091433473295,2.90976170201039,26.4853785107595,0.215194959443175,71.6210409570786,0.0732313795270526,38.8775817364814
User_302,Hyundai Kona,50,Station_140,New York,2024-01-13 13:00:00,2024-01-13 16:14:00,56.324648784145,3.35443288911245,14.245986238314,31.3422489872174,Evening,Sunday,63.9327537759707,87.6991705112583,174.138942137781,-6.25650193136097,7,Level 2,Long-Distance Traveler,75,27.050434668022,0.556457069219045,23.7664167352876,2.36992599311431,71.6210409570786,0.234443802095287,3.09170045258764
User_303,Tesla Model 3,75,Station_218,Los Angeles,2024-01-13 14:00:00,2024-01-13 16:34:00,42.2469110310128,2.76250702297201,15.2929605896755,26.5751873052283,Afternoon,Wednesday,75.3226478853764,89.871641082688,197.667833544302,21.1394723751587,6,Level 1,Casual Driver,75,18.5080140859677,0.629044506608302,14.5489931973116,2.9037686978106,72.5478832921605,0.210798163856671,4.6788706847513
User_304,Hyundai Kona,75,Station_44,Los Angeles,2024-01-13 15:00:00,2024-01-13 16:50:00,65.2254522844251,2.75998620660973,18.0695923329884,29.4358943883594,Evening,Tuesday,45.5068659842013,83.4075216058104,206.987901263054,4.06885303563212,0,DC Fast Charger,Casual Driver,75,40.869850511849,0.451294599844243,37.9006556216091,1.72095841654087,73.3773288758577,0.322068528741463,3.17342224566651
User_305,Chevy Bolt,100,Station_417,Houston,2024-01-13 16:00:00,2024-01-13 19:41:00,23.5403839197975,2.5925972772691,3.50816148739343,23.220087806019,Evening,Thursday,17.1706142487943,39.3192016705118,192.856891317282,14.5386493161163,4,Level 2,Casual Driver,75,62.1220393134043,0.986393759979883,22.1485874217175,1.06283906380031,71.6210409570786,0.12677623559966,8.19259753682645
User_306,BMW i3,75,Station_269,Chicago,2024-01-13 17:00:00,2024-01-13 18:31:00,18.5497024176807,1.82887854084383,13.855271545418,16.4837996387282,Night,Tuesday,37.8710008892171,66.1650437502191,46.2236918562213,26.6948882573572,7,DC Fast Charger,Casual Driver,75,46.5967493330872,0.888628791317784,28.294042861002,0.655604521022621,73.3773288758577,0.138226141288256,2.49188320197326
User_307,Tesla Model 3,33.3770235709742,Station_78,Chicago,2024-01-13 18:00:00,2024-01-13 19:41:00,20.7631876425443,2.68656498163465,23.9928495720527,30.691998651557,Morning,Thursday,27.4004266950267,55.2340052018892,155.216925587691,8.31682212059825,2,Level 1,Long-Distance Traveler,75,54.44967997873,1.47819300099511,27.8335785068625,0.745976218524148,72.5478832921605,0.106530001601704,7.4755826638896
User_308,BMW i3,85,Station_216,Houston,2024-01-13 19:00:00,2024-01-13 22:38:00,46.4547811537315,3.93657053723412,42.8384827985063,5.06404815023892,Morning,Tuesday,12.7930891682574,70.7179725650461,3.82452742742032,26.5117674737315,1.75544393488129,Level 1,Commuter,75,65.405183123807,0.109010268146149,57.9248833967887,0.801983162150085,72.5478832921605,0.162662572014711,0.0823279613515758
User_309,Hyundai Kona,85,Station_382,Los Angeles,2024-01-13 20:00:00,2024-01-13 22:34:00,49.7493418997818,2.00822197522849,33.7023412047592,18.5859818331209,Night,Thursday,62.637966021217,87.4701015929656,177.269811428163,31.4642247872513,0,DC Fast Charger,Long-Distance Traveler,75,28.0215254840873,0.373592516471106,24.8321355717486,2.00342583327313,73.3773288758577,0.337608775509911,3.56325942532599
User_310,Hyundai Kona,100,Station_98,Houston,2024-01-13 21:00:00,2024-01-14 00:10:00,66.1749155610975,1.59089139896087,4.09605250615011,37.0550209646027,Night,Wednesday,57.5185575104561,59.2183442085771,19.8425506197919,12.6290017450879,2,DC Fast Charger,Casual Driver,75,31.8610818671579,0.559955696964823,1.699786698121,38.9313056951497,73.3773288758577,0.566879776398952,0.299850033075929
User_311,Tesla Model 3,85,Station_236,New York,2024-01-13 22:00:00,2024-01-13 23:35:00,26.5954406995377,2.13988315825491,12.4284546083471,30.3455632222216,Evening,Tuesday,11.3094211232066,61.8968340860699,50.0701077262995,22.7721562617281,1,DC Fast Charger,Commuter,75,66.517934157595,1.14100621851132,50.5874129628633,0.525732373763839,73.3773288758577,0.169377310386619,1.88265756871515
User_312,Chevy Bolt,59.7941392524419,Station_282,Chicago,2024-01-13 23:00:00,2024-01-13 23:59:00,49.8382389388746,1.6478234891252,20.8700077675707,12.2450600747357,Morning,Friday,41.3776182881622,62.0333114850973,40.8436548767159,-4.84379975685321,5.68536688856694,DC Fast Charger,Long-Distance Traveler,75,43.9667862838783,0.245696082675673,20.6556931969351,2.41280883017132,73.3773288758577,0.412183023250357,0.819524440396252
User_314,Tesla Model 3,62,Station_412,New York,2024-01-14 01:00:00,2024-01-14 04:37:00,6.88547943172356,3.50020117013587,29.4466426425455,13.1514382179732,Afternoon,Thursday,62.9950197389069,70.5874764505633,270.382238759934,4.05799373667346,7,DC Fast Charger,Long-Distance Traveler,75,27.7537351958198,1.91002505321276,7.59245671165643,0.906884252781124,73.3773288758577,0.026808917693932,39.2684694567816
User_317,Chevy Bolt,85,Station_424,Los Angeles,2024-01-14 04:00:00,2024-01-14 07:51:00,37.7716145812773,4.61578223930985,4.03465571647435,32.3563517230693,Evening,Wednesday,52.1324492930364,93.211808496559,96.8419808157783,1.73085962151554,7,DC Fast Charger,Casual Driver,75,35.9006630302227,0.856631417051146,41.0793592035226,0.919479157261011,73.3773288758577,0.111521432549254,2.56388247866378
User_318,Nissan Leaf,75,Station_66,Chicago,2024-01-14 05:00:00,2024-01-14 08:01:00,44.0655527476164,0.738831890860643,18.1361769180258,37.8104185145605,Evening,Monday,43.3631967175386,72.8551496321247,261.505988873372,21.123505817581,6,Level 2,Casual Driver,75,42.4776024618461,0.85804934142363,29.4919529145861,1.49415513022275,71.6210409570786,0.83274677661204,5.93447653706142
User_322,Nissan Leaf,100,Station_79,Los Angeles,2024-01-14 09:00:00,2024-01-14 10:46:00,62.3191755518106,2.9247352724992,22.4163059564987,7.16245204800695,Afternoon,Sunday,21.8198862731291,61.2910677267394,22.6194885195262,11.1264628489058,6,Level 1,Long-Distance Traveler,75,58.6350852951531,0.114931752299134,39.4711814536103,1.57885255157749,72.5478832921605,0.293704358089816,0.362961934576957
User_323,Nissan Leaf,62,Station_205,Los Angeles,2024-01-14 10:00:00,2024-01-14 11:58:00,64.5224310691686,1.72499133000166,39.2470745704579,38.1789347940574,Morning,Sunday,31.4889311928369,66.3049850294849,75.831666453641,0.397259806410319,6,Level 2,Commuter,75,51.3833016053724,0.591715689589087,34.816053836648,1.85323791639049,71.6210409570786,0.522255685823016,1.17527602722143
User_324,Tesla Model 3,100,Station_279,San Francisco,2024-01-14 11:00:00,2024-01-14 14:54:00,52.9967288835928,3.52649887006356,38.3692551388051,6.45220217700499,Night,Monday,10.9509127077907,69.3023883278655,27.9309091805152,14.1777632700496,6,Level 1,Long-Distance Traveler,75,66.786815469157,0.121747177852755,58.3514756200748,0.908232882209412,72.5478832921605,0.2071479166242,0.527030814333191
User_325,Tesla Model 3,75,Station_337,Chicago,2024-01-14 12:00:00,2024-01-14 14:55:00,74.7393875375421,0.0953144165458864,44.0504845591465,27.742986940756,Morning,Sunday,27.6228934197386,61.3251827722448,56.3252273928085,9.9901996369851,3.17606192646878,Level 2,Casual Driver,75,54.2828299351961,0.371196337765285,33.7022893525062,2.21763532903691,71.6210409570786,10.9483913292411,0.753621741474881
User_326,Tesla Model 3,62,Station_254,Los Angeles,2024-01-14 13:00:00,2024-01-14 14:57:00,17.8905276904435,3.7065221875647,3.66024568562444,25.2227009236172,Morning,Thursday,32.1488745237252,113.211065412506,152.259866990807,-4.30618980854954,5,Level 2,Commuter,75,50.8883441072061,1.40983549283961,81.0621908887812,0.220701260282857,71.6210409570786,0.0673931750447968,8.51064147605545
User_328,Hyundai Kona,100,Station_380,New York,2024-01-14 15:00:00,2024-01-14 18:25:00,58.3761544516315,1.87752237051015,4.66966703677476,33.8568093189213,Afternoon,Friday,15.3591674010104,56.5802774734175,96.8630481559461,16.9720167943089,3,Level 2,Casual Driver,75,63.4806244492422,0.579976698310506,41.2211100724071,1.41617133427728,71.6210409570786,0.434119938842286,1.65929135048119
User_329,Nissan Leaf,62,Station_130,San Francisco,2024-01-14 16:00:00,2024-01-14 17:02:00,57.8194305876815,2.17047171386632,26.639108088023,31.9207848743162,Evening,Tuesday,66.5543308150548,77.7247378077494,222.669251084915,34.0447901706141,1,Level 2,Commuter,75,25.0842518887089,0.552077122688181,11.1704069926946,5.17612568866068,71.6210409570786,0.371945279376593,3.85111456169122
User_330,Nissan Leaf,85,Station_84,San Francisco,2024-01-14 17:00:00,2024-01-14 18:27:00,13.3246110441358,1.38201984923984,24.7428475095494,12.3882365081751,Afternoon,Saturday,52.7862462592092,92.8685719935107,283.99049235784,35.7048638647348,4,DC Fast Charger,Long-Distance Traveler,75,35.4103153055931,0.929725938501389,40.0823257343015,0.3324310852734,73.3773288758577,0.131394855486007,21.313229438155
User_331,Chevy Bolt,85,Station_276,Houston,2024-01-14 18:00:00,2024-01-14 21:50:00,14.5034551425679,2.24083400543247,37.6599248800988,11.9108313689103,Morning,Tuesday,51.142145963366,99.9866042147836,168.044861446439,12.2473989135994,3,Level 2,Commuter,75,36.6433905274755,0.821240956160285,48.8444582514177,0.296931436272957,71.6210409570786,0.0903693504649559,11.5865398827087
User_332,Nissan Leaf,85,Station_187,Los Angeles,2024-01-14 19:00:00,2024-01-14 19:57:00,26.3446845901939,1.97206700954913,19.9515133243041,17.6502185294276,Morning,Sunday,11.8555312341474,57.0854054767173,216.471553892881,-2.05877595988832,3,Level 1,Long-Distance Traveler,75,66.1083515743894,0.669972664466722,45.2298742425699,0.582462034913167,72.5478832921605,0.18413934322319,8.21689677672045
User_333,Tesla Model 3,27.5,Station_46,Chicago,2024-01-14 20:00:00,2024-01-14 21:04:00,50.5969513124257,3.47317282399633,9.86002764764201,27.9865438515289,Night,Monday,29.9422293093106,73.7587986463408,211.634684202813,33.2343013189232,2,Level 2,Long-Distance Traveler,75,52.5433280180171,0.553127078323708,43.8165693370302,1.15474470224361,71.6210409570786,0.20340298705342,4.18275565450599
User_334,Hyundai Kona,75,Station_387,Chicago,2024-01-14 21:00:00,2024-01-14 23:34:00,11.9191047093968,1.0786355189319,11.0501689404773,17.5856350871975,Morning,Sunday,71.303051007186,95.3114468575936,56.5447444676836,19.3742926432231,7,Level 1,Commuter,75,21.5227117446105,1.47541577290896,24.0083958504076,0.496455689237334,72.5478832921605,0.152315525126718,4.74404293328379
User_335,BMW i3,62,Station_183,Houston,2024-01-14 22:00:00,2024-01-15 00:47:00,103.812605591484,3.52544546873425,16.5913826695699,17.66922822733,Night,Friday,52.7967932747065,89.3517921097638,99.9410054242442,8.33015835562775,3.10016923525092,Level 2,Casual Driver,75,35.4024050439701,0.170203109021853,36.5549988350573,2.83990176172363,71.6210409570786,0.411145424244436,0.962705876177741
User_337,Tesla Model 3,45.6265320345536,Station_296,San Francisco,2024-01-15 00:00:00,2024-01-15 01:11:00,77.1727237380707,1.40912827635902,17.5730256169191,11.7604986144379,Afternoon,Friday,19.9469258751572,95.0967212523103,152.259866990807,3.49838100598953,4,Level 2,Casual Driver,75,60.0398055936321,0.152391907979739,75.149795377153,1.02691861435903,71.6210409570786,0.764667566459283,1.97297516033757
User_338,BMW i3,62,Station_322,Houston,2024-01-15 01:00:00,2024-01-15 02:54:00,62.1928334593665,0.555210364200061,20.4525123109277,19.4769946338449,Morning,Saturday,24.3852455984819,88.8297294802637,277.723264460614,14.2762513405176,4,DC Fast Charger,Long-Distance Traveler,75,56.7110658011386,0.313171044804867,64.4444838817818,0.965060618275013,73.3773288758577,1.52658461267822,4.46551875855702
User_341,Tesla Model 3,100,Station_272,Los Angeles,2024-01-15 04:00:00,2024-01-15 06:20:00,5.7759197354525,1.83645679623196,33.7453792651463,24.9856912816506,Afternoon,Sunday,25.1180161096634,59.0465407371045,96.3321777828977,37.1011884314911,1,Level 2,Casual Driver,75,56.1614879177525,4.32583768924088,33.9285246274411,0.170237869134486,71.6210409570786,0.0439136771699385,16.6782403833648
User_342,BMW i3,50,Station_339,Los Angeles,2024-01-15 05:00:00,2024-01-15 05:44:00,53.8102017607535,0.513006350951944,22.344440296603,15.7913197636906,Morning,Monday,52.4429517637406,82.4220946491714,116.730983479869,-0.0328724734896948,2,Level 1,Long-Distance Traveler,75,35.6677861771945,0.293463307086279,29.9791428854308,1.79492128798999,72.5478832921605,1.44582967133339,2.1693095297964
User_344,BMW i3,50,Station_44,New York,2024-01-15 07:00:00,2024-01-15 08:38:00,56.6933014971517,2.39185237881128,44.9952222352651,32.9900223584761,Morning,Friday,46.5877620759286,76.3804950348806,140.311441700687,25.1273086471906,0,DC Fast Charger,Long-Distance Traveler,75,40.0591784430536,0.581903355198559,29.792732958952,1.90292382962191,73.3773288758577,0.323024511295661,2.47492098705412
User_345,Nissan Leaf,85,Station_238,Houston,2024-01-15 08:00:00,2024-01-15 10:14:00,40.1614218511431,2.51797387197912,28.4799621264854,13.370005787552,Evening,Wednesday,35.0445349773112,94.5635919419047,93.995231697653,13.3543871664664,2,DC Fast Charger,Casual Driver,75,48.7165987670166,0.332906684357628,59.5190569645936,0.674765762418483,73.3773288758577,0.217368176628614,2.34043585523548
User_348,Tesla Model 3,50,Station_192,New York,2024-01-15 11:00:00,2024-01-15 12:10:00,67.2251510198821,0.504601217007193,37.2360143567669,21.0141530188237,Morning,Wednesday,38.0238407700124,94.3676555002288,57.5919455149483,12.2652437322793,6,DC Fast Charger,Commuter,75,46.4821194224907,0.312593615633659,56.3438147302163,1.19312388310532,73.3773288758577,1.81560593880055,0.85670235977477
User_349,Nissan Leaf,85,Station_356,New York,2024-01-15 12:00:00,2024-01-15 13:40:00,52.2881193741722,2.91688495340448,17.9260136102192,27.9975931594224,Night,Monday,35.8023563582047,95.5617564847798,73.0473919253142,-4.12763092030583,5,Level 1,Casual Driver,75,48.1482327313465,0.535448463140785,59.7594001265751,0.874977313417168,72.5478832921605,0.247092165846226,1.3970170050024
User_350,Hyundai Kona,50,Station_278,New York,2024-01-15 13:00:00,2024-01-15 14:25:00,76.718446690225,3.77490932141669,44.1374510914449,35.8525077791567,Night,Wednesday,10.8960892310588,69.9591247984551,247.408350858142,27.9554372050152,0,Level 1,Casual Driver,75,66.8279330767059,0.467325777904791,59.0630355673963,1.29892488513704,72.5478832921605,0.280135747510528,3.2248873840881
User_351,Nissan Leaf,62,Station_18,Chicago,2024-01-15 14:00:00,2024-01-15 17:00:00,60.9690758859716,2.49696018109314,6.68275085420096,37.04926024472,Afternoon,Wednesday,75.857252056884,92.3649616723101,266.821087802359,20.4655661677742,6,Level 1,Commuter,75,18.107060957337,0.607672983497601,16.5077096154261,3.69336978335246,72.5478832921605,0.336568331683916,4.37633478817008
User_352,Nissan Leaf,62,Station_12,Chicago,2024-01-15 15:00:00,2024-01-15 15:54:00,48.3246077539748,2.31163667094489,19.5938373431573,49.1374698814065,Afternoon,Friday,27.01497804099,55.8610294097291,161.403048857406,3.49934137667204,2,DC Fast Charger,Commuter,75,54.7387664692575,1.01682087377864,28.8460513687391,1.67525902024653,73.3773288758577,0.284896336061628,3.3399763879952
User_353,Tesla Model 3,62,Station_180,Los Angeles,2024-01-15 16:00:00,2024-01-15 18:14:00,65.5408247319063,1.16065467276936,31.8589976989205,37.4899754077759,Evening,Monday,25.2019034074123,96.7634420547716,78.6144461553361,0.947645050608024,6,Level 2,Commuter,75,56.0985724444408,0.572009515613026,71.5615386473593,0.915866622919864,71.6210409570786,0.788439273254885,1.19947294647126
User_355,Nissan Leaf,85,Station_246,New York,2024-01-15 18:00:00,2024-01-15 20:28:00,67.4374025739475,1.81456105903473,16.099348518475,14.9963687510821,Night,Thursday,89.8707904006487,93.9013752526433,36.060236573124,34.0821877590467,3,Level 1,Casual Driver,75,7.59690719951349,0.222374649359279,4.03058485199459,16.7314186526988,72.5478832921605,0.512276581045938,0.534721611402259
User_357,BMW i3,100,Station_373,Houston,2024-01-15 20:00:00,2024-01-15 23:40:00,30.8056620027767,1.03786007174767,18.9798893476899,18.3531951107097,Night,Saturday,60.7272027489464,61.2065513687469,155.714490220412,29.1143802688623,5,Level 2,Casual Driver,75,29.4545979382902,0.59577343635905,0.479348619800447,64.2656737294896,71.6210409570786,0.414429930478722,5.05473604840489
User_358,Hyundai Kona,85,Station_51,Los Angeles,2024-01-15 21:00:00,2024-01-15 21:38:00,62.0956592262809,2.47793546488513,30.5286847864971,8.86004739482828,Afternoon,Tuesday,43.8861908465376,81.4689834808452,285.79045868611,-8.55908124295683,1,Level 1,Commuter,75,42.0853568650968,0.142683844655576,37.5827926343076,1.6522364325209,72.5478832921605,0.345419224577094,4.6024224921209
User_359,Tesla Model 3,100,Station_488,New York,2024-01-15 22:00:00,2024-01-15 23:29:00,28.8640609592292,2.11367138526592,38.3440858604385,37.4495191801376,Night,Monday,27.6785378666545,92.5727207089009,107.000096335907,13.1944793560642,2,Level 2,Casual Driver,75,54.2410966000092,1.29744457070804,64.8941828422464,0.444786569381663,71.6210409570786,0.190668669575765,3.70703541982695
User_360,Hyundai Kona,75,Station_71,Los Angeles,2024-01-15 23:00:00,2024-01-16 01:34:00,33.3705420262155,2.48637525259712,41.9291685926074,7.40925480308121,Evening,Sunday,58.6090820826588,71.2195604236214,279.51936186357,15.4184334230352,8.01866573326126,Level 1,Commuter,75,31.0431884380059,0.222029800932229,12.6104783409626,2.64625505265871,72.5478832921605,0.185000047797193,8.37623079792899
User_361,BMW i3,77.6084780514284,Station_480,Houston,2024-01-16 00:00:00,2024-01-16 01:18:00,73.0904507701431,1.75404794731854,30.3888038081574,9.59516379366146,Morning,Tuesday,29.6665014631977,99.8568507681671,227.725980226052,2.59424972648934,7,DC Fast Charger,Casual Driver,75,52.7501239026017,0.131277939765847,70.1903493049694,1.04131766680022,73.3773288758577,0.567880925315326,3.11567349532719
User_362,BMW i3,75,Station_48,Houston,2024-01-16 01:00:00,2024-01-16 02:20:00,26.9923440809665,3.54898352556754,46.5813711830802,36.5004733215225,Morning,Monday,23.6948578722974,56.1053102115397,237.511020463743,25.1096122482021,1,Level 2,Commuter,75,57.2288565957769,1.35225281702231,32.4104523392423,0.832828366553973,71.6210409570786,0.106193024252823,8.79919949713525
User_364,Hyundai Kona,50,Station_262,Los Angeles,2024-01-16 03:00:00,2024-01-16 04:39:00,42.2901802667415,2.01229299498224,37.8060963595796,7.80672565057165,Afternoon,Friday,81.1021620402358,92.8336045977209,242.453043096834,36.8265839823054,10.547236543818,Level 1,Casual Driver,75,14.1733784698232,0.184599015689492,11.7314425574851,3.60485763447385,72.5478832921605,0.289683377454779,5.73308133395468
User_365,BMW i3,100,Station_84,Los Angeles,2024-01-16 04:00:00,2024-01-16 05:06:00,30.0361183781928,1.64348225243134,13.3729490455583,35.9544054314209,Afternoon,Wednesday,14.3642491903606,80.3854083687051,217.915716141848,34.9545588760541,6,DC Fast Charger,Commuter,75,64.2268131072295,1.19703901079059,66.0211591783444,0.454946849646423,73.3773288758577,0.249067401849134,7.25512242953675
User_366,Hyundai Kona,62,Station_155,New York,2024-01-16 05:00:00,2024-01-16 06:00:00,10.3860937822937,1.2425644202586,47.7664944371082,21.4889207095285,Morning,Friday,56.6636637288011,73.2902827167968,188.150652359337,16.8305161648351,0,Level 2,Long-Distance Traveler,75,32.5022522033992,2.06900892288908,16.6266189879957,0.624666613807195,71.6210409570786,0.116705869096529,18.1156319501079
User_367,BMW i3,50,Station_53,New York,2024-01-16 06:00:00,2024-01-16 09:18:00,45.7194791824838,2.87216173026935,47.8425566004119,31.2262760054132,Night,Saturday,35.4219500021353,88.8535495661438,156.876651104017,34.2977893980532,7,Level 2,Commuter,75,48.4335374983985,0.682997194276367,53.4315995640085,0.85566368133363,71.6210409570786,0.222255109744217,3.43128692428587
User_368,Chevy Bolt,50,Station_107,Chicago,2024-01-16 07:00:00,2024-01-16 08:31:00,24.5996296955676,2.00786086775494,11.8201757875789,29.2344185629119,Afternoon,Sunday,51.1882630768897,63.4658247552887,263.833173396724,14.2054899197271,1,Level 2,Commuter,75,36.6088026923327,1.18840888764189,12.277561678399,2.00362501447238,71.6210409570786,0.171062307145423,10.7250871928475
User_370,Hyundai Kona,85,Station_304,San Francisco,2024-01-16 09:00:00,2024-01-16 12:35:00,52.7164121502009,0.562816940206345,6.42255653898933,34.4020656396687,Night,Tuesday,37.6821027221398,81.9072284186087,225.304208081138,0.166997605064342,7,DC Fast Charger,Long-Distance Traveler,75,46.7384229583952,0.65258738666906,44.2251256964689,1.19200140915394,73.3773288758577,1.27648814479334,4.27389116389779
User_371,Nissan Leaf,100,Station_135,San Francisco,2024-01-16 10:00:00,2024-01-16 10:43:00,105.703956160865,2.2737418355381,46.4889876716586,36.9416194371352,Evening,Thursday,15.2658414350515,60.9489225492119,264.899769009363,36.5680634288659,4,DC Fast Charger,Casual Driver,75,63.5506189237114,0.349481900004914,45.6830811141604,2.31385347885609,73.3773288758577,0.633560643101499,2.50605349724306
User_372,BMW i3,48.6369312475614,Station_443,Los Angeles,2024-01-16 11:00:00,2024-01-16 14:13:00,68.2529990506254,1.63199574362775,29.2084267989484,9.45976397851553,Afternoon,Saturday,85.9024619599349,91.2782244672691,50.4130248956002,37.5288226449428,0,Level 2,Long-Distance Traveler,75,10.5731535300488,0.138598510103548,5.37576250733419,12.696431242546,71.6210409570786,0.583931748409544,0.738619922887305
User_373,Nissan Leaf,85,Station_69,Los Angeles,2024-01-16 12:00:00,2024-01-16 15:13:00,56.4202299908656,0.82887328393634,25.4028524108535,29.848428683044,Afternoon,Sunday,32.6123865730941,65.1600735692141,12.8075147310984,17.596802362333,4,Level 1,Long-Distance Traveler,75,50.5407100701794,0.529037699560539,32.54768699612,1.73346357907373,72.5478832921605,0.938257327321654,0.227002171617732
User_374,Chevy Bolt,75,Station_11,Houston,2024-01-16 13:00:00,2024-01-16 14:48:00,52.9044636686915,1.54695603470936,15.5720555883373,18.5428839361814,Night,Saturday,89.8386106965979,97.4953804665477,36.7436948003864,32.573853690123,3,Level 2,Long-Distance Traveler,75,7.62104197755158,0.350497531783031,7.65676976994982,6.90950169042868,71.6210409570786,0.477500374048444,0.694529199473411
User_376,Chevy Bolt,100,Station_192,Los Angeles,2024-01-16 15:00:00,2024-01-16 18:03:00,1.35673154688529,1.57120458523801,16.267586405213,23.8746235969605,Night,Friday,40.9233800138241,83.0686868187681,152.259866990807,-6.55032320501236,3,Level 1,Commuter,75,44.307464989632,17.5971610977651,42.145306804944,0.0321917586972254,72.5478832921605,0.0119024520309126,112.225493201184
User_378,Nissan Leaf,75,Station_378,Chicago,2024-01-16 17:00:00,2024-01-16 18:17:00,55.7829774647209,1.37679715607362,46.3333418980202,30.4736442278758,Night,Friday,29.6143632273826,88.3784281153095,10.8799840918476,14.2404948935313,4,Level 1,Commuter,75,52.7892275794631,0.546289309263717,58.7640648879269,0.949270231239254,72.5478832921605,0.558479177609222,0.195041293712379
User_379,Nissan Leaf,85,Station_69,Los Angeles,2024-01-16 18:00:00,2024-01-16 19:54:00,16.6735994571193,1.80928261550871,32.9948295891954,28.1561708567318,Evening,Thursday,77.4851433713047,88.6654321362811,281.887802190963,33.7293207659469,6,DC Fast Charger,Long-Distance Traveler,75,16.8861424715215,1.68866782059525,11.1802887649764,1.49133889183179,73.3773288758577,0.125591733775694,16.9062356880957
User_380,Hyundai Kona,100,Station_23,New York,2024-01-16 19:00:00,2024-01-16 19:57:00,13.2807123257545,1.76144132222947,59.1485448877576,13.6074308086054,Afternoon,Sunday,76.558211899907,81.5820094962507,257.607588840354,4.20609063874894,5,Level 1,Long-Distance Traveler,75,17.5813410750698,1.02460097582397,5.02379759634368,2.64356038854355,72.5478832921605,0.103927012567938,19.3971213683163
User_382,Hyundai Kona,75,Station_293,Houston,2024-01-16 21:00:00,2024-01-17 00:39:00,83.9994637132732,3.61707816042668,23.2230159227094,17.8581910326585,Evening,Friday,70.6004240764381,89.3544157556192,71.3201924276133,33.1090395974833,4,Level 2,Long-Distance Traveler,75,22.0496819426714,0.212598869602504,18.7539916791811,4.47901786191585,71.6210409570786,0.324248511504135,0.84905533053235
User_383,Tesla Model 3,62,Station_9,Chicago,2024-01-16 22:00:00,2024-01-17 01:57:00,64.9428570652594,3.63679470057838,49.3191288545254,15.3216138583749,Night,Friday,49.3010604864969,73.2435185299614,41.7622920214852,12.2549286448693,4,Level 1,Long-Distance Traveler,75,38.0242046351273,0.235924542755774,23.9424580434644,2.71245571141293,72.5478832921605,0.246143209785371,0.643062130443681
User_385,Hyundai Kona,85,Station_387,Chicago,2024-01-17 00:00:00,2024-01-17 03:57:00,36.910898888112,1.32513613001674,27.8544204267117,24.6542175481007,Morning,Saturday,10.0088185441458,58.154900307581,284.582841979868,22.1654401364815,7,Level 2,Casual Driver,75,67.4933860918907,0.667938692656472,48.1460817634352,0.7666438791317,71.6210409570786,0.388913928846753,7.70999489453033
User_386,Tesla Model 3,100,Station_93,Chicago,2024-01-17 01:00:00,2024-01-17 02:20:00,46.5596537157842,1.6657565361853,35.7760002487261,23.55573453655,Evening,Sunday,77.2758815843857,95.7472314423756,197.5286464172,1.65350230080475,1.50286878793576,DC Fast Charger,Commuter,75,17.0430888117107,0.505925896277969,18.4713498579899,2.52064164631935,73.3773288758577,0.38092222928179,4.24248529903125
User_387,Nissan Leaf,50,Station_454,Houston,2024-01-17 02:00:00,2024-01-17 04:13:00,54.8840133585212,1.88677050568623,6.98513680525674,6.55598150493396,Night,Saturday,64.2804181461395,82.3838962522375,127.071320906586,30.5938779278217,2.81790171724382,Level 1,Commuter,75,26.7896863903954,0.119451568931522,18.1034781060979,3.03168336144391,72.5478832921605,0.40096091190084,2.31527020585234
User_388,Nissan Leaf,50,Station_17,Chicago,2024-01-17 03:00:00,2024-01-17 06:19:00,13.7261337393053,5.68558073667591,12.4840085470061,21.0923854644875,Evening,Friday,82.9125826510554,90.8310762146368,166.722383778862,6.78635339109589,2,Level 1,Casual Driver,75,12.8155630117085,1.53665889208763,7.91849356358144,1.73342740372162,72.5478832921605,0.0332773434794244,12.1463470300779
User_389,Tesla Model 3,75,Station_154,Los Angeles,2024-01-17 04:00:00,2024-01-17 06:10:00,74.2197558575455,2.82915537798055,3.56665303708691,29.1650414970857,Night,Friday,55.2938415830501,90.0971146794724,152.259866990807,3.20510271605055,4,Level 2,Long-Distance Traveler,75,33.5296188127124,0.392955233550808,34.8032730964223,2.13255102909201,71.6210409570786,0.366287495600027,2.05147356295605
User_390,Nissan Leaf,50,Station_405,Chicago,2024-01-17 05:00:00,2024-01-17 05:58:00,20.5813876762807,1.53694442584064,37.0266257450481,31.6837867049669,Evening,Saturday,22.5425084112809,84.6723620449156,205.507522000601,6.74176764448031,2,DC Fast Charger,Casual Driver,75,58.0931186915394,1.53943879797189,62.1298536336347,0.331264061841258,73.3773288758577,0.182496521423391,9.98511496080711
User_391,Tesla Model 3,75,Station_328,Houston,2024-01-17 06:00:00,2024-01-17 08:36:00,36.0475773863041,1.64577995982082,49.8518963872992,7.46157739395539,Evening,Tuesday,46.3284258588454,52.1517091653347,57.6589438038869,6.87689728156869,4,Level 2,Casual Driver,75,40.2536806058659,0.206992478689854,5.82328330648928,6.19024963908828,71.6210409570786,0.305818451000151,1.5995234072455
User_392,Hyundai Kona,62,Station_149,Houston,2024-01-17 07:00:00,2024-01-17 08:51:00,31.7357503135841,1.96195761837512,11.1298727625512,11.7393009374145,Evening,Wednesday,58.968752752507,81.66823961304,87.2741052197421,-9.56906362005498,3,Level 1,Casual Driver,75,30.7734354356198,0.369907779756814,22.699486860533,1.39808227862464,72.5478832921605,0.22296382349616,2.75002495158861
User_393,Hyundai Kona,85,Station_377,Houston,2024-01-17 08:00:00,2024-01-17 08:39:00,64.5382469650896,3.97099980075603,17.5601600705811,32.9733564927993,Evening,Tuesday,17.1896376551472,57.1353834606959,258.378531214593,12.3263894792597,7,Level 2,Commuter,75,62.1077717586396,0.510911870764562,39.9457458055487,1.6156475655569,71.6210409570786,0.226922035459227,4.00349472390157
User_394,Tesla Model 3,85,Station_267,New York,2024-01-17 09:00:00,2024-01-17 11:15:00,41.5686202547537,2.53432720699063,27.8768827615729,37.1092260429216,Night,Friday,25.5283013733687,73.3615476375407,240.385116025016,-2.13407030193649,0,Level 2,Casual Driver,75,55.8537739699735,0.892722101804134,47.8332462641721,0.86903197046631,71.6210409570786,0.229014138462501,5.78285049038948
User_395,Hyundai Kona,75,Station_422,Los Angeles,2024-01-17 10:00:00,2024-01-17 13:16:00,34.3756697401662,3.14574570749033,3.80654684826066,35.3507433816187,Afternoon,Monday,41.1118264512112,63.0261598722875,150.834727992529,18.0001270319365,6,DC Fast Charger,Long-Distance Traveler,75,44.1661301615916,1.0283652260108,21.9143334210763,1.56863862019664,73.3773288758577,0.148924330830729,4.38783387007836
User_396,Hyundai Kona,60.7892802481448,Station_328,New York,2024-01-17 11:00:00,2024-01-17 14:59:00,12.1180932324559,2.8544938427037,7.99703834178368,37.3138650814215,Evening,Monday,30.0671887777372,90.2070511207323,256.226458097527,20.9874933417765,2,DC Fast Charger,Casual Driver,75,52.4496084166971,3.07918616944487,60.1398623429951,0.201498519623188,73.3773288758577,0.0578553174213851,21.1441233519541
User_397,Hyundai Kona,85,Station_106,San Francisco,2024-01-17 12:00:00,2024-01-17 12:30:00,48.2725482851278,3.64957832199903,43.142319817212,10.3299383117132,Night,Thursday,60.6039555694845,71.9541788014992,152.259866990807,33.5474543159978,4,Level 2,Commuter,75,29.5470333228867,0.21399198257979,11.3502232320147,4.25300430646766,71.6210409570786,0.184678742393779,3.15417089836371
User_398,Chevy Bolt,50,Station_472,Los Angeles,2024-01-17 13:00:00,2024-01-17 14:08:00,26.4021039498391,0.958022340801825,47.7590534831962,10.5705661147466,Afternoon,Tuesday,29.4760111177166,87.3432355567269,247.340301484012,22.8837412564323,7,Level 2,Commuter,75,52.8929916617126,0.400368324237699,57.8672244390103,0.456253158947788,71.6210409570786,0.384788665635256,9.36820421410087
User_399,BMW i3,62,Station_381,Chicago,2024-01-17 14:00:00,2024-01-17 14:50:00,54.6269976268627,2.23122579145456,27.7730674320705,37.7630357569454,Morning,Saturday,55.8098258551932,60.0305571787577,246.294356710902,-4.37366048436006,2,Level 2,Long-Distance Traveler,75,33.1426306086051,0.691288875418178,4.22073132356445,12.9425432322306,71.6210409570786,0.341840237439233,4.50865629469973
User_400,Nissan Leaf,75,Station_35,Houston,2024-01-17 15:00:00,2024-01-17 16:34:00,69.4499614792814,1.06620674734646,49.4167326886436,15.3072450251239,Morning,Thursday,27.5624815852496,63.2922766904876,150.111846787929,37.8990715905881,7,Level 1,Casual Driver,75,54.3281388110628,0.220406818075636,35.7297951052381,1.94375482072384,72.5478832921605,0.897854238034677,2.16143887758255
User_401,Chevy Bolt,85,Station_119,San Francisco,2024-01-17 16:00:00,2024-01-17 16:44:00,66.1891441809268,2.50146309925212,2.53523786184667,13.9931979053297,Evening,Thursday,88.3172613161552,103.063452399756,69.7400307953683,21.8531658863569,1,DC Fast Charger,Long-Distance Traveler,75,8.76205401288364,0.211412280344335,14.7461910836013,4.48855869327052,73.3773288758577,0.360604188439671,1.05364756801712
User_402,Hyundai Kona,75,Station_14,Los Angeles,2024-01-17 17:00:00,2024-01-17 19:41:00,13.6638425080237,0.799133805206185,14.3304570227697,8.2759232144329,Morning,Monday,62.24698007651,82.888930350227,209.090643030094,36.0889288837699,3,Level 1,Casual Driver,75,28.3147649426175,0.605680518461269,20.641950273717,0.661945326233131,72.5478832921605,0.235683185363167,15.3024775356794
User_404,Hyundai Kona,62,Station_266,Houston,2024-01-17 19:00:00,2024-01-17 20:30:00,79.4623119083523,2.89534898607226,25.4125201652172,18.2724695147534,Evening,Wednesday,28.4612308386537,49.0964153764554,48.231618744644,32.5388205320001,3,DC Fast Charger,Long-Distance Traveler,75,53.6540768710097,0.229951395522294,20.6351845378017,3.85081663615777,73.3773288758577,0.374023060856607,0.606974773151224
User_405,BMW i3,50,Station_140,New York,2024-01-17 20:00:00,2024-01-17 22:57:00,26.6152020387529,1.31791750405083,22.7439666226058,29.9431502709796,Afternoon,Sunday,59.9310526622482,69.5213064302717,193.003615208893,28.8980316977788,5,Level 1,Long-Distance Traveler,75,30.0517105033139,1.12503937514286,9.59025376802353,2.77523438717494,72.5478832921605,0.278366388811849,7.25163066310265
User_406,Hyundai Kona,62,Station_294,Los Angeles,2024-01-17 21:00:00,2024-01-17 23:47:00,16.2264850702779,0.813977830038709,19.9347997838052,22.615527145707,Morning,Saturday,45.146440223456,83.9551380918287,284.75469947244,28.9726060947913,4,Level 1,Commuter,75,41.140169832408,1.393741592696,38.8086978683727,0.418114648559279,72.5478832921605,0.274781273817803,17.5487604517645
User_410,BMW i3,100,Station_34,New York,2024-01-18 01:00:00,2024-01-18 03:33:00,19.8987989510854,1.84967209085132,33.6360507130432,30.7082974112515,Morning,Thursday,14.3672221640957,93.0225367833172,10.0282951729588,22.1892611652332,7,DC Fast Charger,Long-Distance Traveler,75,64.2245833769282,1.54322366323403,78.6553146192215,0.252987341636323,73.3773288758577,0.146612237655699,0.503964847205603
User_411,Nissan Leaf,46.8767965464506,Station_169,San Francisco,2024-01-18 02:00:00,2024-01-18 04:19:00,25.1008625389698,3.77530341619117,24.4346076493531,30.547396275006,Afternoon,Tuesday,19.6417471833639,65.4686181231566,289.542031436452,-8.67599609734783,6,Level 2,Commuter,75,60.2686896124771,1.21698591941135,45.8268709397927,0.547732411666231,71.6210409570786,0.0928316683267401,11.5351427062289
User_412,Nissan Leaf,50,Station_10,Houston,2024-01-18 03:00:00,2024-01-18 06:25:00,27.0471032307724,1.10963772328525,4.52163154231659,33.4575661130503,Afternoon,Monday,52.0329656763205,105.61692193185,58.7260172842682,20.5653882696295,3,DC Fast Charger,Commuter,75,35.9752757427596,1.23701107019049,53.5839562555293,0.504761221843925,73.3773288758577,0.332183187213125,2.17124979274874
User_413,Hyundai Kona,50,Station_122,Chicago,2024-01-18 04:00:00,2024-01-18 05:02:00,30.1846842414371,2.9714279747215,40.1824601065407,7.26088862243954,Afternoon,Sunday,64.156635005241,65.4005448852637,104.535853234247,26.1756259044641,0,DC Fast Charger,Casual Driver,75,26.8825237460692,0.240548768519894,1.24390988002267,24.265973545356,73.3773288758577,0.138439343489367,3.4632084403501
User_414,BMW i3,85,Station_401,San Francisco,2024-01-18 05:00:00,2024-01-18 07:07:00,15.3421206810932,3.39245225097109,43.4968499597424,30.9455149896819,Evening,Tuesday,41.8927273654087,95.3782979668175,172.293577043152,36.03515006018,0,Level 1,Long-Distance Traveler,75,43.5804544759435,2.01702982481538,53.4855706014088,0.286845975626352,72.5478832921605,0.0623371446069581,11.2301017978223
User_416,Hyundai Kona,50,Station_451,Los Angeles,2024-01-18 07:00:00,2024-01-18 07:39:00,60.2603830040749,3.03039683555041,31.2229731374332,11.4675840275949,Evening,Saturday,51.1912673547326,66.230847094859,175.974126881544,6.87287411791997,7,Level 2,Commuter,75,36.6065494839506,0.190300549978573,15.0395797401264,4.00678636273971,71.6210409570786,0.277646213476794,2.92022914739265
User_417,Nissan Leaf,100,Station_446,Houston,2024-01-18 08:00:00,2024-01-18 11:31:00,5.65018173838483,0.639951450792443,11.6674382130573,25.6301019050213,Morning,Saturday,58.4004575826834,65.017991086165,83.2655253551879,23.059446627778,6,DC Fast Charger,Casual Driver,75,31.1996568129875,4.53615531176665,6.61753350348165,0.853819891567171,73.3773288758577,0.120324340759601,14.7367871000536
User_419,Hyundai Kona,62,Station_371,Chicago,2024-01-18 10:00:00,2024-01-18 11:34:00,61.4606745883258,2.46978437322888,31.6504307725885,10.9917087856684,Evening,Friday,15.973834415845,62.9312696243236,57.1636435871776,-9.469038376152,0.461661553239219,Level 1,Long-Distance Traveler,75,63.0196241881163,0.17884132999341,46.9574352084786,1.30885927469115,72.5478832921605,0.343015336873115,0.930084870855545
User_420,BMW i3,85,Station_257,Chicago,2024-01-18 11:00:00,2024-01-18 12:46:00,41.5789151236527,1.07699859331293,35.4181059954756,7.26985449231802,Night,Thursday,45.885527826461,90.4223960079559,149.934856967892,21.2769823616799,0,DC Fast Charger,Casual Driver,75,40.5858541301543,0.174844737307311,44.536868181495,0.933584170180353,73.3773288758577,0.526133698818771,3.6060310020595
User_422,BMW i3,85,Station_359,Los Angeles,2024-01-18 13:00:00,2024-01-18 15:42:00,29.697898464845,3.91963563765755,32.3031022579564,21.4800655971154,Afternoon,Saturday,42.9923005389274,50.4404503696758,180.452906460769,8.19910699488663,4,Level 2,Long-Distance Traveler,75,42.7557745958045,0.723285710689008,7.44814983074843,3.98728531779022,71.6210409570786,0.105788727111972,6.07628538680543
User_423,Nissan Leaf,69.4450456130709,Station_4,Houston,2024-01-18 14:00:00,2024-01-18 15:49:00,72.7157485297247,0.682132431930961,32.2534321225028,28.1194615610424,Afternoon,Monday,28.898519624791,57.7353440931298,151.621328633401,4.48579595921587,2,DC Fast Charger,Commuter,75,53.3261102814067,0.386703872676876,28.8368244683388,2.52162815671894,73.3773288758577,1.45277340963953,2.0851236726446
User_424,Nissan Leaf,85,Station_426,Houston,2024-01-18 15:00:00,2024-01-18 15:44:00,61.9271036038402,0.798403786229012,25.2745982572989,27.1225588698463,Morning,Wednesday,73.657408117288,93.02610697458,152.259866990807,7.6851979048739,3,DC Fast Charger,Commuter,75,19.756943912034,0.437975575982926,19.368698857292,3.19727742478301,73.3773288758577,1.05705182895497,2.45869511296448
User_426,Nissan Leaf,100,Station_354,Los Angeles,2024-01-18 17:00:00,2024-01-18 17:52:00,78.9550610157201,3.79656267551538,41.3075666403886,26.9441207440807,Night,Tuesday,50.0894493864869,74.789621164952,91.2599115355268,37.2072192384308,6,Level 2,Commuter,75,37.4329129601348,0.341258943979742,24.7001717784651,3.19653894409582,71.6210409570786,0.290368011742942,1.1558462543314
User_428,Hyundai Kona,85,Station_85,Los Angeles,2024-01-18 19:00:00,2024-01-18 21:16:00,37.2870187573633,1.90471801483481,29.1488262275085,10.4206811327973,Morning,Tuesday,29.0856419156555,78.1298443122661,46.646749394879,6.23331395362195,2,Level 2,Long-Distance Traveler,75,53.1857685632584,0.279472091898994,49.0442023966107,0.760273731354229,71.6210409570786,0.273329396829293,1.25101847638778
User_429,Hyundai Kona,100,Station_214,San Francisco,2024-01-18 20:00:00,2024-01-18 22:54:00,72.0948405013229,2.02281824344834,7.42416971551389,7.96452851384605,Morning,Monday,32.5068592645132,89.8446482353,255.117451617531,-3.31159916998991,3,Level 1,Commuter,75,50.6198555516151,0.110472933409152,57.3377889707868,1.25737043223021,72.5478832921605,0.491272639810939,3.53863674353854
User_430,BMW i3,62,Station_121,New York,2024-01-18 21:00:00,2024-01-18 23:22:00,65.7513333534698,0.876245229883002,42.5141325469308,20.2436354541536,Evening,Sunday,18.3206791247136,81.1535697741474,80.8272973065993,18.9595558182669,1,Level 2,Commuter,75,61.2594906564648,0.307881748121011,62.8328906494338,1.046447691231,71.6210409570786,1.0477031956343,1.22928757766909
User_432,Tesla Model 3,62,Station_338,Houston,2024-01-18 23:00:00,2024-01-19 01:50:00,33.3981787553071,2.45500697597893,14.4209292244349,15.4131207260988,Morning,Tuesday,23.3441392296668,68.1393011493499,23.1068827187795,27.2833418578024,2,DC Fast Charger,Long-Distance Traveler,75,57.4918955777499,0.461495844998723,44.795161919683,0.745575578344586,73.3773288758577,0.185399328161946,0.691860561860958
User_433,BMW i3,62,Station_197,San Francisco,2024-01-19 00:00:00,2024-01-19 02:51:00,46.5117702649118,2.80934662100821,10.4812238310962,15.9119775595642,Evening,Sunday,70.9813618029958,94.3777650473178,223.26017562434,38.4520272207074,5,Level 2,Casual Driver,75,21.7639786477532,0.342106470446861,23.396403244322,1.98798805864314,71.6210409570786,0.231162250599936,4.80007908434236
User_434,Chevy Bolt,50,Station_19,Houston,2024-01-19 01:00:00,2024-01-19 03:48:00,74.5404848593123,3.59107987291466,16.9358689353657,28.3746874305844,Evening,Saturday,51.8149112933009,76.0763919277186,31.4384172018445,10.7468010454583,2,Level 2,Casual Driver,75,36.1388165300243,0.380661428271345,24.2614806344177,3.07237987584188,71.6210409570786,0.28981877714925,0.421762982373691
User_435,BMW i3,100,Station_130,San Francisco,2024-01-19 02:00:00,2024-01-19 02:57:00,53.8382720557714,0.948192984739082,25.6059777916706,39.9075072032649,Morning,Thursday,65.2204287529696,88.6589489129328,207.671983928281,4.71993335127976,5,Level 2,Commuter,75,26.0846784352728,0.741247920474202,23.4385201599631,2.29699962661193,71.6210409570786,0.792781936147224,3.85733003676552
User_436,BMW i3,27.5,Station_12,Los Angeles,2024-01-19 03:00:00,2024-01-19 04:11:00,42.4661871700687,1.38356631863451,30.6932790991762,5.16175792619023,Night,Tuesday,31.2110722966434,95.2110127563528,51.9185110937121,32.4735030076181,4,Level 2,Casual Driver,75,51.5916957775174,0.121549832235195,63.9999404597094,0.663534791830047,71.6210409570786,0.428551144873337,1.22258470923676
User_437,Nissan Leaf,75,Station_81,New York,2024-01-19 04:00:00,2024-01-19 06:08:00,81.7968275103371,2.66235347915611,30.7235039038709,23.5602603712636,Afternoon,Tuesday,44.9114607543874,51.9688265218918,249.808026948221,39.0731055739558,6,DC Fast Charger,Long-Distance Traveler,75,41.3164044342095,0.288033913886039,7.05736576750441,11.5902774781732,73.3773288758577,0.418705673462848,3.05400630503244
User_438,Chevy Bolt,100,Station_330,Houston,2024-01-19 05:00:00,2024-01-19 06:30:00,76.4993198665354,3.00771452166401,37.4455109780179,31.9488842657752,Evening,Thursday,24.8747515585814,58.71010168216,59.5914548295969,45.7533476713282,2,Level 2,Commuter,75,56.343936331064,0.417636187112707,33.8353501235786,2.26092886839158,71.6210409570786,0.355124252403633,0.778980191373769
User_439,BMW i3,62,Station_354,San Francisco,2024-01-19 06:00:00,2024-01-19 08:32:00,5.61487408482217,2.45960154644358,18.5611652913539,54.8929825257945,Afternoon,Thursday,42.5268327972647,64.3974684816319,127.334841134759,5.26403565155847,7,DC Fast Charger,Long-Distance Traveler,75,43.1048754020515,9.77635147227582,21.8706356843671,0.256731179004349,73.3773288758577,0.031110956659063,22.6781294132604
User_442,Hyundai Kona,67.5420207547089,Station_125,New York,2024-01-19 09:00:00,2024-01-19 10:50:00,21.5809155270081,1.26552368738911,32.631930630337,29.8779443780252,Afternoon,Saturday,14.5424591405046,87.11111918934,124.119368168178,-5.86157332390556,4.69034702929345,DC Fast Charger,Long-Distance Traveler,75,64.0931556446216,1.38446139324504,72.5686600488354,0.297386165219051,73.3773288758577,0.232400837124692,5.75134859375379
User_444,Chevy Bolt,100,Station_267,Chicago,2024-01-19 11:00:00,2024-01-19 11:39:00,49.5455465707554,0.674939502771431,27.007663464458,5.38494403746609,Evening,Sunday,48.4447483440605,92.4969655377873,60.5871958955663,36.8108249109874,7,DC Fast Charger,Long-Distance Traveler,75,38.6664387419546,0.108686742001643,44.0522171937268,1.1247004061764,73.3773288758577,1.00040966378495,1.22285856326244
User_446,BMW i3,100,Station_441,Chicago,2024-01-19 13:00:00,2024-01-19 15:58:00,71.1255882715154,0.823473851586125,14.1671291413883,11.3485795460948,Morning,Saturday,78.3625895668629,91.2500014507783,50.6198671254859,-1.71447564641868,5,Level 2,Casual Driver,75,16.2280578248528,0.159556916461241,12.8874118839154,5.5189970579187,71.6210409570786,1.20596701489984,0.711696990571792
User_449,Tesla Model 3,107.431954545765,Station_329,Los Angeles,2024-01-19 16:00:00,2024-01-19 19:27:00,5.74644480942985,0.581029560353715,7.00763773656255,20.6525858962743,Evening,Friday,60.7113111913922,67.3038644789924,140.004460819411,16.9761710763139,3,Level 2,Commuter,75,29.4665166064559,3.5939762028835,6.59255328760018,0.871656937568976,71.6210409570786,0.138089412865589,24.36366579031
User_450,Nissan Leaf,62,Station_2,Los Angeles,2024-01-19 17:00:00,2024-01-19 20:46:00,9.73703961231045,3.07030717536871,3.64528225860278,39.6624865203968,Morning,Tuesday,75.7809842090969,97.1633594418661,157.877059458619,13.5202212962282,4,Level 1,Casual Driver,75,18.1642618431773,4.0733619354133,21.3823752327692,0.455376893647816,72.5478832921605,0.0437139814431978,16.2140718066934
User_452,BMW i3,85,Station_250,Houston,2024-01-19 19:00:00,2024-01-19 19:59:00,63.8306087463653,2.45865252017777,38.13906947159,6.75990046240675,Evening,Thursday,11.0835459139522,74.4052795934412,295.987302076394,13.9191598818896,2.04474428208434,Level 2,Casual Driver,75,66.6873405645359,0.105903744225088,63.321733679489,1.00803634135243,71.6210409570786,0.362485970849844,4.63707471837715
User_453,Hyundai Kona,85,Station_139,Chicago,2024-01-19 20:00:00,2024-01-19 22:54:00,72.9480247631945,3.75795284389118,14.7901193005368,10.5217202993915,Morning,Friday,38.584757552644,78.1430003742387,14.8917233256789,34.4222035879402,2,Level 2,Casual Driver,75,46.061431835517,0.144235849202872,39.5582428215947,1.84406635785583,71.6210409570786,0.27103263158111,0.20414155659486
User_454,Hyundai Kona,62,Station_124,Chicago,2024-01-19 21:00:00,2024-01-20 00:52:00,21.0978472178322,3.46806245786746,37.2627551855358,25.5517095163491,Night,Friday,66.1999658575262,78.6973089860877,197.848684779527,-3.52520798686237,1,Level 2,Long-Distance Traveler,75,25.3500256068554,1.2111050597974,12.4973431285615,1.68818660100762,71.6210409570786,0.0849396767486785,9.37767169971273
User_455,BMW i3,62,Station_309,Chicago,2024-01-19 22:00:00,2024-01-19 22:49:00,58.7914423257815,2.47172276830537,34.2417657132143,19.2159418085032,Evening,Wednesday,63.0481628036135,97.7190613489558,29.9759929234148,-4.11951940401189,7,Level 1,Casual Driver,75,27.7138778972899,0.326849300651985,34.6708985453423,1.69569999026401,72.5478832921605,0.327860888174359,0.509870003823151
User_456,Nissan Leaf,62,Station_228,Houston,2024-01-19 23:00:00,2024-01-20 00:17:00,65.1839276854977,2.40833711154667,38.5777053275598,33.186462831634,Night,Saturday,17.7297175629675,82.7913616963421,254.216612357502,17.1492010704661,1,Level 1,Commuter,75,61.7027118277744,0.509120330885145,65.0616441333747,1.00187950295065,72.5478832921605,0.373077022305116,3.8999891750012
User_457,Hyundai Kona,85,Station_10,San Francisco,2024-01-20 00:00:00,2024-01-20 03:50:00,72.5499563081471,0.359917240927606,35.112702584459,32.0699294854501,Morning,Friday,61.8488327101033,64.3678685381427,44.4173451533186,9.6879735645313,0,DC Fast Charger,Commuter,75,28.6133754674225,0.442039266698342,2.51903582803942,28.8006845716891,73.3773288758577,2.74708821651187,0.612231177158279
User_458,Chevy Bolt,100,Station_469,Los Angeles,2024-01-20 01:00:00,2024-01-20 03:39:00,57.5569000579787,3.34150378018422,13.0362831361364,14.2581093488397,Afternoon,Friday,55.2843324868843,93.5837387791784,249.41857849199,24.2483718193103,2,Level 1,Casual Driver,75,33.5367506348368,0.247721981803696,38.2994062922941,1.50281442011698,72.5478832921605,0.237427321381253,4.3334261963508
User_460,Chevy Bolt,75,Station_112,Houston,2024-01-20 03:00:00,2024-01-20 05:38:00,21.0305196545842,2.84441668585701,8.33299251821205,8.8484586616763,Night,Saturday,16.0049851062116,70.4098916045716,157.676429150275,35.8005773593522,2.08175946533122,DC Fast Charger,Commuter,75,62.9962611703413,0.420743700441446,54.40490649836,0.386555570226338,73.3773288758577,0.100761561271269,7.49750513729723
User_461,Tesla Model 3,62,Station_8,Chicago,2024-01-20 04:00:00,2024-01-20 06:41:00,16.4721402954308,1.77171531712696,22.1144568142468,24.1097559286819,Morning,Tuesday,90.6993996916752,91.8178023613561,141.288788542323,39.9117361780541,0,Level 2,Commuter,75,6.97545023124357,1.46366868520235,1.11840266968082,14.7282734045438,71.6210409570786,0.129812186153088,8.57743960458587
User_462,Nissan Leaf,50,Station_292,Los Angeles,2024-01-20 05:00:00,2024-01-20 07:09:00,78.3068781267066,2.40015746017167,11.8110025016781,29.7631429871463,Afternoon,Thursday,18.9364897786377,51.58666808369,20.6224744854802,4.69096997857364,1,Level 2,Commuter,75,60.7976326660217,0.380083380913069,32.6501783050523,2.39835989240492,71.6210409570786,0.455532688834853,0.263354573427271
User_463,Hyundai Kona,85,Station_477,New York,2024-01-20 06:00:00,2024-01-20 07:23:00,38.5996591001651,3.91141472158362,31.4713599523241,22.309866858835,Evening,Thursday,52.9003473923827,72.1759940237914,116.302537625188,2.03733962078266,6,DC Fast Charger,Commuter,75,35.324739455713,0.577980929855921,19.2756466314088,2.00250916808512,73.3773288758577,0.134489291244278,3.01304571948124
User_464,Nissan Leaf,85,Station_362,New York,2024-01-20 07:00:00,2024-01-20 09:31:00,26.5665092315694,1.06555625615324,43.3759164320633,32.6269663387132,Afternoon,Friday,13.3542013571606,65.4326238367457,32.8406620543354,37.6654431633609,7,Level 1,Casual Driver,75,64.9843489821295,1.22812395314406,52.078422479585,0.510125076119262,72.5478832921605,0.34366346460014,1.23616775422306
User_465,Nissan Leaf,100,Station_460,San Francisco,2024-01-20 08:00:00,2024-01-20 08:54:00,23.022315362066,2.64563739765335,6.99903282202388,5.05609691214774,Evening,Sunday,62.4209009840607,91.3832583526244,230.796840983034,4.61996568119379,6,DC Fast Charger,Commuter,75,28.1843242619545,0.219617220624069,28.9623573685636,0.79490474718936,73.3773288758577,0.118592378501504,10.0249187518002
User_467,Nissan Leaf,85,Station_14,New York,2024-01-20 10:00:00,2024-01-20 10:38:00,58.0910521427402,2.64940304061857,7.0696532772416,30.933457027183,Afternoon,Saturday,42.0363046945396,99.2108507282387,39.4042422018901,-6.2488619963562,4,Level 2,Casual Driver,75,43.4727714790953,0.532499513886819,57.1745460336991,1.01602996740019,71.6210409570786,0.306140356225905,0.678318617901201
User_468,Chevy Bolt,75,Station_240,San Francisco,2024-01-20 11:00:00,2024-01-20 14:53:00,63.2971681879305,0.833544583984381,30.6866947974869,5.54112711466135,Morning,Wednesday,37.2669819480237,70.7476865836059,152.259866990807,7.95765956517206,4,Level 1,Long-Distance Traveler,75,47.0497635389822,0.0875414694415655,33.4807046355822,1.89055663185357,72.5478832921605,1.04672043072211,2.40547675906677
User_469,Tesla Model 3,39.2974225345291,Station_438,Houston,2024-01-20 12:00:00,2024-01-20 15:51:00,21.0022301024728,1.86343597469133,26.2327228750375,33.5817828153307,Night,Friday,32.2755592044347,58.86833854432,216.68646031633,37.1995585715773,7,Level 2,Commuter,75,50.793330596674,1.59896271260149,26.5927793398853,0.789771908909594,71.6210409570786,0.157365783344585,10.3173072220943
User_470,BMW i3,62,Station_242,San Francisco,2024-01-20 13:00:00,2024-01-20 14:03:00,36.3229254401527,2.00541395762692,19.4135297066763,32.6201960806905,Afternoon,Saturday,22.320229882584,89.4089516250029,254.269483754404,-1.5247863712948,1.08711072770543,Level 2,Long-Distance Traveler,75,58.259827588062,0.898060816561623,67.0887217424189,0.541416269333783,71.6210409570786,0.252892620748431,7.00024793359087
User_471,Nissan Leaf,119.5,Station_469,San Francisco,2024-01-20 14:00:00,2024-01-20 15:12:00,65.4508782866363,3.9192599587906,47.4435191653886,11.057587262456,Evening,Saturday,17.5659588966653,99.9408172627621,117.859933548296,10.8377027413306,0,DC Fast Charger,Long-Distance Traveler,75,61.825530827501,0.168944826286826,82.3748583660968,0.794549205726757,73.3773288758577,0.227588078904072,1.80073876216204
User_472,Hyundai Kona,85,Station_342,San Francisco,2024-01-20 15:00:00,2024-01-20 16:43:00,46.9233391469814,2.21933571582851,38.701990532438,16.9610062207874,Night,Wednesday,48.0560017004394,81.1606839100472,129.325159212747,11.7963310970822,6,Level 2,Casual Driver,75,38.9579987246705,0.36146204701373,33.1046822096078,1.41742303550533,71.6210409570786,0.295206066838667,2.75609454833665
User_475,Chevy Bolt,100,Station_306,San Francisco,2024-01-20 18:00:00,2024-01-20 19:39:00,57.8596699943972,3.10477585483258,40.1749928108335,36.9437703519156,Evening,Wednesday,43.7260989896508,96.3553730372794,129.612775587902,-7.46238544382611,5,Level 1,Long-Distance Traveler,75,42.2054257577619,0.638506413111119,52.6292740476285,1.09938187522851,72.5478832921605,0.256874476584022,2.24012296648862
User_476,Hyundai Kona,85,Station_478,Los Angeles,2024-01-20 19:00:00,2024-01-20 21:39:00,25.8925964904245,2.57470304764636,23.4353021769256,36.6468472623719,Evening,Wednesday,36.5791092717293,44.0863726837139,75.87400701764,-6.69870362402762,6,Level 1,Casual Driver,75,47.565668046203,1.41534076259693,7.50726341198462,3.44900599186242,72.5478832921605,0.138619302926885,2.93033597637454
User_477,BMW i3,50,Station_167,Los Angeles,2024-01-20 20:00:00,2024-01-20 22:03:00,65.8986118014283,2.15519915586949,39.4593587589431,10.0776426392954,Morning,Monday,73.7900299816144,95.2886288860187,161.196070093812,26.1536686747404,3,Level 2,Commuter,75,19.6574775137892,0.152926478476697,21.4985989044043,3.0652514656631,71.6210409570786,0.426921698752413,2.44612239449813
User_479,Hyundai Kona,27.5,Station_216,Chicago,2024-01-20 22:00:00,2024-01-20 23:01:00,18.8694514079613,3.98545960600696,44.0108481875636,13.0084051724789,Morning,Wednesday,58.0478705817336,66.3278909083655,185.64666364856,-9.97026209786713,5,DC Fast Charger,Casual Driver,75,31.4640970636998,0.689389685541701,8.28002032663192,2.27891365764761,73.3773288758577,0.0645236555420912,9.83847699834203
User_480,Hyundai Kona,78.8432042092527,Station_343,New York,2024-01-20 23:00:00,2024-01-21 01:15:00,77.3467141712764,1.81652424480305,7.85189464136765,37.6090100878043,Morning,Tuesday,63.6212275771028,82.1149061684686,152.259866990807,-5.39018110783315,7,Level 2,Casual Driver,75,27.2840793171729,0.486239273261474,18.4936785913658,4.18233256240257,71.6210409570786,0.594511200764679,1.96853697823082
User_481,Tesla Model 3,100,Station_135,New York,2024-01-21 00:00:00,2024-01-21 02:53:00,31.7311032004744,2.64898293412186,68.5426018729708,16.7489904517971,Morning,Thursday,39.6071996572138,85.4266263446582,107.682395019038,-9.30311606449408,1,Level 1,Commuter,75,45.2946002570897,0.527841416227427,45.8194266874444,0.692525103313208,72.5478832921605,0.165112998913947,3.39359127663194
User_482,BMW i3,100,Station_393,San Francisco,2024-01-21 01:00:00,2024-01-21 04:53:00,41.270675506375,3.49091275607351,6.79236338765086,27.6093237368519,Morning,Friday,10.8684443285591,72.7700328581958,244.031782875293,-8.03742044248451,1,DC Fast Charger,Long-Distance Traveler,75,66.8486667535807,0.668981629161538,61.9015885296367,0.666714320047147,73.3773288758577,0.161116746681371,5.91295829014472
User_483,Nissan Leaf,75,Station_129,Houston,2024-01-21 02:00:00,2024-01-21 02:30:00,41.9505747733252,1.02099881382479,39.2570047043069,21.5976981507365,Evening,Monday,89.0781018235742,96.1638419925875,44.2258218811588,11.0507748854801,7,DC Fast Charger,Commuter,75,8.19142363231934,0.514836763678139,7.08574016901326,5.92042239380718,73.3773288758577,0.559951973687381,1.05423637507061
User_484,Hyundai Kona,85,Station_410,San Francisco,2024-01-21 03:00:00,2024-01-21 04:41:00,46.4120620228259,0.851404001814604,28.155322376506,32.592705472441,Morning,Wednesday,19.4639112032577,67.7721293588098,87.2239882310461,-6.86000038385545,5,Level 1,Long-Distance Traveler,75,60.4020665975567,0.702246443099458,48.3082181555521,0.960748787574393,72.5478832921605,0.751398685763351,1.87933878456313
User_485,Tesla Model 3,75,Station_422,New York,2024-01-21 04:00:00,2024-01-21 07:25:00,21.4095763682542,2.68874740571774,24.6257010623452,14.8976921843788,Morning,Tuesday,33.3470018768372,84.3668850774475,86.9048810947968,29.2986921191157,7,Level 1,Commuter,75,49.9897485923721,0.695842455176686,51.0198832006102,0.419632014524058,72.5478832921605,0.109757276996959,4.05915930329467
User_486,Chevy Bolt,100,Station_294,Los Angeles,2024-01-21 05:00:00,2024-01-21 06:19:00,54.9960039945714,1.24624968481051,23.0931045801707,36.9679954005373,Morning,Tuesday,57.0843270976595,88.9294004190376,11.215519610306,3.2442471291326,7,DC Fast Charger,Casual Driver,75,32.1867546767554,0.672194208949915,31.8450733213781,1.7269862574834,73.3773288758577,0.601401040413329,0.203933355074544
User_487,Tesla Model 3,100,Station_246,Chicago,2024-01-21 06:00:00,2024-01-21 08:50:00,7.73902845360304,2.10449055915721,36.4538394246694,15.4882923356737,Evening,Saturday,77.5878565014895,99.5840325558417,100.993065560466,-9.7331719540477,6,Level 2,Casual Driver,75,16.8091076238829,2.00132257279179,21.9961760543522,0.351835175099527,71.6210409570786,0.051345079747124,13.0498377368605
User_488,Chevy Bolt,62,Station_189,Houston,2024-01-21 07:00:00,2024-01-21 07:44:00,11.4834314880049,3.62153794312878,21.4799018912932,13.0267800166775,Night,Friday,35.5350168099073,91.0752107703672,267.401263134185,-9.30581701543396,0,DC Fast Charger,Long-Distance Traveler,75,48.3487373925695,1.13439785226957,55.5401939604599,0.206758937431514,73.3773288758577,0.0432132316488226,23.2858325852774
User_490,Nissan Leaf,100,Station_86,Chicago,2024-01-21 09:00:00,2024-01-21 12:21:00,27.611631151577,2.17471800963326,41.0640828100783,5.51911448591033,Evening,Sunday,27.5521263709905,68.8494348287911,95.483467827695,34.2094613899891,6,Level 1,Casual Driver,75,54.3359052217571,0.199883681467877,41.2973084578006,0.668606071017721,72.5478832921605,0.175010605163424,3.458088633139
User_491,Tesla Model 3,85,Station_44,Houston,2024-01-21 10:00:00,2024-01-21 10:37:00,15.2541707280099,3.30846400512546,6.76253003381106,1.64080284317916,Evening,Thursday,42.7418182916947,88.2313138842197,263.827779121029,-2.25831714981357,5.16646508636881,Level 1,Commuter,75,42.943636281229,0.10756421128592,45.4894955925249,0.335333916749707,72.5478832921605,0.0635532029637291,17.2954520980013
User_492,Hyundai Kona,85,Station_330,Houston,2024-01-21 11:00:00,2024-01-21 12:43:00,45.0685333040287,1.71257957570071,41.0331151386082,7.39844866537868,Night,Sunday,51.6619390910817,92.0577618273796,76.4839131642334,37.0141673541119,6,Level 1,Long-Distance Traveler,75,36.2535456816887,0.164159960908187,40.3958227362979,1.11567311299077,72.5478832921605,0.362742063144455,1.69705795944765
User_493,BMW i3,100,Station_375,New York,2024-01-21 12:00:00,2024-01-21 13:15:00,10.1552128176938,1.52010446180264,41.1804616022764,6.57125900310472,Morning,Saturday,28.8351983780864,76.2968437507022,156.084254416465,7.54124067599297,1,Level 2,Commuter,75,53.3736012164352,0.647082352784903,47.4616453726157,0.213966724877877,71.6210409570786,0.0932770852182236,15.3698654295569
User_494,Tesla Model 3,75,Station_446,Los Angeles,2024-01-21 13:00:00,2024-01-21 14:38:00,54.9977054308432,3.47862928487258,34.5845723697652,36.0612373249882,Morning,Wednesday,42.6980742621012,60.6909205679954,2.90836929516522,22.3252503603091,1,DC Fast Charger,Commuter,75,42.9764443034241,0.655686215315535,17.9928463058942,3.05664287327496,73.3773288758577,0.21546390350126,0.0528816479229729
User_495,Hyundai Kona,75,Station_378,Houston,2024-01-21 14:00:00,2024-01-21 16:23:00,64.8704747409729,3.23390896173155,38.9881693652705,5.19759076959184,Night,Tuesday,26.6507117935048,56.364770700188,90.134809401463,27.3340942825868,4,Level 1,Casual Driver,75,55.0119661548714,0.0801225949146474,29.7140589066833,2.18315764078876,72.5478832921605,0.27649962122536,1.38945814349857
User_496,Tesla Model 3,50,Station_390,Houston,2024-01-21 15:00:00,2024-01-21 17:56:00,25.1323355312691,1.89986025683866,16.2054935050736,32.6158554683983,Night,Monday,25.6843481163762,94.5286367121891,127.430017395226,40.2554968592423,4,Level 1,Commuter,75,55.7367389127179,1.29776460400261,68.8442885958129,0.365060574288477,72.5478832921605,0.182341887328111,5.07036113840992
User_497,Chevy Bolt,100,Station_145,Chicago,2024-01-21 16:00:00,2024-01-21 19:15:00,14.4627192611553,3.40012146777074,44.0403543025958,18.4132720543199,Afternoon,Thursday,14.1517792948105,64.6071926102649,55.7447785832347,1.78169785252399,2,Level 1,Long-Distance Traveler,75,64.3861655288922,1.27315421960621,50.4554133154544,0.286643559348772,72.5478832921605,0.0586314693579724,3.85437742215996
User_498,Tesla Model 3,100,Station_51,New York,2024-01-21 17:00:00,2024-01-21 19:32:00,79.4181436145842,2.44888298808865,40.5397434742114,21.0255918260351,Morning,Wednesday,41.2438117379568,60.4603741209438,54.6613645898126,-0.380386820341036,6,DC Fast Charger,Casual Driver,75,44.0671411965324,0.264745445676396,19.216562382987,4.13279659659083,73.3773288758577,0.441966954522495,0.688273007929824
User_499,Tesla Model 3,75,Station_242,San Francisco,2024-01-21 18:00:00,2024-01-21 20:48:00,44.4184530546681,2.34437073038922,19.663022523684,6.18554310775622,Evening,Saturday,22.9771285261826,94.8563895834597,116.420531077901,36.3882699344343,2,Level 1,Long-Distance Traveler,75,57.7671536053631,0.139256157798727,71.8792610572772,0.617959233321461,72.5478832921605,0.261163447702093,2.62099472340057
User_500,Tesla Model 3,104.91720077254,Station_294,New York,2024-01-21 19:00:00,2024-01-21 21:26:00,74.0204276601806,2.68604835802911,31.7034360195368,16.6283545657277,Evening,Friday,37.0102781662293,80.9729050328854,171.661965159062,17.8906676907536,5,DC Fast Charger,Long-Distance Traveler,75,47.242291375328,0.224645480867344,43.9626268666561,1.68371257442585,73.3773288758577,0.375557002848425,2.31911609518311
User_501,BMW i3,85,Station_408,San Francisco,2024-01-21 20:00:00,2024-01-21 21:12:00,36.5054221439123,2.2555252746726,11.4087903669309,18.4719820169883,Morning,Saturday,70.6259195224364,79.4896499922563,272.297711636125,11.1023287860215,5,Level 2,Long-Distance Traveler,75,22.0305603581727,0.506006530870064,8.8637304698199,4.11851672026914,71.6210409570786,0.225979502422847,7.45910321383678
User_502,Tesla Model 3,50,Station_51,Los Angeles,2024-01-21 21:00:00,2024-01-21 21:49:00,39.0670867855152,3.86959205119896,16.6747398454406,18.3994987552558,Night,Wednesday,76.1503056207702,88.8589888174606,110.6957634035,18.6174591219132,5,Level 1,Long-Distance Traveler,75,17.8872707844224,0.470971865813084,12.7086831966905,3.07404678996868,72.5478832921605,0.139162140241137,2.83347883120229
User_503,Hyundai Kona,50,Station_266,Los Angeles,2024-01-21 22:00:00,2024-01-22 00:57:00,63.7939688650655,0.780726977348041,25.33774294987,18.7730047045657,Afternoon,Saturday,35.1737458169047,92.8971265887208,208.104992787573,22.7367104482857,2,Level 2,Commuter,75,48.6196906373215,0.2942755410668,57.7233807718161,1.10516688406119,71.6210409570786,1.14087957987038,3.26214211922992
User_504,Chevy Bolt,85,Station_120,Houston,2024-01-21 23:00:00,2024-01-21 23:50:00,67.4512417715039,0.849602112991624,45.0192228415933,28.3422790463056,Evening,Friday,36.067742431259,61.5273340110826,277.489171876033,20.705218741015,0,DC Fast Charger,Casual Driver,75,47.9491931765557,0.42018913665544,25.4595915798236,2.64934500461344,73.3773288758577,1.08196314419974,4.11392236211229
User_505,Chevy Bolt,62,Station_200,Los Angeles,2024-01-22 00:00:00,2024-01-22 01:51:00,56.8885159959476,3.00285468566864,4.86618224521734,28.2537695183156,Afternoon,Wednesday,24.3931357288559,64.47087617102,153.073643551918,29.955830917278,4,Level 2,Commuter,75,56.7051482033581,0.496651547745211,40.0777404421642,1.41945417501875,71.6210409570786,0.264514607041759,2.69076527787826
User_506,Tesla Model 3,75,Station_405,Houston,2024-01-22 01:00:00,2024-01-22 02:26:00,21.8193787363424,1.9892515706144,10.96863717926,34.2578015750497,Evening,Monday,77.2186383638102,96.7728077802988,199.572745190328,38.084207378799,7,Level 1,Casual Driver,75,17.0860212271424,1.5700631071585,19.5541694164886,1.11584277867326,72.5478832921605,0.151191691356283,9.14658238448923
User_507,BMW i3,62,Station_248,New York,2024-01-22 02:00:00,2024-01-22 05:27:00,47.0128921675519,1.66688994719372,32.3517607544628,5.89013194766791,Evening,Sunday,27.3345760916794,82.1081994352854,18.7298094804772,15.7238624437848,6,Level 2,Commuter,75,54.4990679312404,0.125287589767414,54.773623343606,0.858312620157161,71.6210409570786,0.39379428848041,0.398397303737983
User_508,BMW i3,75,Station_70,Los Angeles,2024-01-22 03:00:00,2024-01-22 04:43:00,73.6197452471962,3.51241097700896,25.2762720980203,24.7532461311067,Morning,Thursday,36.2143819169935,85.9841576541345,253.846015580864,36.1588452222002,2,Level 2,Casual Driver,75,47.8392135622549,0.336231075616897,49.769775737141,1.4792058866413,71.6210409570786,0.292649883580487,3.44806973629852
User_509,Hyundai Kona,85,Station_341,New York,2024-01-22 04:00:00,2024-01-22 06:07:00,52.9747499144586,1.49213702668852,35.5026039612626,23.1083064208708,Evening,Saturday,44.3431160240762,55.3645473245974,152.259866990807,5.84445595310751,3,Level 2,Long-Distance Traveler,75,41.7426629819429,0.436213600973768,11.0214313005212,4.80652180919128,71.6210409570786,0.495700753393668,2.87419699454306
User_510,Tesla Model 3,51.4019831155962,Station_57,New York,2024-01-22 05:00:00,2024-01-22 08:03:00,41.9435863712622,2.53695632332626,11.3362393378352,23.0530735582918,Afternoon,Friday,18.60707556799,79.1021789240287,192.782260188435,-0.309294277073587,3,Level 2,Long-Distance Traveler,75,61.0446933240075,0.549620944528641,60.4951033560387,0.693338535590341,71.6210409570786,0.230840466159518,4.59622738222786
User_511,Chevy Bolt,50,Station_382,Los Angeles,2024-01-22 06:00:00,2024-01-22 09:07:00,37.1629261473043,2.50980015014682,16.7135704652767,34.2572380165505,Afternoon,Monday,43.8521294010991,85.039590045463,177.969939091113,26.5158708357471,7,Level 2,Commuter,75,42.1109029491757,0.921812181332643,41.1874606443639,0.902287384701627,71.6210409570786,0.206742675605633,4.78891081896205
User_512,BMW i3,75,Station_39,New York,2024-01-22 07:00:00,2024-01-22 10:50:00,34.6610021023743,3.17631894330236,20.9394201940129,8.04523685587209,Morning,Tuesday,27.0629534359145,96.5732929286612,207.736387442928,5.41305594513459,2,DC Fast Charger,Commuter,75,54.7027849230641,0.232112067392333,69.5103394927467,0.498645271413055,73.3773288758577,0.148715115147539,5.993375114469
User_513,Tesla Model 3,99.5368693663563,Station_472,Los Angeles,2024-01-22 08:00:00,2024-01-22 10:19:00,44.1272476505866,1.81558998782749,24.3046326243453,28.0134462143987,Evening,Monday,61.0275343910182,94.5402686850617,33.4541675401087,37.88852119459,5,DC Fast Charger,Long-Distance Traveler,75,29.2293492067364,0.634833299285239,33.5127342940436,1.31673074668902,73.3773288758577,0.331228091792012,0.758129485097492
User_514,BMW i3,119.5,Station_289,Los Angeles,2024-01-22 09:00:00,2024-01-22 11:24:00,8.89115581954942,2.88439470565406,48.735798058365,8.58645932139544,Afternoon,Monday,45.452181876392,52.3989830605828,152.259866990807,25.2146724346363,4,Level 1,Commuter,75,40.910863592706,0.965730383727611,6.94680118419074,1.27989208036982,72.5478832921605,0.0424892226854356,17.124867686609
User_515,BMW i3,62,Station_443,Los Angeles,2024-01-22 10:00:00,2024-01-22 13:08:00,29.3793232543862,3.71338968566197,9.76164008802461,38.9702529319188,Night,Monday,53.3064062036573,57.5164175290219,269.377079555277,26.3519778896678,7,DC Fast Charger,Commuter,75,35.020195347257,1.32645168830091,4.21001132536462,6.97844280783299,73.3773288758577,0.107822491405518,9.16893412495675
User_518,Hyundai Kona,62,Station_220,Chicago,2024-01-22 13:00:00,2024-01-22 16:38:00,16.0809743328471,3.26889941370504,36.7281314112864,59.0628991380779,Afternoon,Thursday,12.6887392170317,82.0850735468032,208.899536726952,38.0784635774843,0,DC Fast Charger,Casual Driver,75,65.4834455872262,3.67284331879292,69.3963343297715,0.2317265672338,73.3773288758577,0.0670422997145198,12.9904775919114
User_519,Hyundai Kona,75,Station_313,Los Angeles,2024-01-22 14:00:00,2024-01-22 17:38:00,7.55756740321011,1.50067201638243,43.2339065228986,28.524685802244,Night,Monday,17.7542760352746,99.0714040240048,22.2220064471527,39.7027593684875,3,Level 1,Commuter,75,61.6842929735441,3.77432105866869,81.3171279887302,0.0929394285083151,72.5478832921605,0.0694179044597762,2.94036496951569
User_521,BMW i3,85,Station_352,Houston,2024-01-22 16:00:00,2024-01-22 17:47:00,60.1237228722422,2.96901443494091,30.6593438119203,19.6272771970122,Night,Friday,30.098510545157,86.75793989597,205.553118835167,34.6322469898554,6,DC Fast Charger,Long-Distance Traveler,75,52.4261170911323,0.326448134935332,56.6594293508131,1.0611424004993,73.3773288758577,0.275976216887611,3.41883551143281
User_522,Tesla Model 3,85,Station_460,Los Angeles,2024-01-22 17:00:00,2024-01-22 20:45:00,67.9394257153654,1.22306189260407,17.8996643041924,0.30708545250093,Afternoon,Thursday,46.1808808060193,57.4676655445436,109.008800408855,5.54312928663109,3,Level 2,Long-Distance Traveler,75,40.3643393954856,0.00451998893525351,11.2867847385244,6.01937817450109,71.6210409570786,0.775591083718731,1.60449988001887
User_523,BMW i3,50,Station_304,Los Angeles,2024-01-22 18:00:00,2024-01-22 19:59:00,70.0403461652753,2.93426552605435,32.410287611863,16.5765400520155,Night,Sunday,19.3403228809311,87.5506086377555,149.705783170475,-1.33659018120052,7,Level 1,Long-Distance Traveler,75,60.4947578393017,0.236671303892468,68.2102857568244,1.02682968394203,72.5478832921605,0.329021385582145,2.1374220912217
User_524,Chevy Bolt,85,Station_298,Chicago,2024-01-22 19:00:00,2024-01-22 21:20:00,68.5554601196927,0.620746088324175,6.32635567553715,13.3656176347278,Night,Wednesday,19.1958641680648,69.2230494626895,40.6126381712868,-7.03121790344527,0.917719640583885,Level 2,Casual Driver,75,60.6031018739514,0.194960658296107,50.0271852946247,1.37036412734296,71.6210409570786,1.54201085042268,0.59240559541691
User_525,Hyundai Kona,75,Station_283,San Francisco,2024-01-22 20:00:00,2024-01-22 22:21:00,36.5657937307405,1.59161552431549,46.2654230650779,23.289947298875,Night,Tuesday,58.6279623192321,66.0049883415887,152.259866990807,6.77491590969141,1.80607963667646,Level 1,Casual Driver,75,31.0290282605759,0.636932633552964,7.37702602235662,4.95671204356947,72.5478832921605,0.316673770355434,4.16399731705547
User_526,BMW i3,100,Station_74,San Francisco,2024-01-22 21:00:00,2024-01-22 23:12:00,20.4536420159668,0.919790643501375,26.5046426617847,9.31880273136329,Evening,Tuesday,57.9607863537515,73.6611868053079,200.179513807692,7.50179852531392,1,DC Fast Charger,Commuter,75,31.5294102346864,0.455606034567767,15.7004004515564,1.30274651777683,73.3773288758577,0.303053821528501,9.78698628104598
User_527,Hyundai Kona,100,Station_110,Los Angeles,2024-01-22 22:00:00,2024-01-23 00:54:00,9.71694668393651,2.36809693272183,43.5554339422694,25.719040750662,Afternoon,Saturday,17.3401510260677,75.0797499978988,100.958908506911,5.9378261458385,4,Level 2,Long-Distance Traveler,75,61.9948867304493,2.64682328587634,57.7395989718311,0.16828912664733,71.6210409570786,0.0572914370229112,10.3899827580417
User_528,Tesla Model 3,62,Station_180,New York,2024-01-22 23:00:00,2024-01-22 23:48:00,61.6843432163977,0.674300990130319,13.4128016088827,29.840734726489,Night,Monday,86.6680450401114,87.8395671372648,277.817521173799,37.4400125398151,6,Level 1,Commuter,75,9.99896621991643,0.483765136670149,1.17152209715334,52.6531623827525,72.5478832921605,1.26094574904931,4.50385797574556
User_529,Hyundai Kona,62,Station_426,Houston,2024-01-23 00:00:00,2024-01-23 03:28:00,28.5788780800594,0.977279788479345,18.8905092611504,36.5577561907902,Afternoon,Wednesday,25.4878782203894,91.4661194997929,268.456297947193,17.6750936549343,3,DC Fast Charger,Long-Distance Traveler,75,55.884091334708,1.27918794042156,65.9782412794035,0.433156106102223,73.3773288758577,0.398533066065629,9.39352122904031
User_530,Hyundai Kona,62,Station_32,Houston,2024-01-23 01:00:00,2024-01-23 02:39:00,21.1340447784531,3.89851814273875,32.2920457010801,10.7271512420217,Night,Sunday,44.7142151570006,79.2011792359603,72.353761687005,-1.2121201955982,5,Level 2,Long-Distance Traveler,75,41.4643386322495,0.507576819982817,34.4869640789597,0.612812561003213,71.6210409570786,0.075690684847938,3.42356432218656
User_531,Nissan Leaf,85,Station_234,New York,2024-01-23 02:00:00,2024-01-23 03:32:00,46.7660442610974,0.897608293158929,1.47254913937482,36.6989178019789,Morning,Tuesday,18.361941725145,58.1295277890623,122.104710999318,6.27001913618129,7,DC Fast Charger,Commuter,75,61.2285437061413,0.784734274232962,39.7675860639173,1.17598398318499,73.3773288758577,0.710038473488235,2.61096941014726
User_532,Nissan Leaf,87.4886238684173,Station_282,Los Angeles,2024-01-23 03:00:00,2024-01-23 04:44:00,17.7597745537707,2.71526262490396,42.8224050979639,29.8652532884304,Morning,Sunday,17.0187731504714,77.2751313193413,175.124760579832,28.1198738773074,0,DC Fast Charger,Casual Driver,75,62.2359201371465,1.68162344617655,60.2563581688699,0.294736938863754,73.3773288758577,0.0891381689136686,9.86075358387082
User_533,Nissan Leaf,50,Station_25,Houston,2024-01-23 04:00:00,2024-01-23 07:57:00,79.3900638239422,2.71430781575339,19.1377891690437,21.8526782612171,Morning,Saturday,63.9123704195691,87.4445113659387,152.259866990807,14.4613043435318,4,Level 2,Commuter,75,27.0657221853232,0.275257094007108,23.5321409463695,3.37368639788766,71.6210409570786,0.40838184323455,1.9178705704087
User_534,Hyundai Kona,100,Station_331,San Francisco,2024-01-23 05:00:00,2024-01-23 08:07:00,21.0691575757388,3.72405472876941,28.5090149793938,37.4076848330585,Night,Monday,37.9667719911632,66.651863202737,222.288289837918,5.92205089798293,7,Level 1,Commuter,75,46.5249210066276,1.77547131149342,28.6850912115738,0.734498538642886,72.5478832921605,0.0779841550162927,10.5504118538599
User_535,Chevy Bolt,50,Station_279,New York,2024-01-23 06:00:00,2024-01-23 09:02:00,19.4025239271122,2.05287369879411,5.01083789987679,12.0964044320606,Afternoon,Wednesday,22.7052716938854,51.0097970386765,111.922903417162,-9.27504910884211,6,Level 1,Long-Distance Traveler,75,57.9710462295859,0.62344489188634,28.304525344791,0.685491937800077,72.5478832921605,0.130278050586937,5.76847135133622
User_536,Hyundai Kona,62,Station_226,Chicago,2024-01-23 07:00:00,2024-01-23 09:13:00,48.548537483868,1.74437377830643,27.8314992392299,36.4230129393811,Morning,Friday,42.4410797779425,57.4587357227128,63.4562488581285,8.41340219335791,6,DC Fast Charger,Casual Driver,75,43.1691901665431,0.750239138542206,15.0176559447703,3.23276399875005,73.3773288758577,0.379292891491269,1.30706818674433
User_537,Chevy Bolt,85,Station_57,Los Angeles,2024-01-23 08:00:00,2024-01-23 09:44:00,44.870056176342,1.58733977069181,41.4194590312496,34.2388102339499,Evening,Monday,39.4955529396218,81.2090764673031,63.1903076000909,7.06699436001076,3,Level 1,Commuter,75,45.3783352952837,0.763065909687951,41.7135235276813,1.07567168586384,72.5478832921605,0.389638596187181,1.40829570954289
User_538,Chevy Bolt,62,Station_180,New York,2024-01-23 09:00:00,2024-01-23 11:37:00,46.2117180133865,3.41316599221754,48.9728876604673,28.8348612900284,Morning,Wednesday,28.232040603336,72.2837489328709,36.7372367889739,15.6930855925026,4,Level 2,Casual Driver,75,53.825969547498,0.623972934346988,44.0517083295349,1.04903350552704,71.6210409570786,0.18904015988043,0.794976650258532
User_539,Nissan Leaf,85,Station_232,Houston,2024-01-23 10:00:00,2024-01-23 13:48:00,118.447359391606,4.14174635880111,34.6920691717649,32.2061167985036,Morning,Thursday,49.716870276033,75.8485233713439,152.259866990807,-8.7712300529579,2,Level 2,Casual Driver,75,37.7123472929753,0.27190236206132,26.1316530953109,4.53271589667857,71.6210409570786,0.399301788327046,1.28546442717572
User_540,BMW i3,62,Station_382,Los Angeles,2024-01-23 11:00:00,2024-01-23 14:03:00,57.03840397042,2.18788057305849,43.9673906388223,8.95809011257898,Evening,Tuesday,65.233131271617,89.0892695620914,181.045116272586,8.22344294241568,5,DC Fast Charger,Casual Driver,75,26.0751515462872,0.157053660148426,23.8561382904743,2.39093198052072,73.3773288758577,0.355289075902648,3.17409155358688
User_541,Tesla Model 3,62,Station_343,San Francisco,2024-01-23 12:00:00,2024-01-23 13:25:00,32.9395589602096,3.26383961973176,38.7062578149402,29.9626870561783,Morning,Sunday,57.6077149874119,73.1354148050815,29.2069866550039,-3.48582897893049,2,DC Fast Charger,Casual Driver,75,31.7942137594411,0.909626236719582,15.5276998176695,2.12134181797658,73.3773288758577,0.137539382965618,0.886684205161502
User_542,Nissan Leaf,75,Station_477,Los Angeles,2024-01-23 13:00:00,2024-01-23 13:51:00,63.0235546291501,1.32822859221734,8.5590068567144,17.5705759259568,Night,Monday,42.4281627217739,74.7447303686874,190.237500377327,-2.81544013029738,9.07612118393416,Level 2,Long-Distance Traveler,75,43.1788779586696,0.27879379430988,32.3165676469135,1.9501933286275,71.6210409570786,0.662505427747268,3.01851429194597
User_543,Nissan Leaf,51.112913923723,Station_287,Los Angeles,2024-01-23 14:00:00,2024-01-23 15:58:00,33.0139748173806,2.66166783543884,31.9039975311994,31.9232917554965,Night,Saturday,51.9399785073499,68.814308755249,20.4719324748359,18.7966227017896,0,Level 2,Long-Distance Traveler,75,36.0450161194876,0.96696298861566,16.8743302478991,1.95646134290225,71.6210409570786,0.17318223110588,0.620098991050852
User_544,BMW i3,62,Station_64,San Francisco,2024-01-23 15:00:00,2024-01-23 15:48:00,56.6174958001737,1.25542868845587,45.0981376487509,37.1419581221785,Morning,Friday,57.7156471606291,88.5681041527313,107.007588471636,28.9398777923565,4,DC Fast Charger,Long-Distance Traveler,75,31.7132646295282,0.656015558393251,30.8524569921022,1.83510492583029,73.3773288758577,0.614605878132325,1.89000920933186
User_545,Tesla Model 3,50,Station_455,San Francisco,2024-01-23 16:00:00,2024-01-23 19:08:00,53.1739738231808,0.626534311894512,19.1491931950323,26.6877657558911,Afternoon,Saturday,40.5196008037562,70.5470233618759,105.45068675778,37.8912692463975,2,DC Fast Charger,Long-Distance Traveler,75,44.6102993971829,0.501895266369141,30.0274225581197,1.77084708886551,73.3773288758577,1.15662442487323,1.98312593879921
User_547,Hyundai Kona,100,Station_289,San Francisco,2024-01-23 18:00:00,2024-01-23 21:19:00,64.3079797799026,2.47265804959405,33.3084677994571,14.1951306189114,Morning,Monday,42.8610751912605,96.5701974188098,232.111022645751,-7.67662770188804,6,DC Fast Charger,Commuter,75,42.8541936065547,0.220736690337575,53.7091222275494,1.19733812642569,73.3773288758577,0.354436882078291,3.60936579628475
User_548,Nissan Leaf,75,Station_213,New York,2024-01-23 19:00:00,2024-01-23 22:18:00,4.28832035634518,2.45985615896986,38.8416672790031,41.8680985283497,Evening,Tuesday,16.6739473768923,66.4658965125159,107.396906713794,-8.96393914655209,5,Level 1,Casual Driver,75,62.4945394673308,9.76328610020935,49.7919491356236,0.086124773799568,72.5478832921605,0.0240299442709688,25.0440493688595
User_549,Tesla Model 3,85,Station_258,San Francisco,2024-01-23 20:00:00,2024-01-23 20:52:00,56.7276231773467,2.01400992751173,11.9263402077611,19.1447638889792,Night,Tuesday,37.8822430610923,62.6375886230603,288.198196089115,10.5706901209181,6,Level 2,Long-Distance Traveler,75,46.5883177041808,0.337485740044621,24.755345561968,2.29153024890504,71.6210409570786,0.39327138864484,5.08038553260244
User_550,Nissan Leaf,75,Station_18,San Francisco,2024-01-23 21:00:00,2024-01-23 22:16:00,44.9099554686764,0.893940775779305,16.7492359569178,32.1605390407415,Night,Wednesday,32.6753791563,97.1444398028202,14.1265175821548,27.1860873990375,6,Level 2,Casual Driver,75,50.493465632775,0.716111577157379,64.4690606465202,0.696612530387481,71.6210409570786,0.701444393172517,0.31455202826927
User_551,Chevy Bolt,85,Station_175,Los Angeles,2024-01-23 22:00:00,2024-01-23 22:42:00,13.8765575994941,2.16452093401463,46.7592714538903,9.88644311235383,Night,Saturday,68.8649283052943,76.9284152250588,192.988213003672,37.2523199010753,7,DC Fast Charger,Long-Distance Traveler,75,23.3513037710293,0.712456460578832,8.0634869197645,1.7209127685792,73.3773288758577,0.0873691386269582,13.9074991488313
User_552,Nissan Leaf,62,Station_417,New York,2024-01-23 23:00:00,2024-01-24 00:35:00,39.3712412289705,1.41137554763858,26.0376074622157,27.0824676274461,Morning,Saturday,85.4748034184525,86.8726735809058,79.7557017327573,27.3470524331666,5,DC Fast Charger,Long-Distance Traveler,75,10.8938974361607,0.687874366722228,1.39787016245332,28.1651631792987,73.3773288758577,0.380167178416292,2.02573500969715
User_553,Nissan Leaf,46.669530887472,Station_229,Chicago,2024-01-24 00:00:00,2024-01-24 03:43:00,11.7585224700608,3.04224956199929,34.7200445635692,13.2886270082428,Night,Friday,14.2872682273311,70.9485475191389,272.880339843901,-5.1230453209638,3,Level 2,Commuter,75,64.2845488295017,1.13012727934805,56.6612792918078,0.207523067199101,71.6210409570786,0.0539656344598393,23.2070262687085
User_554,Hyundai Kona,100,Station_226,Chicago,2024-01-24 01:00:00,2024-01-24 03:53:00,49.8977884122396,2.40150616499721,44.047481179287,37.8732603467279,Morning,Sunday,56.7761363628788,72.1522753845733,233.243007164787,18.0082745272647,2,DC Fast Charger,Casual Driver,75,32.4178977278409,0.759016813206852,15.3761390216945,3.24514420309532,73.3773288758577,0.283162470633517,4.6744157323729
User_555,Hyundai Kona,85,Station_84,Houston,2024-01-24 02:00:00,2024-01-24 03:42:00,64.6098316115582,1.22689433389159,3.99135955143232,37.0808272868674,Morning,Wednesday,21.9828703651824,72.9398436235499,116.177119034181,17.1092405311801,4,Level 1,Long-Distance Traveler,75,58.5128472261132,0.573919268352248,50.9569732583675,1.26792914649712,72.5478832921605,0.725883129119266,1.79813375358492
User_556,Hyundai Kona,50,Station_291,San Francisco,2024-01-24 03:00:00,2024-01-24 06:05:00,12.5948885740557,3.42047996045521,13.2868116517845,25.1386135319112,Afternoon,Friday,70.2466767738565,87.1718045888815,67.6213103472901,34.2476526375418,2,DC Fast Charger,Long-Distance Traveler,75,22.3149924196077,1.99593774761091,16.925127815025,0.744153232501726,73.3773288758577,0.0501817013023837,5.36894867705171
User_557,Chevy Bolt,75,Station_435,San Francisco,2024-01-24 04:00:00,2024-01-24 05:46:00,65.5974266945568,1.02689284642588,5.5873111383346,2.34807512345815,Evening,Monday,17.6695739766575,86.3225721734218,152.259866990807,-9.26753257022055,1,Level 2,Commuter,75,61.7478195175069,0.0357952322488435,68.6529981967643,0.95549252643781,71.6210409570786,0.891910025322703,2.32112560908493
User_558,Hyundai Kona,50,Station_370,New York,2024-01-24 05:00:00,2024-01-24 08:12:00,8.11244782892836,1.65245843699031,37.2915539145803,32.128759997709,Evening,Monday,28.3690045215772,94.7569937515233,286.342818203014,-8.48343636930866,1.95789390660773,DC Fast Charger,Casual Driver,75,53.7232466088171,3.96042731802111,66.3879892299461,0.122197522820423,73.3773288758577,0.0669051384562967,35.2967223014906
User_559,Tesla Model 3,85,Station_246,Chicago,2024-01-24 06:00:00,2024-01-24 09:18:00,48.9611152601949,2.96757012204084,28.599515191294,12.3264901469482,Evening,Saturday,68.6864631108751,85.6147193783245,122.750688656882,6.65901214955655,4,Level 2,Casual Driver,75,23.4851526668437,0.251760812257673,16.9282562674494,2.89227162483002,71.6210409570786,0.230361386116287,2.50710564913698
User_560,BMW i3,62,Station_402,Houston,2024-01-24 07:00:00,2024-01-24 10:54:00,34.3828806509002,2.52093306902836,6.55820129730777,22.8763765994219,Night,Sunday,51.1678979099433,88.3299047325736,108.592141879864,-9.82510218158494,7,Level 1,Long-Distance Traveler,75,36.6240765675425,0.665342058790613,37.1620068226303,0.925215928596255,72.5478832921605,0.187999285531381,3.15832006580346
User_561,Tesla Model 3,50,Station_110,New York,2024-01-24 08:00:00,2024-01-24 09:00:00,52.5568958809879,1.0389579659711,37.5023877392716,26.9228153848022,Afternoon,Wednesday,71.5464471059708,74.0646801489654,49.5711739953453,31.5287761031671,1,Level 2,Commuter,75,21.3401646705219,0.512260378652639,2.51823304299457,20.8705449351462,71.6210409570786,0.706303081201086,0.943190672972703
User_562,Tesla Model 3,62,Station_254,San Francisco,2024-01-24 09:00:00,2024-01-24 10:54:00,37.2302756697334,1.3158292480172,4.30263582562166,24.6254764367442,Afternoon,Sunday,66.8944308063887,90.5722605046246,207.165935193057,9.7148109000623,6,Level 1,Commuter,75,24.8291768952085,0.661436854650088,23.6778296982359,1.5723685888537,72.5478832921605,0.390006612672738,5.56444805917659
User_565,BMW i3,85,Station_381,Los Angeles,2024-01-24 12:00:00,2024-01-24 15:49:00,28.0793142023278,0.851949340305673,25.5761103722417,11.3361214831601,Morning,Sunday,25.3881978185885,91.34610764842,145.798886280402,27.9568873401295,5,Level 1,Long-Distance Traveler,75,55.9588516360586,0.403717890026683,65.9579098298315,0.425715646156332,72.5478832921605,0.454305484652639,5.19239484375706
User_570,Chevy Bolt,75,Station_343,Houston,2024-01-24 17:00:00,2024-01-24 19:05:00,66.8510929420952,2.58756187114596,20.2711393903826,38.7712943217235,Evening,Tuesday,24.3512282071695,61.214351824648,297.893785325371,35.2254969919233,4,DC Fast Charger,Long-Distance Traveler,75,56.7365788446229,0.579965003044995,36.8631236174785,1.81349506991855,73.3773288758577,0.352091767483521,4.45607950768134
User_571,Nissan Leaf,62,Station_436,Houston,2024-01-24 18:00:00,2024-01-24 21:31:00,32.3479993260337,3.91468179668813,15.1702359198132,16.5234711733621,Morning,Sunday,71.0517368131309,83.008012937238,254.043644469765,11.6576797724718,1,DC Fast Charger,Casual Driver,75,21.7111973901519,0.51080349689707,11.9562761241072,2.7055246123675,73.3773288758577,0.11261313809126,7.85345770256987
User_572,Nissan Leaf,47.0076620353201,Station_177,San Francisco,2024-01-24 19:00:00,2024-01-24 22:17:00,3.39594659929827,0.94806198024583,3.58198796076361,19.0742907042376,Afternoon,Sunday,22.4626438351493,51.0206725342565,27.5752224657,8.72067919857059,4,Level 2,Casual Driver,75,58.153017123638,5.61678169738566,28.5580286991072,0.118913901063642,71.6210409570786,0.0500130675692111,8.12004007112423
User_574,Chevy Bolt,91.2888527075345,Station_194,San Francisco,2024-01-24 21:00:00,2024-01-25 00:05:00,8.38369089510946,2.0002674427255,40.1778847737954,11.6762426951728,Morning,Wednesday,75.6176958193223,76.1052226505951,283.730654884968,18.4068789912181,3,Level 1,Casual Driver,75,18.2867281355083,1.39273296704964,0.487526831272831,17.19636819418,72.5478832921605,0.0577726708625833,33.8431674586761
User_576,Hyundai Kona,100,Station_218,Houston,2024-01-24 23:00:00,2024-01-25 01:14:00,12.0956708583655,0.563698572528685,21.4576929015551,15.0890821884881,Evening,Monday,30.1407212414558,85.0076789368287,61.683341472254,16.339936826957,2,Level 2,Long-Distance Traveler,75,52.3944590689082,1.2474779088464,54.866957695373,0.220454557103784,71.6210409570786,0.299600405339185,5.09962135995071
User_577,Nissan Leaf,85,Station_164,San Francisco,2024-01-25 00:00:00,2024-01-25 03:42:00,5.54300393982782,0.421840742697507,13.1400393057875,19.9538060488704,Morning,Monday,49.3526811731894,81.1319676351306,55.8357475518829,23.1742282554481,5,DC Fast Charger,Commuter,75,37.985489120108,3.59981812487945,31.7792864619412,0.174421913042828,73.3773288758577,0.179074920102614,10.073192831542
User_578,BMW i3,85,Station_161,Chicago,2024-01-25 01:00:00,2024-01-25 02:43:00,7.60371141379209,0.807193473186861,9.41993668974065,5.58471321690481,Morning,Saturday,38.7792695602019,94.0438318242452,87.8555533296424,0.210771382575384,3,Level 2,Commuter,75,45.9155478298486,0.734472011493611,55.2645622640433,0.13758747201259,71.6210409570786,0.131524710669674,11.554298756037
User_580,BMW i3,100,Station_13,New York,2024-01-25 03:00:00,2024-01-25 05:41:00,73.3159178604833,2.89699067712621,23.9734871394044,18.3879978565304,Morning,Wednesday,18.3901510679201,80.4256866920489,86.3845300243223,17.738683088849,1,Level 2,Casual Driver,75,61.20738669906,0.250804987417902,62.0355356241288,1.18183742790103,71.6210409570786,0.353354437405921,1.17825067932325
User_581,BMW i3,50,Station_296,San Francisco,2024-01-25 04:00:00,2024-01-25 06:08:00,62.8678579496623,2.92317657718403,15.4900276065415,10.0109297484621,Morning,Wednesday,33.8096801640779,61.3358672899925,112.922216940756,1.90173882920681,4,Level 1,Casual Driver,75,49.6427398769416,0.159237646628231,27.5261871259146,2.28392903318147,72.5478832921605,0.29644823393549,1.79618362424836
User_582,Hyundai Kona,100,Station_89,Los Angeles,2024-01-25 05:00:00,2024-01-25 07:35:00,14.3552084916259,1.7662988795207,47.8048664593555,35.2465926894192,Evening,Monday,13.1347025609001,53.730660450947,274.799019952586,21.9762941608976,2,Level 1,Long-Distance Traveler,75,65.148973079325,2.45531736512084,40.595957890047,0.353611769194032,72.5478832921605,0.112026447807075,19.1428093930429
User_583,Tesla Model 3,85,Station_324,New York,2024-01-25 06:00:00,2024-01-25 08:47:00,74.7896950755514,1.87986231194208,21.1083717228562,10.3422526965796,Morning,Saturday,16.3062397688161,69.8870928448947,260.004374048155,32.7458975740281,3,Level 1,Long-Distance Traveler,75,62.7703201733879,0.138284461330294,53.5808530760786,1.39582874817911,72.5478832921605,0.548391829738461,3.47647324655493
User_584,Tesla Model 3,75,Station_42,San Francisco,2024-01-25 07:00:00,2024-01-25 10:24:00,41.9807532340681,1.73213544256389,14.0908587438379,37.6206352963655,Evening,Sunday,14.2581827900425,60.3641652924537,156.732137718653,15.6175205719945,4.81497020301618,DC Fast Charger,Casual Driver,75,64.3063629074681,0.896140073681092,46.1059825024112,0.910527245176319,73.3773288758577,0.330298407732976,3.73342843194777
User_585,Chevy Bolt,91.7755302794723,Station_403,Los Angeles,2024-01-25 08:00:00,2024-01-25 09:44:00,66.82312116249,2.98595496999237,11.896273275398,22.6858247773801,Evening,Sunday,76.6581766617433,84.9023021149666,108.852256900198,36.0419593046898,5,Level 1,Commuter,75,17.5063675036926,0.339490649085609,8.24412545322336,8.10554394661266,72.5478832921605,0.308474136381739,1.62896097947159
User_586,Hyundai Kona,50,Station_210,Los Angeles,2024-01-25 09:00:00,2024-01-25 09:43:00,47.1884089351487,3.3301281116831,5.34004972422795,29.7936138838279,Evening,Wednesday,17.5648780213974,54.4909470063641,156.463925803259,5.10723064244202,3,Level 1,Long-Distance Traveler,75,61.8263414839519,0.631375682209871,36.9260689849667,1.27791585273699,72.5478832921605,0.195321318517844,3.31572793688145
User_587,BMW i3,100,Station_229,San Francisco,2024-01-25 10:00:00,2024-01-25 11:07:00,46.2959973488858,2.15385722358815,10.6004016857651,13.9048681834594,Morning,Tuesday,72.2260291627491,84.035606030669,89.6007004613125,9.89320650990976,6.81797066544045,Level 2,Casual Driver,75,20.8304781279382,0.300347092183208,11.8095768679199,3.92020796906334,71.6210409570786,0.300113757621962,1.93538762727333
User_588,Tesla Model 3,75,Station_350,Los Angeles,2024-01-25 11:00:00,2024-01-25 13:49:00,37.1085177310431,2.93839411730286,20.0803077162074,20.3548115522384,Evening,Monday,33.2999403585336,58.8157387093458,32.1769163162823,15.6486736405146,1.89644530732053,Level 2,Long-Distance Traveler,75,50.0250447310998,0.548521277507417,25.5157983508122,1.4543349661588,71.6210409570786,0.176328670271616,0.867103249703901
User_589,BMW i3,62,Station_275,Houston,2024-01-25 12:00:00,2024-01-25 13:14:00,71.9751021797373,1.05753632364884,23.6500252119098,32.0207354491095,Morning,Monday,63.1037547106048,63.9991858940321,103.915558798481,21.5262021639316,5,Level 2,Commuter,75,27.6721839670464,0.44488627982975,0.895431183427334,80.3803837881174,71.6210409570786,0.950268576050586,1.4437709103765
User_590,Tesla Model 3,85,Station_442,San Francisco,2024-01-25 13:00:00,2024-01-25 15:54:00,82.6716384983418,3.73599576890357,22.1284079565765,31.0045625989085,Evening,Wednesday,45.0267654477533,62.3192563946298,254.544087840669,-4.04096403838184,4,Level 1,Commuter,75,41.2299259141851,0.375032637093921,17.2924909468766,4.78078252302189,72.5478832921605,0.305017968166794,3.07897717360199
User_591,Tesla Model 3,50,Station_279,Los Angeles,2024-01-25 14:00:00,2024-01-25 17:57:00,45.1340380755054,2.01884818991477,22.3563308528963,10.6763588675195,Morning,Wednesday,51.0513210597813,75.8827306091686,193.907120453211,2.87238252247569,3,Level 2,Casual Driver,75,36.711509205164,0.236547832251546,24.8314095493873,1.81761885026051,71.6210409570786,0.312147527516308,4.29625020763313
User_592,Tesla Model 3,85,Station_251,New York,2024-01-25 15:00:00,2024-01-25 18:12:00,23.9209219682627,2.1458063544955,25.7966028962391,6.98497588215887,Afternoon,Wednesday,86.8441186243808,89.2474609439929,11.9709225764891,22.1702264669531,4.41577400897514,Level 2,Commuter,75,9.86691103171437,0.292002786992334,2.40334231961204,9.95318967799985,71.6210409570786,0.155649151829037,0.500437340683259
User_593,Hyundai Kona,85,Station_310,New York,2024-01-25 16:00:00,2024-01-25 19:43:00,40.6309235037683,2.74973941215079,25.7671941381664,9.1659302280075,Afternoon,Sunday,31.2784313114715,70.8958942994023,250.282196673563,17.414579084848,4,Level 1,Long-Distance Traveler,75,51.5411765163964,0.225590004794191,39.6174629879308,1.02558115637405,72.5478832921605,0.203676258940129,6.15989436347295
User_594,Nissan Leaf,62,Station_208,Houston,2024-01-25 17:00:00,2024-01-25 18:44:00,75.4070095372819,3.1544865399764,17.7297087164768,9.08187069063108,Evening,Sunday,32.0296579297337,101.60527923431,93.7922280457013,12.4570578024859,0,Level 2,Commuter,75,50.9777565526997,0.120438016921238,69.5756213045759,1.08381367098654,71.6210409570786,0.333766243287782,1.24381312322603
User_595,BMW i3,62,Station_321,San Francisco,2024-01-25 18:00:00,2024-01-25 21:18:00,62.5398813606187,3.31498382746761,18.8658179392671,31.5834217595951,Night,Tuesday,47.8819171975969,66.7778700021001,55.8644695292023,10.7163215413457,7,DC Fast Charger,Casual Driver,75,39.0885621018023,0.505012498784225,18.8959528045031,3.30969716148501,73.3773288758577,0.257106905202082,0.893261520709889
User_596,Hyundai Kona,75,Station_140,Los Angeles,2024-01-25 19:00:00,2024-01-25 22:44:00,36.4902778836703,0.704754315061225,5.94930176355347,23.3636412053939,Night,Monday,64.2280947445468,76.172904193245,241.984643683097,36.0486234605576,2,Level 2,Long-Distance Traveler,75,26.8289289415899,0.640270301034055,11.9448094486982,3.05490665551365,71.6210409570786,0.722934246031868,6.63148262270118
User_597,Hyundai Kona,85,Station_280,Los Angeles,2024-01-25 20:00:00,2024-01-25 20:58:00,67.5601428807788,2.8112366498994,8.97054959336193,37.6704640415967,Afternoon,Thursday,69.3146975661584,96.9366454021688,145.66539286233,35.8188602256871,7,DC Fast Charger,Commuter,75,23.0139768253812,0.557584138151877,27.6219478360104,2.44588626703225,73.3773288758577,0.327515045119362,2.1560847365196
User_599,Hyundai Kona,85,Station_309,Houston,2024-01-25 22:00:00,2024-01-25 22:49:00,28.2798571471884,2.69371940916181,13.2269747604765,24.9637246919867,Evening,Tuesday,62.5741204218783,88.3585505258259,190.684355023204,12.387165327424,0,Level 2,Commuter,75,28.0694096835913,0.882738712648294,25.7844301039477,1.09678038386657,71.6210409570786,0.146583209644396,6.74276231420645
User_600,Hyundai Kona,62,Station_392,New York,2024-01-25 23:00:00,2024-01-25 23:43:00,28.8691247959566,1.15392074977047,32.8300378886365,46.0591730327975,Evening,Sunday,81.272807737771,95.9717938014421,210.277250357381,30.897229937822,4,DC Fast Charger,Casual Driver,75,14.0453941966718,1.59544750172851,14.6989860636711,1.96402150943644,73.3773288758577,0.340953958290083,7.28381105570726
User_601,Chevy Bolt,85,Station_18,New York,2024-01-26 00:00:00,2024-01-26 03:11:00,13.1169985074161,3.53787319477653,3.70759430461856,25.7995483709773,Night,Saturday,5.06571915627028,77.7758712965489,213.723363963314,32.0549529901944,0.52409502806589,Level 1,Casual Driver,75,71.2007106327973,1.96687895911482,72.7101521402787,0.180401197374882,72.5478832921605,0.0511054787041485,16.2936180744763
User_603,Hyundai Kona,100,Station_112,San Francisco,2024-01-26 02:00:00,2024-01-26 03:23:00,45.1178064786983,3.95270473775391,4.27373508539069,7.07046334380478,Evening,Sunday,13.5819596754818,76.366560236548,162.806041198949,-3.85898759628505,0,Level 1,Long-Distance Traveler,75,64.8135302433887,0.156711150111941,62.7846005610662,0.718612622769104,72.5478832921605,0.157336272571157,3.60846534673213
User_604,BMW i3,62,Station_5,Los Angeles,2024-01-26 03:00:00,2024-01-26 04:00:00,26.2922240824113,1.77882081087227,3.59332763151229,33.6945523104007,Afternoon,Thursday,40.4760138188156,69.6679773241574,177.812526678416,32.0605918453007,2,Level 2,Commuter,75,44.6429896358883,1.28154058799998,29.1919635053419,0.900666516577416,71.6210409570786,0.206373768369483,6.76293211715655
User_605,Chevy Bolt,75,Station_410,San Francisco,2024-01-26 04:00:00,2024-01-26 05:27:00,51.6368423442812,0.783552124909425,14.606984402945,13.4796667894641,Afternoon,Monday,32.4096157281111,78.6361592255918,277.732606764294,31.3027875244234,0,Level 1,Long-Distance Traveler,75,50.6927882039167,0.26104746490094,46.2265434974807,1.11703879281165,72.5478832921605,0.908378901240809,5.37857456334282
User_606,Chevy Bolt,85,Station_414,Chicago,2024-01-26 05:00:00,2024-01-26 07:13:00,44.8171908152641,1.0358587667958,12.5468614953012,32.9420456190691,Morning,Tuesday,66.4005979296602,88.7030659524961,174.926888761998,-6.15965019510421,1.65801306744333,Level 1,Long-Distance Traveler,75,25.1995515527548,0.735031469394317,22.3024680228359,2.00951709781065,72.5478832921605,0.596374876195936,3.90312033351318
User_607,BMW i3,50,Station_182,Chicago,2024-01-26 06:00:00,2024-01-26 09:19:00,19.3620057448102,2.53624934168084,29.626242800392,35.2577716295596,Night,Wednesday,47.2252379588081,83.9120004350801,107.748483443453,0.374659340242287,7,DC Fast Charger,Casual Driver,75,39.5810715308939,1.82097723212432,36.686762476272,0.527765451021551,73.3773288758577,0.104039079021413,5.56494429676194
User_608,Tesla Model 3,75,Station_13,Chicago,2024-01-26 07:00:00,2024-01-26 10:35:00,55.3957914386488,2.25302729581311,31.5540965567354,12.8643072123125,Afternoon,Monday,12.980576855024,61.2189927140214,163.250171530362,29.7162809135295,6,Level 1,Commuter,75,65.264567358732,0.232225352833162,48.2384158589975,1.14837501298908,72.5478832921605,0.338910927896286,2.94697787125512
User_609,Nissan Leaf,50,Station_339,Houston,2024-01-26 08:00:00,2024-01-26 10:37:00,22.0164436102209,1.26915759921951,41.1962506394521,35.9401009798964,Morning,Monday,23.6656109193427,74.8987294182323,236.573561024341,11.5443809276073,0,Level 1,Casual Driver,75,57.250791810493,1.63242082219,51.2331184988895,0.429730694818003,72.5478832921605,0.239115025461939,10.7453122408251
User_610,Tesla Model 3,75,Station_285,New York,2024-01-26 09:00:00,2024-01-26 12:59:00,67.3818605601685,0.7992102307305,2.63696678953564,25.8151823567494,Night,Wednesday,12.0547900243768,86.4902469957745,233.883498969971,5.89005603283377,2,DC Fast Charger,Commuter,75,65.9589074817174,0.383117683930644,74.4354569713977,0.905238757196862,73.3773288758577,1.14900009787305,3.47101574556738
User_611,Tesla Model 3,75,Station_259,San Francisco,2024-01-26 10:00:00,2024-01-26 13:07:00,68.238344048963,2.71043719904685,8.99149919895055,39.685022403268,Evening,Thursday,30.2281815986091,80.0437446047631,245.314668877854,11.7121696049524,7,Level 1,Long-Distance Traveler,75,52.3288638010432,0.581564851204373,49.815563006154,1.36981978986232,72.5478832921605,0.347027893797564,3.59496808278105
User_612,Tesla Model 3,62,Station_90,Los Angeles,2024-01-26 11:00:00,2024-01-26 11:54:00,67.1333403915789,1.23415480253967,27.9567152013707,32.6977005919306,Evening,Thursday,23.5059471561152,76.1460084487119,7.6198943911032,8.08759283667336,4,Level 1,Casual Driver,75,57.3705396329136,0.487056064858529,52.6400612925968,1.27532792977619,72.5478832921605,0.749797302974516,0.113503876712487
User_613,Hyundai Kona,75,Station_104,Chicago,2024-01-26 12:00:00,2024-01-26 15:40:00,42.9189373388298,3.16539541826638,13.1044805942537,22.0715566919705,Morning,Monday,34.8346393582644,97.2517867541809,129.403190198667,6.36208841935097,5,DC Fast Charger,Casual Driver,75,48.8740204813017,0.514261490626466,62.4171473959165,0.687614527889138,73.3773288758577,0.184781757192041,3.01506044236545
User_614,Chevy Bolt,50,Station_379,San Francisco,2024-01-26 13:00:00,2024-01-26 13:48:00,13.7176148893961,0.894528504165498,15.3350226689459,22.6734293957305,Evening,Sunday,63.5131141787422,89.3880418660942,96.0300780971366,28.4229864132815,0,DC Fast Charger,Casual Driver,75,27.3651643659434,1.65286965544261,25.874927687352,0.530150849314314,73.3773288758577,0.208988565049706,7.00049380824716
User_615,Tesla Model 3,62,Station_186,Chicago,2024-01-26 14:00:00,2024-01-26 17:49:00,35.3273322485861,1.47164376036467,44.6729994557519,25.3625042293222,Morning,Wednesday,51.4173333042017,73.3352942460799,128.320993345613,29.2127844942889,3,DC Fast Charger,Long-Distance Traveler,75,36.4370000218487,0.717928657925687,21.9179609418782,1.61179830287438,73.3773288758577,0.327149492675783,3.63234315126494
User_616,Chevy Bolt,62,Station_250,Chicago,2024-01-26 15:00:00,2024-01-26 17:45:00,74.510503183253,1.58921875764908,7.9949116732037,29.5967141282272,Morning,Saturday,70.4305031078525,95.6592281329057,298.299675938681,36.3833854624288,1,Level 1,Casual Driver,75,22.1771226691106,0.397215330239232,25.2287250250531,2.95339947259567,72.5478832921605,0.64626266648641,4.00345807899102
User_617,BMW i3,50,Station_255,Los Angeles,2024-01-26 16:00:00,2024-01-26 16:32:00,37.943967828466,1.00988884565279,37.5724199666144,17.3425410897855,Evening,Monday,43.7057758709956,73.8227711612661,73.8077421913983,35.3082998656665,6,Level 2,Commuter,75,42.2206680967533,0.457056604311554,30.1169952902706,1.25988557167667,71.6210409570786,0.524600305504229,1.94517722883022
User_619,BMW i3,27.5,Station_386,New York,2024-01-26 18:00:00,2024-01-26 19:55:00,23.5222418121366,1.84437385136527,42.3802713982114,0.671346505244456,Morning,Tuesday,74.9308255971765,96.8969469924027,162.188501483818,13.6751357108728,5,DC Fast Charger,Long-Distance Traveler,75,18.8018808021176,0.0285409235482847,21.9661213952262,1.07084183816122,73.3773288758577,0.173807236980082,6.8951124122929
User_621,Hyundai Kona,119.5,Station_108,San Francisco,2024-01-26 20:00:00,2024-01-26 22:54:00,66.7052364532574,1.89522017195937,6.51365689290461,32.285230726225,Night,Wednesday,56.7179721830614,83.6461815329856,166.624443886615,32.847219806975,7,Level 2,Commuter,75,32.461520862704,0.483998445142285,26.9282093499242,2.47715084157443,71.6210409570786,0.491427696012147,2.49792149381517
User_626,Nissan Leaf,65.2364982513429,Station_470,Los Angeles,2024-01-27 01:00:00,2024-01-27 03:58:00,15.4740960883329,0.787798642850629,8.61336450812434,15.0632069521245,Evening,Monday,46.0706957142092,58.590520446428,152.259866990807,12.6026871287959,5,Level 2,Commuter,75,40.4469782143431,0.973446646972925,12.5198247322188,1.23596746913808,71.6210409570786,0.274251765583756,9.83966146530575
User_627,BMW i3,50,Station_460,New York,2024-01-27 02:00:00,2024-01-27 05:53:00,43.5123471006393,1.1812191146525,26.1352398122718,6.61967786803372,Evening,Wednesday,17.3698086516859,95.1721645107768,141.168132112686,21.0784613255874,3,DC Fast Charger,Commuter,75,61.9726435112356,0.152133320979517,77.8023558590909,0.559267731936617,73.3773288758577,0.502018990184221,3.24432354306651
User_628,Nissan Leaf,75,Station_258,Houston,2024-01-27 03:00:00,2024-01-27 06:14:00,38.5981394103895,1.36941961836399,26.5629522012125,45.0442693587329,Evening,Saturday,37.9274985345969,75.1009436524241,298.319221457481,6.16119138018016,6,Level 2,Long-Distance Traveler,75,46.5543760990523,1.16700623519196,37.1734451178272,1.03832559204686,71.6210409570786,0.393540285392344,7.72884978432878
User_629,BMW i3,62,Station_127,San Francisco,2024-01-27 04:00:00,2024-01-27 06:48:00,45.0789173176447,2.40091406819041,18.775731257896,6.55661094437812,Evening,Saturday,40.1700079885002,94.603668586739,250.416348582972,7.33503583628978,5,Level 2,Commuter,75,44.8724940086249,0.145447391697044,54.4336605982388,0.828144145042181,71.6210409570786,0.262153844833782,5.55506572658864
User_630,BMW i3,85,Station_485,Chicago,2024-01-27 05:00:00,2024-01-27 05:49:00,58.7731455165161,2.74655588078403,12.8022893413064,22.0395108042097,Night,Wednesday,70.8802102208019,72.2526259536562,87.2501552328677,4.7004631913675,6,Level 2,Long-Distance Traveler,75,21.8398423343986,0.37499287490094,1.37241573285429,42.8245932406227,71.6210409570786,0.298778860264406,1.48452417283586
User_631,Hyundai Kona,62,Station_391,Chicago,2024-01-27 06:00:00,2024-01-27 07:04:00,65.539397780162,1.96512453252567,5.21068462742563,32.8472352260714,Night,Thursday,45.9726579554194,51.3300115231503,166.159367076265,8.90452585554962,6,Level 2,Long-Distance Traveler,75,40.5205065334355,0.501183049259171,5.35735356773088,12.2335397415111,71.6210409570786,0.465663009093544,2.53525928989478
User_632,Tesla Model 3,62,Station_282,San Francisco,2024-01-27 07:00:00,2024-01-27 08:22:00,79.213996962565,2.60432620285617,20.6138041589361,22.4845653554176,Night,Monday,37.499326631043,96.679708595604,152.259866990807,-1.20453170012378,4,DC Fast Charger,Commuter,75,46.8755050267178,0.28384586332695,59.1803819645611,1.33851783873245,73.3773288758577,0.414519197396117,1.92213337073197
User_633,BMW i3,62,Station_474,New York,2024-01-27 08:00:00,2024-01-27 11:24:00,62.9194373489898,1.1105629816683,37.2434580115854,38.9670481722973,Afternoon,Saturday,39.3601393704707,50.6041872757214,268.547433437944,21.5194983170875,4,DC Fast Charger,Casual Driver,75,45.479895472147,0.619316538960164,11.2440479052507,5.59579947356928,73.3773288758577,0.772110998678454,4.26811562138446
User_634,Chevy Bolt,35.0443544211655,Station_88,Los Angeles,2024-01-27 09:00:00,2024-01-27 11:19:00,18.3997104004327,2.0655203895542,5.90418949259116,28.0215112759171,Afternoon,Saturday,36.50968370288,85.7697373307883,160.417135820479,15.8334708087101,0,DC Fast Charger,Commuter,75,47.61773722284,1.52293219110982,49.2600536279083,0.37352193197793,73.3773288758577,0.121400256086298,8.71845981971035
User_635,Tesla Model 3,62,Station_204,New York,2024-01-27 10:00:00,2024-01-27 13:52:00,47.4923002422605,3.41030060620523,44.8722004564986,6.15339612901233,Morning,Friday,62.161130173516,63.0794798004034,46.7721574276235,-5.25363820144779,7,Level 1,Long-Distance Traveler,75,28.379152369863,0.129566184363014,0.91834962688732,51.7148358879747,72.5478832921605,0.191957814538628,0.984836640656199
User_636,Tesla Model 3,85,Station_16,San Francisco,2024-01-27 11:00:00,2024-01-27 14:29:00,21.4714284109503,3.1162253455849,47.1897587004126,26.8745327596718,Afternoon,Tuesday,53.3516413413586,86.0313503263013,281.257014679323,16.6026130191603,4,DC Fast Charger,Casual Driver,75,34.986268993981,1.25164158831492,32.6797089849427,0.657026304023801,73.3773288758577,0.0939009926906444,13.0991291914181
User_637,Tesla Model 3,75,Station_151,San Francisco,2024-01-27 12:00:00,2024-01-27 14:45:00,21.8679477913867,3.38333682658123,29.8840659985463,40.4330537822682,Evening,Friday,43.8356488045344,61.3720294657289,229.701593243582,35.0119145474967,2,Level 2,Commuter,75,42.1232633965992,1.8489642543501,17.5363806611945,1.24700462506367,71.6210409570786,0.0902447951742891,10.504030622117
User_639,BMW i3,62,Station_254,Houston,2024-01-27 14:00:00,2024-01-27 17:04:00,79.7504456414594,3.43346383961876,23.2274022289731,12.6748961708415,Evening,Saturday,19.73375144031,69.3314433824692,187.459456955416,29.3944535387837,3,DC Fast Charger,Commuter,75,60.1996864197675,0.158931979237145,49.5976919421592,1.60794671119907,73.3773288758577,0.316547393926945,2.35057566697737
User_640,Hyundai Kona,85,Station_188,Houston,2024-01-27 15:00:00,2024-01-27 18:21:00,66.8990963631375,2.76948546429774,39.3241411070742,17.0919746942938,Morning,Tuesday,22.5931360473742,75.4046828871394,227.427161403916,-4.07338795252059,6,DC Fast Charger,Commuter,75,58.0551479644693,0.255488872398459,52.8115468397652,1.26675131417974,73.3773288758577,0.329199573012037,3.39955505780541
User_641,BMW i3,62,Station_329,Los Angeles,2024-01-27 16:00:00,2024-01-27 19:17:00,68.0692882830095,1.32117793452199,34.3981787751472,29.4722562923945,Morning,Monday,62.0644194021467,82.6938659048567,135.725032391785,-4.99252366504445,1,Level 1,Commuter,75,28.45168544839,0.432974356509482,20.62944650271,3.29961777084362,72.5478832921605,0.710174627743582,1.99392465846691
User_642,Hyundai Kona,50,Station_32,Houston,2024-01-27 17:00:00,2024-01-27 19:11:00,40.0517966248709,1.03974490936566,26.3280168703644,36.0471196604523,Morning,Saturday,21.7803569534912,92.3319815886202,114.756083898773,30.2853577594177,2,DC Fast Charger,Casual Driver,75,58.6647322848816,0.900012551198969,70.551624635129,0.567694887708203,73.3773288758577,0.524968568049554,2.86519191569832
User_643,Hyundai Kona,85,Station_271,Chicago,2024-01-27 18:00:00,2024-01-27 19:16:00,77.6778219726915,2.87596234760102,36.8837694048042,31.1866865859578,Morning,Saturday,18.7477458638551,92.7818312097489,169.201230084428,16.7194191756797,5,Level 1,Commuter,75,60.9391906021087,0.401487654956672,74.0340853458938,1.04921701416008,72.5478832921605,0.372296624125857,2.17824374818223
User_644,Chevy Bolt,62,Station_485,Houston,2024-01-27 19:00:00,2024-01-27 21:03:00,38.3604121294086,1.29698342643919,38.343763890415,10.2255419700239,Night,Tuesday,72.5050102742884,86.3007177157452,281.025212402523,5.50127166856423,4,DC Fast Charger,Long-Distance Traveler,75,20.6212422942837,0.266564966391084,13.7957074414569,2.78060493035199,73.3773288758577,0.403075999602191,7.32591744464283
User_645,Hyundai Kona,75,Station_397,Houston,2024-01-27 20:00:00,2024-01-27 23:21:00,6.33753426452175,0.941406247606216,4.31596167125324,12.5479325635515,Morning,Wednesday,44.2922574281815,55.5236463027372,170.920552406188,26.7089407952507,4,Level 1,Long-Distance Traveler,75,41.7808069288639,1.97993920660852,11.2313888745557,0.564269863265013,72.5478832921605,0.0927937014322593,26.9695665967474
User_646,Nissan Leaf,100,Station_5,Houston,2024-01-27 21:00:00,2024-01-27 22:17:00,6.97877135041538,2.89186021600196,35.7889235417867,23.1159588706403,Morning,Tuesday,23.8315315915734,78.7799673433678,76.9515940823401,27.3553704291775,6,DC Fast Charger,Casual Driver,75,57.12635130632,3.31232500822147,54.9484357517944,0.127005823822519,73.3773288758577,0.0328881749958517,11.0265246156489
User_647,Chevy Bolt,62,Station_459,Chicago,2024-01-27 22:00:00,2024-01-28 00:00:00,30.5491307965474,3.74699245814852,31.2315127227364,28.4556902138749,Afternoon,Tuesday,59.6579209619361,75.6543043520991,121.461596959803,29.502613424603,7,DC Fast Charger,Long-Distance Traveler,75,30.2565592785479,0.931472990291784,15.996383390163,1.90975235160553,73.3773288758577,0.11111025407772,3.97594281057353
User_649,Tesla Model 3,27.5,Station_308,Chicago,2024-01-28 00:00:00,2024-01-28 01:53:00,34.7931598600126,3.41291619735368,11.9155503586788,19.5875447048785,Evening,Thursday,12.1316232931094,76.1940012450688,152.259866990807,33.3744272682661,1,Level 1,Long-Distance Traveler,75,65.901282530168,0.562971135237136,64.0623779519594,0.543113773986101,72.5478832921605,0.140521734670271,4.37614369040961
User_650,Nissan Leaf,41.6565828482292,Station_333,Los Angeles,2024-01-28 01:00:00,2024-01-28 02:37:00,58.4578845137678,1.02038116046974,57.2902428802744,37.0335158509689,Afternoon,Monday,30.0980415449858,76.8615954584726,73.7913011915099,20.6928034710337,7,Level 2,Casual Driver,75,52.4264688412606,0.633507629620892,46.7635539134868,1.25007360693577,71.6210409570786,0.799907989533516,1.26229852149595
User_652,Nissan Leaf,100,Station_181,Los Angeles,2024-01-28 03:00:00,2024-01-28 06:54:00,76.0650388050084,3.72436851914693,5.49032257716696,8.83271631820574,Evening,Wednesday,15.2217598854792,83.9830613698528,233.273406762163,10.6754101490562,1,DC Fast Charger,Long-Distance Traveler,75,63.5836800858906,0.116120578612315,68.7613014843736,1.10621871842107,73.3773288758577,0.278336746127859,3.06676247625609
User_656,Tesla Model 3,62,Station_362,New York,2024-01-28 07:00:00,2024-01-28 08:45:00,30.5500115616309,2.83439335341872,8.83157358839347,38.4417932430895,Night,Monday,44.7010195034049,95.1456417676959,135.037769202784,29.8142152111675,7,Level 2,Casual Driver,75,41.4742353724463,1.25832336153255,50.444622264291,0.605614834452963,71.6210409570786,0.150491035034965,4.42021990500274
User_657,Tesla Model 3,75,Station_248,San Francisco,2024-01-28 08:00:00,2024-01-28 09:42:00,44.7586673776487,3.48977120038006,19.404372429114,5.7828178038018,Night,Thursday,28.4431033736731,98.2728571589073,293.206759247277,3.85865863852567,5,DC Fast Charger,Long-Distance Traveler,75,53.6676724697452,0.129199954838012,69.8297537852343,0.640968426085343,73.3773288758577,0.174790689298746,6.55083755674319
User_658,Nissan Leaf,75,Station_127,New York,2024-01-28 09:00:00,2024-01-28 10:46:00,59.1573084700911,2.86683714855039,19.1014170926884,20.1140148587833,Evening,Thursday,14.4335989410026,54.7733650397024,276.608931979815,34.3275240614633,3,Level 2,Casual Driver,75,64.174800794248,0.340008958807728,40.3397660986998,1.46647623898835,71.6210409570786,0.28811426008355,4.67582009955142
User_659,Tesla Model 3,100,Station_263,New York,2024-01-28 10:00:00,2024-01-28 11:17:00,57.1455599708313,2.56975349814224,5.96244472098659,13.6272184051673,Morning,Wednesday,82.4331850668882,93.3359364078224,245.054611532271,38.0200909430409,7,DC Fast Charger,Commuter,75,13.1751111998339,0.238465042815628,10.9027513409343,5.24138891036419,73.3773288758577,0.303060355641609,4.28825286964296
User_660,Chevy Bolt,75,Station_40,San Francisco,2024-01-28 11:00:00,2024-01-28 14:03:00,80.2147011551606,2.07337138590912,38.6880525603417,38.2994870025045,Night,Thursday,48.4547629077943,82.514815404534,39.0537672564163,2.05514944533174,3,Level 2,Casual Driver,75,38.6589278191543,0.477462191480601,34.0600524967397,2.35509622784166,71.6210409570786,0.540177188761147,0.486865458500855
User_661,Hyundai Kona,75,Station_412,Houston,2024-01-28 12:00:00,2024-01-28 14:11:00,23.8368801018714,2.85364923342141,12.3295123595029,36.2359410351602,Night,Sunday,63.1988362790944,73.8127084607463,192.322695014457,29.0287636621923,2.82548197035582,Level 1,Commuter,75,27.6008727906792,1.5201629105948,10.6138721816519,2.24582317309965,72.5478832921605,0.11513943053012,8.06828302162573
User_663,Tesla Model 3,85,Station_355,San Francisco,2024-01-28 14:00:00,2024-01-28 15:46:00,47.0609256333138,2.44554883738777,10.4139871036459,31.5794006410408,Afternoon,Saturday,63.1441280207943,92.6389090142761,152.056840232873,-7.16362081855739,6,Level 1,Casual Driver,75,27.6419039844043,0.671032288805773,29.4947809934818,1.59556789534101,72.5478832921605,0.265252434912987,3.23106352428466
User_664,Chevy Bolt,75,Station_255,Chicago,2024-01-28 15:00:00,2024-01-28 16:08:00,27.1701708128166,3.32093906140095,23.8246440864808,9.88729085697398,Afternoon,Friday,46.8217530357587,79.2138961178833,163.1287884196,4.1624854707284,4,DC Fast Charger,Commuter,75,39.883685223181,0.363902418026389,32.3921430821246,0.838788923101859,73.3773288758577,0.111498638432197,6.00396624457914
User_665,Chevy Bolt,50,Station_143,New York,2024-01-28 16:00:00,2024-01-28 17:27:00,48.9423202514568,3.79162231589999,31.1711705009292,10.1637018670847,Morning,Saturday,75.8106844252932,89.1546422880445,112.729520002495,31.5083229829922,4,DC Fast Charger,Commuter,75,18.1419866810301,0.207666939672363,13.3439578627514,3.66775140890361,73.3773288758577,0.175912858416808,2.3033137665585
User_667,Hyundai Kona,75,Station_228,San Francisco,2024-01-28 18:00:00,2024-01-28 19:57:00,58.1972852688249,1.76204741805886,6.50874515305308,38.2962624019144,Evening,Sunday,25.8400587376203,83.1174320055725,221.21002819387,19.9011093890979,5,DC Fast Charger,Casual Driver,75,55.6199559467848,0.658042075760344,57.2773732679522,1.01606065272179,73.3773288758577,0.450114741830526,3.80103688981464
User_668,Tesla Model 3,62,Station_341,San Francisco,2024-01-28 19:00:00,2024-01-28 21:22:00,65.2009372029439,2.95272838841533,22.5726406494439,9.01793669433129,Night,Sunday,13.9095966965652,77.5788751179228,214.923258529518,15.0325520080914,7.19704154407557,DC Fast Charger,Casual Driver,75,64.5678024775761,0.138309924384402,63.6692784213575,1.02405648092083,73.3773288758577,0.300932047887454,3.29632161360733
User_669,Nissan Leaf,27.5,Station_198,Chicago,2024-01-28 20:00:00,2024-01-28 21:46:00,51.1421152100153,1.78095415350983,21.1180306491324,34.7397073128616,Afternoon,Tuesday,58.1893631478624,69.1577279417634,290.765805561376,18.3876034564111,2,Level 2,Commuter,75,31.3579776391032,0.679277874413346,10.968364793901,4.66269276879384,71.6210409570786,0.400945476109975,5.68544739237603
User_670,Tesla Model 3,50,Station_65,Houston,2024-01-28 21:00:00,2024-01-28 22:46:00,69.7159463074419,3.78309844577564,10.0630937686221,37.1192953688258,Evening,Saturday,20.4323107984279,79.5199882979864,205.769916239226,-4.47805197297919,4,DC Fast Charger,Long-Distance Traveler,75,59.6757669011791,0.532436226356774,59.0876774995585,1.1798728475656,73.3773288758577,0.25114387195453,2.95154734516257
User_671,Chevy Bolt,85,Station_388,Los Angeles,2024-01-28 22:00:00,2024-01-29 01:35:00,41.977182839078,3.1964455521385,49.3083694009398,19.5628167009092,Evening,Tuesday,11.4154528909417,88.4986322975827,260.48555292288,8.21627116830765,5,Level 2,Commuter,75,66.4384103317938,0.466034530614033,77.083179406641,0.54456994589745,71.6210409570786,0.183360316108655,6.20540815998699
User_672,Tesla Model 3,50,Station_11,Houston,2024-01-28 23:00:00,2024-01-28 23:57:00,69.4223510408016,1.93736686898945,9.88982074193077,10.8349589065925,Evening,Monday,29.1339807889327,99.8871530721888,74.0437079625683,37.2682149544918,5,DC Fast Charger,Casual Driver,75,53.1495144083005,0.156073062121224,70.7531722832562,0.981190649132639,73.3773288758577,0.488343656249545,1.06656871817912
User_673,Hyundai Kona,50,Station_108,New York,2024-01-29 00:00:00,2024-01-29 01:35:00,78.9835794520052,2.90407145877565,37.4791729618644,32.7572572780633,Evening,Sunday,30.8553238522491,89.8888981402459,222.761718007916,9.56891467955211,0,DC Fast Charger,Commuter,75,51.8585071108132,0.414735031070204,59.0335742879968,1.337943372134,73.3773288758577,0.370653081233134,2.82035480733408
User_674,BMW i3,85,Station_26,San Francisco,2024-01-29 01:00:00,2024-01-29 01:39:00,8.52792900610609,2.92923126199585,9.81210457701049,17.8610871595667,Evening,Saturday,40.4020363343686,66.0253226342857,99.2324060472996,39.930003197483,1,Level 1,Commuter,75,44.6984727492236,2.09442259038249,25.6232862999172,0.33281948717615,72.5478832921605,0.0401296313495179,11.63616699626
User_675,Tesla Model 3,96.9892366233145,Station_445,Chicago,2024-01-29 02:00:00,2024-01-29 04:35:00,54.8600032900314,1.74090472192515,38.7020371477659,18.7915839316087,Morning,Tuesday,16.5046458642655,133.629435230602,225.635047723106,-7.6684178611308,0,DC Fast Charger,Casual Driver,75,62.6215156018009,0.342537054404867,117.124789366336,0.468389344278293,73.3773288758577,0.429456250267591,4.11292442930104
User_676,Hyundai Kona,105.554966944358,Station_421,Houston,2024-01-29 03:00:00,2024-01-29 06:54:00,48.5028865925692,3.25695658944632,43.6097074638577,13.9840736545903,Night,Monday,28.2089350692651,64.3122200106079,94.9419869781233,23.8877426976212,4,Level 2,Casual Driver,75,53.8432986980512,0.288314255851583,36.1032849413429,1.34344801785688,71.6210409570786,0.207928962681086,1.9574502395218
User_677,Hyundai Kona,62,Station_151,Chicago,2024-01-29 04:00:00,2024-01-29 05:27:00,52.5325744848872,0.750034340530899,40.9904459557459,17.6543174287647,Night,Thursday,29.7194020056225,63.8991614251238,62.1960310616395,36.5206129806452,0,Level 2,Long-Distance Traveler,75,52.7104484957832,0.336064196393869,34.1797594195013,1.53694980237089,71.6210409570786,0.977928060699989,1.18395170370971
User_678,Chevy Bolt,75,Station_221,Houston,2024-01-29 05:00:00,2024-01-29 08:50:00,45.4711887951378,2.95774678942914,48.0114559340073,7.38872569898367,Morning,Sunday,56.8313768829315,89.6238423855186,289.787984355511,26.5044255717992,6,Level 1,Commuter,75,32.3764673378013,0.162492468192821,32.7924655025871,1.38663525594166,72.5478832921605,0.211909570484171,6.37300215881969
User_681,Hyundai Kona,100,Station_237,Chicago,2024-01-29 08:00:00,2024-01-29 10:21:00,27.2822164379811,0.999834740239344,24.4780053267988,12.4523358830099,Afternoon,Tuesday,54.5738533243952,74.2877001495214,130.788154632217,-3.33989117931231,0,DC Fast Charger,Long-Distance Traveler,75,34.0696100067036,0.456426841687037,19.7138468251261,1.38391135327321,73.3773288758577,0.371868617375353,4.7938976999735
User_682,Hyundai Kona,75,Station_237,Chicago,2024-01-29 09:00:00,2024-01-29 10:53:00,11.5147180989637,2.46080892069392,3.80230332752132,31.1867804252307,Night,Friday,18.8861571640624,82.4683340568907,234.879164920552,-4.09335907572132,3,Level 1,Long-Distance Traveler,75,60.8353821269532,2.70842761040215,63.5821768928283,0.181099777668394,72.5478832921605,0.0644986570242706,20.3981689262276
User_683,Nissan Leaf,62,Station_497,Los Angeles,2024-01-29 10:00:00,2024-01-29 12:52:00,9.44816711008226,1.46580451594426,40.515709335432,17.5933317044022,Afternoon,Monday,75.62404762261,93.7375891576862,115.378061592238,-4.80745127839361,2.89636066409999,DC Fast Charger,Commuter,75,18.2819642830425,1.86208938722391,18.1135415350762,0.521607941317617,73.3773288758577,0.0878434961825904,12.2116872244053
User_684,Nissan Leaf,85,Station_219,Chicago,2024-01-29 11:00:00,2024-01-29 13:05:00,53.1044936542487,1.8580966641953,12.6205471470364,40.3175304739871,Night,Thursday,33.6601357810824,52.8337832668236,74.3814022232184,14.1213182178206,6,Level 2,Casual Driver,75,49.7548981641882,0.759211277608358,19.1736474857412,2.76966047768119,71.6210409570786,0.399045428387803,1.40066117017326
User_685,Chevy Bolt,75,Station_487,Chicago,2024-01-29 12:00:00,2024-01-29 13:02:00,28.7880567553319,3.19182785618769,33.3727147711587,11.3435670041953,Evening,Tuesday,40.8305402619894,61.6475630811816,125.828609926376,1.30973124224931,0,Level 1,Commuter,75,44.377094803508,0.3940372599861,20.8170228191922,1.38290941050374,72.5478832921605,0.124322044592972,4.37086153455184
User_687,Hyundai Kona,101.102987858819,Station_461,Houston,2024-01-29 14:00:00,2024-01-29 17:01:00,7.27544351137387,2.69060325515669,21.0603243083985,34.6540409075465,Night,Saturday,12.8847809649814,72.4517483132095,66.8002713993996,26.9536585313379,0,Level 2,Commuter,75,65.336414276264,4.76315166949906,59.5669673482281,0.12213889400885,71.6210409570786,0.0377545398027009,9.18160814457143
User_688,Tesla Model 3,83.141595886761,Station_151,Los Angeles,2024-01-29 15:00:00,2024-01-29 18:07:00,118.447359391606,3.13657520440655,49.2338530612803,38.3750885267059,Night,Sunday,68.8486485201693,86.4134867066738,109.388271917801,34.4146648755022,4,Level 2,Casual Driver,75,23.363513609873,0.323984331299712,17.5648381865045,6.74343584233026,71.6210409570786,0.52726512839319,0.923518029271939
User_690,Chevy Bolt,50,Station_144,Chicago,2024-01-29 17:00:00,2024-01-29 19:50:00,79.9622262814041,2.96777974864327,9.80772992608017,13.1499163006421,Afternoon,Friday,20.7601718081577,98.4328688894388,278.475683639064,4.75325801082518,2,Level 2,Long-Distance Traveler,75,59.4298711438817,0.16445160311526,77.6726970812811,1.02947662803221,71.6210409570786,0.376194620759831,3.48259042537221
User_691,Hyundai Kona,100,Station_478,New York,2024-01-29 18:00:00,2024-01-29 21:39:00,57.232834452666,1.38964035195064,30.9427533082909,5.66399012717631,Evening,Tuesday,22.4408994206637,63.1517711144893,36.0038959615937,0.830582909052788,4,Level 1,Commuter,75,58.1693254345023,0.0989639982248419,40.7108716938257,1.4058366247497,72.5478832921605,0.567698952183952,0.62907763185083
User_692,Hyundai Kona,62,Station_189,Los Angeles,2024-01-29 19:00:00,2024-01-29 20:16:00,39.223093374363,3.06854530524495,12.7823087074258,11.9506365772763,Afternoon,Saturday,14.1275210866046,66.7057255927987,252.93198255487,36.2014729934972,3,Level 2,Commuter,75,64.4043591850465,0.304683683747583,52.5782045061941,0.74599529867442,71.6210409570786,0.178471417569678,6.44854754674173
User_693,BMW i3,100,Station_255,Los Angeles,2024-01-29 20:00:00,2024-01-29 22:21:00,10.4201108027803,1.22934821139758,18.8997032556997,8.94214521440186,Afternoon,Saturday,54.9788257371583,59.7807885750011,143.561035687386,21.293106505425,2,Level 1,Commuter,75,33.7658806971313,0.858162200349724,4.80196283784277,2.16996906362179,72.5478832921605,0.116834923276753,13.7773041385588
User_694,Tesla Model 3,85,Station_68,Houston,2024-01-29 21:00:00,2024-01-29 23:53:00,47.1974446900541,1.5512712824989,23.4300227497938,9.9884727910293,Night,Friday,74.8774878776032,94.0735694946721,278.926523840225,28.4199410902436,7,Level 1,Casual Driver,75,18.8418840917976,0.211631643548155,19.1960816170689,2.45870202219222,72.5478832921605,0.419378331688066,5.90978019407484
User_695,Tesla Model 3,75,Station_104,Chicago,2024-01-29 22:00:00,2024-01-30 01:43:00,64.450811584597,3.99884375093062,21.4717899317209,31.6678221306138,Morning,Friday,46.2204361019932,89.4389915808531,231.192231691476,18.9669555397874,1,Level 1,Commuter,75,40.3346729235051,0.491348694485362,43.2185554788598,1.4912763943747,72.5478832921605,0.222161710113483,3.58711125596948
User_696,Nissan Leaf,85,Station_336,San Francisco,2024-01-29 23:00:00,2024-01-30 02:58:00,37.8472972971926,2.26253622095061,2.82614625179946,8.33098316959331,Afternoon,Wednesday,55.2518050700318,101.701961545822,173.232901893262,24.3819303987592,4,Level 2,Casual Driver,75,33.5611461974762,0.22012095353005,46.4501564757901,0.814793752458481,71.6210409570786,0.233560126739777,4.57715383301919
User_697,BMW i3,61.3814449282877,Station_159,Los Angeles,2024-01-30 00:00:00,2024-01-30 01:12:00,102.936090465571,2.50293726102557,41.1261169300716,8.81894254649521,Afternoon,Saturday,36.3469929557521,78.6578755858759,200.388088194735,38.2433005800523,0,Level 2,Commuter,75,47.739755283186,0.0856739604798271,42.3108826301239,2.43285141001251,71.6210409570786,0.574218363493458,1.9467233240392
User_698,Nissan Leaf,62,Station_309,Chicago,2024-01-30 01:00:00,2024-01-30 01:37:00,79.2631845223039,0.620162598999986,27.6450895476972,27.6066210881269,Evening,Monday,80.4735996367802,81.0615995237895,108.955256844353,17.1991812456896,7,Level 1,Commuter,75,14.6448002724149,0.348290587294769,0.587999887009275,134.801360125183,72.5478832921605,1.76173750523073,1.37460105219081
User_701,Chevy Bolt,75,Station_300,New York,2024-01-30 04:00:00,2024-01-30 04:41:00,26.179783257937,3.80596129593502,25.8577947022996,26.5968547612086,Afternoon,Tuesday,66.535967122301,81.3264385905936,243.871244631667,-5.31850140094415,1,Level 2,Commuter,75,25.0980246582742,1.01593105256688,14.7904714682925,1.77004386331164,71.6210409570786,0.096041967942078,9.31525071192983
User_702,Chevy Bolt,75,Station_396,Los Angeles,2024-01-30 05:00:00,2024-01-30 06:53:00,118.447359391606,2.85436052674544,45.456093025489,22.8536729228748,Afternoon,Wednesday,46.2780374828781,58.4782905832916,151.866569204563,31.5495707368751,5,Level 2,Commuter,75,40.2914718878414,0.192943709680492,12.2002531004135,9.70859853617229,71.6210409570786,0.579396580204251,1.28214398349285
User_703,Nissan Leaf,62,Station_90,Los Angeles,2024-01-30 06:00:00,2024-01-30 06:45:00,28.6846733381188,3.24657289930135,16.4874680984257,30.5222656230435,Afternoon,Sunday,13.8924625599305,81.5687039984555,248.022494130542,2.87515873521824,6,Level 1,Commuter,75,64.5806530800521,1.06406181668043,67.6762414385249,0.423851454046471,72.5478832921605,0.121786739538632,8.64651624953129
User_704,BMW i3,62,Station_357,New York,2024-01-30 07:00:00,2024-01-30 08:47:00,34.7267128975606,2.95978025936301,24.0215739508069,25.4786465038111,Morning,Wednesday,80.9923228967156,94.7595999758582,264.732423213267,-5.82983325167146,6,Level 2,Commuter,75,14.2557578274633,0.733690130101569,13.7672770791426,2.52240967461689,71.6210409570786,0.16381873892374,7.62330785508534
User_705,Tesla Model 3,100,Station_256,Los Angeles,2024-01-30 08:00:00,2024-01-30 11:57:00,56.6575636969364,0.613208507716142,21.0697713965099,12.846529275979,Night,Monday,84.6152614227465,88.995628927206,151.966508723168,17.3676617238085,0,Level 1,Casual Driver,75,11.5385539329401,0.226739881451585,4.38036750445941,12.9344315606525,72.5478832921605,1.27357632840314,2.68219278781635
User_706,BMW i3,50,Station_496,Chicago,2024-01-30 09:00:00,2024-01-30 10:28:00,5.58379777017254,2.83392698266453,35.820845764955,35.0091288003917,Afternoon,Thursday,68.5971130347228,95.5882553136683,125.258577799488,16.5109346433621,3,Level 1,Casual Driver,75,23.5521652239579,6.26977018892106,26.9911422789455,0.206875193071328,72.5478832921605,0.027159156584347,22.432506146371
User_707,Hyundai Kona,85,Station_353,Los Angeles,2024-01-30 10:00:00,2024-01-30 13:26:00,9.66966559012444,1.62157475631166,37.5141516330458,16.7168219657695,Evening,Tuesday,48.3856145125952,71.2089495603499,145.132708900739,-1.94506761767891,3.60813487285325,Level 2,Commuter,75,38.7107891155536,1.72879008172136,22.8233350477547,0.423674523021811,71.6210409570786,0.0832595101066904,15.0090721905587
User_708,Chevy Bolt,119.5,Station_220,Houston,2024-01-30 11:00:00,2024-01-30 12:32:00,42.7447925675611,1.18016250145816,40.2059875980542,14.2557482765684,Evening,Saturday,19.5630321561769,67.7963354810411,119.488355836647,-4.1726683064721,4,Level 2,Casual Driver,75,60.3277258828673,0.333508421032486,48.2333033248642,0.886209104934478,71.6210409570786,0.50570910600275,2.79538976935699
User_709,Tesla Model 3,75,Station_9,Chicago,2024-01-30 12:00:00,2024-01-30 15:39:00,58.2818537290085,2.28094296845677,32.9765000577372,31.9529977367169,Afternoon,Sunday,34.4596155441121,84.4877880769473,205.395470220799,26.1262009733928,5.48970015202478,Level 1,Commuter,75,49.155288341916,0.548249509792325,50.0281725328352,1.16498066545917,72.5478832921605,0.352203919253034,3.52417531494144
User_710,Tesla Model 3,50,Station_12,San Francisco,2024-01-30 13:00:00,2024-01-30 14:18:00,47.8886246667834,4.2283057378742,26.4252189690936,13.4260591439983,Afternoon,Friday,82.1803975501348,83.0088048886483,235.895030940168,36.4088098086105,5,Level 1,Commuter,75,13.3647018373989,0.280360090468643,0.828407338513458,57.8080642703112,72.5478832921605,0.156113778886557,4.92590949482394
User_712,Hyundai Kona,62,Station_438,Los Angeles,2024-01-30 15:00:00,2024-01-30 16:02:00,12.1284843996264,2.95430553342975,9.58215868202324,38.121241218259,Morning,Monday,48.9478860082779,77.6761977081174,81.6447375540658,23.6193962730814,2,DC Fast Charger,Casual Driver,75,38.2890854937916,3.14311664691041,28.7283116998395,0.422178808359775,73.3773288758577,0.0559486005261645,6.73165210622529
User_713,Nissan Leaf,75,Station_244,Houston,2024-01-30 16:00:00,2024-01-30 16:59:00,45.9092521544369,0.7087385462007,26.3121504016097,11.234497775214,Night,Tuesday,40.7161172631311,97.2884647839348,194.251395523428,28.403851512512,5,Level 2,Commuter,75,44.4629120526517,0.244710973235233,56.5723475208037,0.811514002270356,71.6210409570786,0.904427035675528,4.23120365520165
User_714,Chevy Bolt,75,Station_182,Houston,2024-01-30 17:00:00,2024-01-30 20:36:00,8.11537026105033,1.97814757686048,4.10251002300355,26.8468635276319,Evening,Saturday,22.1899250732362,99.6280979332727,223.405806653134,33.6911508131625,0,DC Fast Charger,Long-Distance Traveler,75,58.3575561950728,3.30815017233203,77.4381728600365,0.10479805968199,73.3773288758577,0.0559097760282924,27.5287262893437
User_716,BMW i3,100,Station_312,New York,2024-01-30 19:00:00,2024-01-30 19:44:00,27.8542104539734,1.86648164167862,37.6886195032676,37.9607085458778,Morning,Thursday,12.1706579894453,98.0789630579594,89.814542161993,-1.65553805104739,6,DC Fast Charger,Commuter,75,65.872006507916,1.36283556156095,85.9083050685142,0.324231870617852,73.3773288758577,0.203378589807043,3.22445119420647
User_717,Nissan Leaf,85,Station_99,New York,2024-01-30 20:00:00,2024-01-30 21:51:00,23.2226343840928,0.656485960942138,5.40671802430738,30.8371506262551,Afternoon,Saturday,17.5134366340976,97.2383132950074,214.200917954889,22.9101995047057,0,Level 1,Long-Distance Traveler,75,61.8649225244268,1.32789200898664,79.7248766609097,0.291284669938903,72.5478832921605,0.487597304339727,9.22379926463528
User_718,Nissan Leaf,50,Station_197,Houston,2024-01-30 21:00:00,2024-01-30 23:01:00,21.3085725505775,3.73530216225987,28.04359239194,39.925345871975,Night,Tuesday,78.2982910371507,91.7160356021194,198.733810575267,-5.46532879033326,1,DC Fast Charger,Casual Driver,75,16.276281722137,1.8736752908816,13.4177445649688,1.58808900015955,73.3773288758577,0.0777439710562375,9.32647224977443
User_719,Nissan Leaf,50,Station_482,New York,2024-01-30 22:00:00,2024-01-30 22:52:00,77.4574904548612,3.010517385147,47.3330458113044,38.256636594909,Afternoon,Sunday,63.5720897842888,68.7524039477623,273.697821023685,-3.04204181639514,1,DC Fast Charger,Long-Distance Traveler,75,27.3209326617834,0.493904932502342,5.18031416347348,14.9522766400956,73.3773288758577,0.350639133475861,3.53352296099993
User_720,Nissan Leaf,62,Station_366,New York,2024-01-30 23:00:00,2024-01-31 02:55:00,32.2529906373573,3.64962568771469,71.6210409570786,35.4815830071874,Evening,Friday,45.4142299635313,78.6383229213933,25.0575778730515,-1.92554473551136,4,Level 2,Commuter,75,40.9393275273515,1.1001021085496,33.224092957862,0.970771141239693,71.6210409570786,0.123390304776058,0.776907113972504
User_722,Chevy Bolt,100,Station_333,New York,2024-01-31 01:00:00,2024-01-31 02:14:00,77.2957800701708,0.68429515807878,5.9716649728242,8.43109478297339,Afternoon,Tuesday,52.8967336854667,74.0491279791676,86.4568508507111,-8.89236836255502,5,DC Fast Charger,Long-Distance Traveler,75,35.3274497359,0.109075744824872,21.1523942937009,3.65423313299285,73.3773288758577,1.53939623180701,1.11851967561779
User_723,Nissan Leaf,75,Station_103,Los Angeles,2024-01-31 02:00:00,2024-01-31 03:31:00,26.4930081409465,2.11720414560859,7.14879044609855,27.968689734799,Evening,Monday,55.3940357440175,56.7523999363902,261.411049644282,19.6790495336457,5,Level 1,Long-Distance Traveler,75,33.4544731919869,1.05570079418697,1.35836419237265,19.5036119839638,72.5478832921605,0.172482004847702,9.8671713024636
User_724,BMW i3,50,Station_106,Houston,2024-01-31 03:00:00,2024-01-31 06:56:00,55.302730560942,2.54456605946617,37.3474608147356,24.0820257303747,Morning,Thursday,71.9166463826472,88.3752419373837,106.939647423819,30.1884391648703,1,Level 2,Commuter,75,21.0625152130146,0.435458167907948,16.4585955547365,3.36011237271256,71.6210409570786,0.303453545515889,1.93371369440745
User_725,Tesla Model 3,100,Station_365,Chicago,2024-01-31 04:00:00,2024-01-31 07:48:00,10.1922594309224,2.19366222557645,14.4353524346184,29.6159578513722,Evening,Saturday,14.1845482807749,71.7458940062597,298.96946103096,-5.39232913995819,3,DC Fast Charger,Long-Distance Traveler,75,64.3615887894189,2.90573037824372,57.5613457254849,0.177067775300636,73.3773288758577,0.0633196950222533,29.3329916744382
User_726,Tesla Model 3,42.223964262866,Station_368,San Francisco,2024-01-31 05:00:00,2024-01-31 05:44:00,62.634009902134,1.30610136386446,37.5745477149443,18.4840398037191,Evening,Monday,69.8830290147668,89.7089982439316,38.6149571477357,1.19542205943893,1,Level 1,Commuter,75,22.5877282389249,0.295111870253885,19.8259692291648,3.15919031136177,72.5478832921605,0.661010849740879,0.616517403373532
User_727,BMW i3,27.5,Station_58,Houston,2024-01-31 06:00:00,2024-01-31 07:15:00,36.229412760644,1.88568902766939,11.0930632128865,31.0900593438091,Evening,Monday,43.3566739171819,91.9403167511568,144.450371996162,17.3968258080866,1,Level 2,Casual Driver,75,42.4824945621136,0.858144170020394,48.5836428339749,0.745712150166487,71.6210409570786,0.268256708656093,3.98710221858961
User_728,Nissan Leaf,62,Station_78,Houston,2024-01-31 07:00:00,2024-01-31 08:33:00,12.3504061153206,1.4995568792792,44.0476453908667,24.3092972363553,Night,Wednesday,47.07173172848,68.8331569501283,152.259866990807,15.0098672932252,4,DC Fast Charger,Long-Distance Traveler,75,39.69620120364,1.9682994234659,21.7614252216483,0.567536638318819,73.3773288758577,0.112242258503986,12.3283287666087
User_729,Chevy Bolt,75,Station_75,Los Angeles,2024-01-31 08:00:00,2024-01-31 11:23:00,28.2485102326603,2.57355114893177,26.6401768504527,16.5221251481084,Morning,Monday,53.8200367320495,67.2331637344178,149.004270808585,16.694086243987,6,Level 1,Casual Driver,75,34.6349724509629,0.584884831519573,13.4131270023683,2.10603465006128,72.5478832921605,0.151299676377698,5.27476562768644
User_730,Tesla Model 3,62,Station_42,New York,2024-01-31 09:00:00,2024-01-31 12:33:00,53.1898876504525,1.9014576140979,4.87560227135355,36.9286964502254,Night,Sunday,59.1039167233665,95.2301741772012,166.981750676196,37.3951091483055,7,Level 1,Casual Driver,75,30.6720624574752,0.694280399554694,36.1262574538347,1.47233318365245,72.5478832921605,0.385582822806942,3.13935144540158
User_731,Hyundai Kona,62,Station_422,Los Angeles,2024-01-31 10:00:00,2024-01-31 13:21:00,63.9719669447208,1.98150970946943,41.3488974467801,10.3401060535764,Morning,Saturday,54.84308704414,99.1304953506278,90.794862854844,9.19251475990543,0.689886654127164,DC Fast Charger,Commuter,75,33.867684716895,0.161634955862955,44.2874083064878,1.4444730317477,73.3773288758577,0.439978648320396,1.41929140514471
User_732,Hyundai Kona,75,Station_324,New York,2024-01-31 11:00:00,2024-01-31 12:44:00,48.663555210848,1.75627166088567,36.3237277476002,15.3995784534301,Afternoon,Thursday,49.2826895893441,91.7460321625635,178.121308847598,21.0124055944645,0,Level 1,Long-Distance Traveler,75,38.0379828079919,0.316449926165633,42.4633425732194,1.14601329669085,72.5478832921605,0.381933185131224,3.66026090933635
User_733,BMW i3,75,Station_181,New York,2024-01-31 12:00:00,2024-01-31 15:06:00,51.1617687898154,1.92457253566771,14.8983592071346,35.9128051572025,Afternoon,Friday,40.3591124548713,79.5960070188635,258.289678290864,31.5631799871207,11.6885924725037,DC Fast Charger,Casual Driver,75,44.7306656588466,0.701946121228545,39.2368945639922,1.30391992940151,73.3773288758577,0.362284178771282,5.04849000338473
User_734,Nissan Leaf,75,Station_33,Houston,2024-01-31 13:00:00,2024-01-31 16:39:00,68.2446532116323,3.37557050941153,49.3612511017039,33.3603609693721,Evening,Wednesday,57.9079949044893,88.3093841726702,276.392588019263,14.8262037282584,2,Level 1,Long-Distance Traveler,75,31.569003821633,0.488834793634585,30.4013892681808,2.24478732236949,72.5478832921605,0.278674160509832,4.0500255333139
User_735,Tesla Model 3,62,Station_71,New York,2024-01-31 14:00:00,2024-01-31 15:21:00,70.3848328268497,1.04662065654346,20.6196033940849,25.437143248981,Evening,Monday,32.4593562354127,75.4576269151354,302.852489722631,-6.49717536251034,6,DC Fast Charger,Long-Distance Traveler,75,50.6554828234405,0.361400918739947,42.9982706797227,1.63692240906893,73.3773288758577,0.916490322064516,4.30280896550062
User_736,Nissan Leaf,75,Station_56,San Francisco,2024-01-31 15:00:00,2024-01-31 18:31:00,56.55292752021,2.621035258115,4.34009853195768,38.8465768866527,Night,Saturday,29.2603531854246,88.253119885575,12.0242940922769,10.5115616818613,6,Level 2,Long-Distance Traveler,75,53.0547351109316,0.68690655974919,58.9927667001504,0.958641723105789,71.6210409570786,0.301260088663843,0.212620188194144
User_737,Tesla Model 3,85,Station_105,San Francisco,2024-01-31 16:00:00,2024-01-31 17:57:00,16.8277715944619,2.73881694416289,14.511282307811,11.579766187039,Morning,Sunday,30.6152419867165,82.4609816770819,199.301771662844,25.9649968490717,6,Level 1,Long-Distance Traveler,75,52.0385685099626,0.688134261986888,51.8457396903654,0.324573854958212,72.5478832921605,0.0846913112422815,11.8436223444128
User_739,BMW i3,100,Station_101,Houston,2024-01-31 18:00:00,2024-01-31 19:52:00,6.06516171280735,3.59776551890032,46.623512085692,16.178031410568,Morning,Sunday,19.6468972894588,71.1910027436113,92.4043969285952,27.2921270368777,3.69709540912153,DC Fast Charger,Long-Distance Traveler,75,60.2648270329059,2.66737016696621,51.5441054541525,0.117669356357386,73.3773288758577,0.0229745826742636,15.2352734030936
User_740,Hyundai Kona,62,Station_256,Los Angeles,2024-01-31 19:00:00,2024-01-31 20:35:00,10.1377094428921,1.582369811688,36.0778447090895,26.5542637048078,Evening,Tuesday,34.8921262616304,99.8711986740545,217.596634645785,40.8167403755984,1,Level 1,Commuter,75,48.8309053037772,2.61935537355788,64.9790724124241,0.15601499169683,72.5478832921605,0.088309434793867,21.4640827764452
User_741,Nissan Leaf,75,Station_307,Chicago,2024-01-31 20:00:00,2024-01-31 22:59:00,62.5376105258264,3.11166669161057,24.187852316655,21.6631986459518,Evening,Wednesday,14.823808108604,69.8430586101268,257.313155150177,19.1498380714327,5,Level 2,Commuter,75,63.882143918547,0.3464027241176,55.0192505015228,1.13664962637206,71.6210409570786,0.280612868674515,4.11453448551433
User_742,Hyundai Kona,62,Station_74,New York,2024-01-31 21:00:00,2024-01-31 21:49:00,75.0743811110826,2.36717911894266,31.7147023266308,18.0992183576944,Morning,Thursday,80.9983107849027,84.0469190112318,158.360451057366,36.3943547736832,6,DC Fast Charger,Long-Distance Traveler,75,14.251266911323,0.241083817006952,3.04860822632907,24.6257884049215,73.3773288758577,0.432213911469669,2.10938070635642
User_743,Nissan Leaf,37.3297136514548,Station_171,Chicago,2024-01-31 22:00:00,2024-01-31 23:02:00,16.4972120386541,1.81135511444694,9.55495696728483,12.1892215709933,Evening,Tuesday,50.5319393342964,93.9539494131078,225.255269162892,31.7965496410358,0,Level 2,Long-Distance Traveler,75,37.1010454992777,0.738865545428716,43.4220100788114,0.379927414891928,71.6210409570786,0.127164628216584,13.6541415989019
User_746,Chevy Bolt,62,Station_166,Houston,2024-02-01 01:00:00,2024-02-01 02:15:00,41.7666480990306,4.59269057736203,21.8337240280942,36.7044102249807,Afternoon,Friday,42.3583756246364,51.491725707374,14.5924432033762,38.8126891988065,6,Level 1,Casual Driver,75,43.2312182815227,0.878797123914586,9.13335008273758,4.57298228149289,72.5478832921605,0.125353853974228,0.349380279901248
User_748,Chevy Bolt,62,Station_261,San Francisco,2024-02-01 03:00:00,2024-02-01 05:07:00,69.4391779041177,3.65959161382201,16.6133876599471,12.6126423359156,Evening,Tuesday,22.7125985584588,50.7987914421691,266.829876633876,9.99423176028643,5,Level 2,Long-Distance Traveler,75,57.9655510811559,0.181635824567671,28.0861928837104,2.4723599311458,71.6210409570786,0.264930108886458,3.84264164247908
User_749,Tesla Model 3,75,Station_221,Los Angeles,2024-02-01 04:00:00,2024-02-01 05:26:00,38.711207157581,2.96756024341221,14.5336013097475,14.361848504708,Night,Sunday,28.630840906398,61.6578999268302,260.488326520325,-6.35940039375696,5,Level 1,Casual Driver,75,53.5268693202015,0.370999758448387,33.0270590204322,1.17210579160658,72.5478832921605,0.179809413545128,6.72901584959517
User_750,Chevy Bolt,81.3684158306521,Station_83,Houston,2024-02-01 05:00:00,2024-02-01 06:56:00,57.9776578887731,2.85908031310572,6.49918793488262,14.3382336359081,Evening,Thursday,58.30868499503,63.8661050513057,114.883295778286,7.63685033217674,5,DC Fast Charger,Long-Distance Traveler,75,31.2684862537275,0.247306189280968,5.55742005627566,10.4324771749622,73.3773288758577,0.276358237270878,1.98150977396643
User_752,BMW i3,100,Station_307,New York,2024-02-01 07:00:00,2024-02-01 08:24:00,40.3190619813227,1.74360692513874,11.7678505721188,15.100266421622,Evening,Thursday,31.093089045581,86.5849594977361,99.187333280297,0.534567342304225,7,Level 1,Casual Driver,75,51.6801832158142,0.374519288881697,55.491870452155,0.726576012896982,72.5478832921605,0.318740382014511,2.46006053727749
User_753,Tesla Model 3,50,Station_10,San Francisco,2024-02-01 08:00:00,2024-02-01 09:30:00,47.1980747936075,2.86138294552482,44.3366103515482,27.3852145946981,Morning,Saturday,65.4784701085903,84.2269870252543,86.6093816766203,4.25187125312075,6,Level 2,Commuter,75,25.8911474185573,0.580218890589309,18.748516916664,2.51742977876063,71.6210409570786,0.23030728252033,1.83501937431462
User_754,Chevy Bolt,100,Station_396,Los Angeles,2024-02-01 09:00:00,2024-02-01 10:58:00,22.5156351444776,3.55555988479379,35.1524847177468,11.2199437434928,Night,Thursday,40.1357807434808,59.0683880135405,80.1644086105536,16.336447222789,6,DC Fast Charger,Commuter,75,44.8981644423894,0.498317887614405,18.9326072700597,1.18925168748861,73.3773288758577,0.086300697653346,3.56038850763734
User_755,Chevy Bolt,62,Station_4,Chicago,2024-02-01 10:00:00,2024-02-01 10:37:00,68.2609376844136,2.41357931794354,33.6448351358574,17.0344106350903,Morning,Tuesday,46.3770048866486,88.3859382410677,152.259866990807,-9.54257321369814,7,DC Fast Charger,Long-Distance Traveler,75,40.2172463350135,0.249548441802021,42.0089333544191,1.62491480344223,73.3773288758577,0.385432893933305,2.23055633508494
User_756,Chevy Bolt,50,Station_351,San Francisco,2024-02-01 11:00:00,2024-02-01 11:45:00,73.5059703623024,1.83590907012149,30.9314277897324,31.8490096413,Afternoon,Thursday,60.7748491493762,63.5665813254322,246.287514849724,2.31526122119781,2,Level 1,Commuter,75,29.4188631379679,0.433284663603785,2.79173217605597,26.3298789879437,72.5478832921605,0.551882600482003,3.350578376638
User_757,Hyundai Kona,75,Station_402,New York,2024-02-01 12:00:00,2024-02-01 15:25:00,73.869362595598,1.19680014285848,26.0869730826837,5.64405441380632,Morning,Friday,80.6980121562729,88.2052620285803,180.454602148988,21.2945905328714,4,Level 2,Long-Distance Traveler,75,14.4764908827953,0.0764058902837028,7.50724987230736,9.83973676806554,71.6210409570786,0.861791270058201,2.44288830725259
User_758,Nissan Leaf,50,Station_336,Houston,2024-02-01 13:00:00,2024-02-01 15:25:00,64.377132440131,2.31486001660848,15.2565692015926,8.81179866881075,Afternoon,Monday,15.5869562487656,98.8077645062641,199.758400758803,25.4073997555306,3,Level 2,Long-Distance Traveler,75,63.3097828134258,0.136877775303296,83.2208082574985,0.773570141747937,71.6210409570786,0.388298994044022,3.10294033280487
User_759,Hyundai Kona,50,Station_488,Los Angeles,2024-02-01 14:00:00,2024-02-01 15:30:00,12.0100952678333,0.752959595144199,47.9020613026911,35.091704810627,Night,Wednesday,41.6570295966423,83.1567219736819,133.446469487266,23.9491386457395,5,DC Fast Charger,Commuter,75,43.7572278025182,2.92185066213533,41.4996923770395,0.289402031193804,73.3773288758577,0.217376645288029,11.1111915860215
User_760,Nissan Leaf,29.5942888858657,Station_292,San Francisco,2024-02-01 15:00:00,2024-02-01 15:44:00,36.2262124097324,3.99242738702047,27.1964878303445,21.9327167145401,Night,Saturday,80.583283116107,91.0784250486899,34.0376566321435,23.3339820116877,3,Level 2,Commuter,75,14.5625376629197,0.60543775502867,10.4951419325829,3.45171248206426,71.6210409570786,0.126690857108337,0.939586403545711
User_761,Chevy Bolt,100,Station_281,Chicago,2024-02-01 16:00:00,2024-02-01 19:42:00,28.8469873744713,3.2937133901038,11.0276484109255,10.4308754480055,Morning,Sunday,41.5862201324501,89.9951963637943,298.631376048974,-0.46412290600866,4,Level 2,Long-Distance Traveler,75,43.8103349006624,0.361593233726599,48.4089762313442,0.595901620323738,71.6210409570786,0.122285237181256,10.352255234571
User_762,Chevy Bolt,85,Station_215,New York,2024-02-01 17:00:00,2024-02-01 19:59:00,76.58011323733,2.67809654109557,41.1225136848555,21.3168531832965,Morning,Tuesday,31.3625870177196,93.5634261410211,233.212057782422,14.08667639461,1,Level 2,Long-Distance Traveler,75,51.4780597367103,0.278360167962057,62.2008391233015,1.2311749217004,71.6210409570786,0.399253881281829,3.04533445987045
User_763,Hyundai Kona,50,Station_460,New York,2024-02-01 18:00:00,2024-02-01 20:40:00,74.1341924831395,2.18637467394969,47.8169213573763,11.3492150400767,Evening,Sunday,71.9042664997985,99.3647357498131,151.065702990489,18.2375781814141,6,Level 1,Long-Distance Traveler,75,21.0718001251511,0.153090155297205,27.4604692500146,2.69966954345109,72.5478832921605,0.467379035054865,2.03773316914252
User_764,Hyundai Kona,100,Station_98,San Francisco,2024-02-01 19:00:00,2024-02-01 21:11:00,73.809216641826,2.36986948022989,10.5759382992605,5.30774145623405,Afternoon,Sunday,53.1718176424292,92.1604189199782,126.395962610847,25.0449061552955,4,DC Fast Charger,Casual Driver,75,35.1211367681781,0.0719116351280481,38.988601277549,1.89309732135295,73.3773288758577,0.424447783250301,1.71246855557631
User_765,Nissan Leaf,50,Station_420,Chicago,2024-02-01 20:00:00,2024-02-01 21:23:00,35.0266695702469,1.73952109078025,22.0279856474478,28.8082668699089,Evening,Thursday,26.2762440423382,59.1985880371917,208.480534386268,-8.7121804129711,2,Level 1,Long-Distance Traveler,75,55.2928169682463,0.822466629667236,32.9223439948535,1.06391785395725,72.5478832921605,0.277552025477726,5.952051306738
User_767,Nissan Leaf,85,Station_451,Los Angeles,2024-02-01 22:00:00,2024-02-01 23:05:00,35.8995492119129,1.77244702853686,12.5118972747581,20.2462792142561,Night,Thursday,16.4927528714891,53.0845725534856,150.277210194028,15.0558274515623,4,Level 1,Long-Distance Traveler,75,62.6304353463832,0.563970290956676,36.5918196819964,0.981081277834781,72.5478832921605,0.279184295406652,4.18604727616356
User_768,Hyundai Kona,62,Station_9,New York,2024-02-01 23:00:00,2024-02-02 02:59:00,48.3301827620632,2.15414623021949,14.8125698880929,15.3036967301966,Morning,Wednesday,56.274595041616,65.9870303263243,229.182834990022,18.0324733923263,4,Level 1,Commuter,75,32.794053718788,0.316648848723354,9.71243528470836,4.97611374957176,72.5478832921605,0.309256267901044,4.74202293250832
User_769,Hyundai Kona,75,Station_61,Chicago,2024-02-02 00:00:00,2024-02-02 02:14:00,53.7149323299042,1.69236729139556,23.7269996094419,30.1436671361265,Night,Saturday,15.8999239076673,58.1687786976052,152.259866990807,-6.3693284315798,7,Level 1,Commuter,75,63.0750570692495,0.561178536928825,42.2688547899378,1.27079223217307,72.5478832921605,0.437497589175224,2.83459106037151
User_771,Hyundai Kona,50,Station_146,Houston,2024-02-02 02:00:00,2024-02-02 03:36:00,40.736704801537,2.53452541426977,9.86675920918086,36.5745217302642,Night,Friday,33.9264868203654,67.6953312005115,119.096918868904,13.5469289255114,0,DC Fast Charger,Long-Distance Traveler,75,49.555134884726,0.897827202972103,33.7688443801461,1.20633991329261,73.3773288758577,0.219041975341209,2.9235776297844
User_772,Tesla Model 3,62,Station_427,San Francisco,2024-02-02 03:00:00,2024-02-02 03:39:00,11.5797708022967,3.61609972912228,9.63403161609862,5.77775042661339,Night,Saturday,26.1051560745308,71.3991027900904,157.611928976685,36.0382259816469,1,Level 1,Long-Distance Traveler,75,55.4211329441019,0.498952053996393,45.2939467155596,0.255658242259528,72.5478832921605,0.0441402530285566,13.6109713799711
User_776,Tesla Model 3,62,Station_226,Houston,2024-02-02 07:00:00,2024-02-02 08:26:00,20.5187140509588,3.64658304524678,27.1735374562018,13.3720014409266,Afternoon,Tuesday,83.5904818023029,159.988903188776,286.440009862406,22.4796892066722,5,Level 1,Long-Distance Traveler,75,12.3071386482728,0.651697830951631,76.3984213864731,0.268575105068752,72.5478832921605,0.0775602651521626,13.9599396507513
User_781,Nissan Leaf,64.7707014132009,Station_425,New York,2024-02-02 12:00:00,2024-02-02 13:40:00,15.5677957765988,1.22202135275327,49.6391443622643,18.5496956428137,Morning,Thursday,54.1244409000364,58.5285776603096,31.5965316718754,35.697788719432,6,Level 1,Commuter,75,34.4066693249727,1.19154284325192,4.40413676027325,3.53481206964901,72.5478832921605,0.175599625572404,2.02960856663926
User_782,Tesla Model 3,50,Station_255,Los Angeles,2024-02-02 13:00:00,2024-02-02 14:52:00,36.6316235213147,0.974393545817929,17.4986327549519,31.1630913861627,Morning,Monday,35.9754285280013,56.8396567324165,59.096639150516,-1.75956756264818,5,Level 1,Casual Driver,75,48.018428603999,0.850715540031415,20.8642282044152,1.75571428583028,72.5478832921605,0.518199539621858,1.61326835858448
User_784,Chevy Bolt,50,Station_434,San Francisco,2024-02-02 15:00:00,2024-02-02 17:29:00,52.1835214934089,2.88019906199214,37.912464345424,12.9951543963543,Evening,Thursday,12.058569838606,75.3588580384288,259.568845553276,-2.66400029294637,3,DC Fast Charger,Casual Driver,75,65.9560726210455,0.249027931125645,63.3002881998228,0.824380472466079,73.3773288758577,0.2469158564182,4.97415348992998
User_785,Hyundai Kona,75,Station_207,Houston,2024-02-02 16:00:00,2024-02-02 18:02:00,52.9483981020868,1.77455369364359,29.8375858063618,36.8859008004816,Afternoon,Wednesday,41.495857044612,54.9424764633306,38.022488299433,5.45916995475182,6,Level 2,Commuter,75,43.878107216541,0.696638654286838,13.4466194187186,3.93767358570281,71.6210409570786,0.416603632223706,0.718104601127383
User_786,Tesla Model 3,61.4608854664409,Station_28,Los Angeles,2024-02-02 17:00:00,2024-02-02 17:44:00,17.2187444751214,0.957521116325337,47.746137393451,15.1759952281457,Evening,Sunday,53.6717739479541,76.2012691595258,20.4946951644537,20.0187500762159,1,DC Fast Charger,Commuter,75,34.7461695390344,0.881364796955599,22.5294952115716,0.764275644590453,73.3773288758577,0.245070604835324,1.19025491051717
User_787,Nissan Leaf,50,Station_170,New York,2024-02-02 18:00:00,2024-02-02 20:20:00,48.1459696141063,2.86736349292952,15.5216617989491,31.8390619702588,Afternoon,Sunday,16.5371805629044,99.9848604829534,33.0871391852369,32.2273841276895,0,Level 1,Commuter,75,62.5971145778217,0.66130274715519,83.4476799200491,0.576959954551579,72.5478832921605,0.231447471286759,0.687225523765186
User_788,BMW i3,62,Station_336,Chicago,2024-02-02 19:00:00,2024-02-02 21:10:00,25.1211646654616,1.01050696903203,32.0936517723468,14.440838232749,Night,Saturday,58.3902784600352,93.6493068196204,272.287184527942,-6.0528878537798,3,DC Fast Charger,Commuter,75,31.2072911549736,0.574847481199918,35.2590283595851,0.712474671997943,73.3773288758577,0.338796222176158,10.8389554447013
User_789,Tesla Model 3,85,Station_76,Los Angeles,2024-02-02 20:00:00,2024-02-02 22:28:00,67.9028393400395,0.835318745254099,41.0670410974545,25.5701399190146,Evening,Saturday,45.5823256572529,87.8020696857053,120.367512101523,25.5851897272677,1,Level 1,Long-Distance Traveler,75,40.8132557570604,0.376569524448987,42.2197440284524,1.60831954107251,72.5478832921605,1.12049767944694,1.77264328371828
User_790,Tesla Model 3,85,Station_116,Houston,2024-02-02 21:00:00,2024-02-02 22:45:00,43.2545171408108,3.21076437224364,19.2780357229782,13.3747112009087,Night,Tuesday,16.429867031264,85.2421284736419,156.19622550598,27.8175569749438,1,Level 1,Commuter,75,62.677599726552,0.309209582836601,68.8122614423779,0.628587351064335,72.5478832921605,0.18569417785114,3.61109626995717
User_791,Chevy Bolt,62,Station_69,San Francisco,2024-02-02 22:00:00,2024-02-03 01:07:00,62.6155075855618,1.81504539971853,19.7946495894483,16.7876540544476,Evening,Saturday,84.0342614151054,92.4362785248097,209.626621840576,21.4536316430885,3,Level 2,Commuter,75,11.974303938671,0.26810697064953,8.40201710970436,7.45243752398941,71.6210409570786,0.481674642942701,3.34783873713917
User_792,Hyundai Kona,85,Station_354,New York,2024-02-02 23:00:00,2024-02-02 23:49:00,43.8259001173218,3.12812823035759,41.8374624978217,58.7466766922123,Afternoon,Tuesday,37.6944740327762,77.1265544185951,29.9444405209067,33.5468571293004,7,DC Fast Charger,Long-Distance Traveler,75,46.7291444754179,1.34045567883255,39.4320803858189,1.11142754043185,73.3773288758577,0.19093449579424,0.683258996181379
User_794,Nissan Leaf,75,Station_1,Chicago,2024-02-03 01:00:00,2024-02-03 03:40:00,74.8264456909778,1.39858221121484,43.1332834565731,26.2187180377905,Evening,Sunday,23.7259955010509,53.8136993219433,238.743560656569,30.9559689441999,3.04356979849658,Level 2,Long-Distance Traveler,75,57.2055033742118,0.350393738412619,30.0877038208924,2.48694437223952,71.6210409570786,0.747010123591358,3.19063077835535
User_795,BMW i3,85,Station_167,Los Angeles,2024-02-03 02:00:00,2024-02-03 03:42:00,15.8801584247813,1.68337796940896,9.43350733665408,22.9474865898211,Night,Thursday,15.0005562790763,66.9246657414314,0.862361331601814,25.362705253389,7,Level 2,Casual Driver,75,63.7495827906928,1.44504141432312,51.9241094623551,0.305834006383766,71.6210409570786,0.131714189162755,0.0543043279880687
User_796,Nissan Leaf,75,Station_352,Los Angeles,2024-02-03 03:00:00,2024-02-03 05:31:00,78.8952491075676,1.22589551240198,30.7492768161098,7.26028975379814,Morning,Sunday,62.0876464532714,80.771378816618,73.6139481169483,16.5208595805558,4,Level 2,Long-Distance Traveler,75,28.4342651600465,0.0920244227114271,18.6837323633467,4.22267069412441,71.6210409570786,0.898580040444788,0.933059328028502
User_797,Hyundai Kona,62,Station_218,Houston,2024-02-03 04:00:00,2024-02-03 05:10:00,10.2418858915961,1.39474710258071,29.2162136858231,34.6533138109459,Evening,Sunday,14.9616696359071,70.5118008143784,295.915026889822,18.1538547523736,3,DC Fast Charger,Commuter,75,63.7787477730697,3.38348954262227,55.5501311784713,0.184371947902175,73.3773288758577,0.100074301327236,28.8926307148797
User_799,Chevy Bolt,50,Station_368,New York,2024-02-03 06:00:00,2024-02-03 09:03:00,59.9228144164599,3.75321647968613,30.4294481291312,14.1177257241081,Night,Wednesday,41.6427516850371,95.0069584304912,239.158238971182,7.17732249846193,7,Level 2,Commuter,75,43.7679362362222,0.235598508874947,53.3642067454541,1.12290274832136,71.6210409570786,0.222919448225116,3.99110491221335
User_800,Chevy Bolt,62,Station_251,Chicago,2024-02-03 07:00:00,2024-02-03 09:39:00,8.35301985641465,3.4304844579467,34.719681724362,35.6606184377772,Morning,Tuesday,13.1425631074728,97.2596209729654,42.5513421880198,2.81918737663336,7,DC Fast Charger,Commuter,75,65.1430776693954,4.2691887545786,84.1170578654926,0.0993023302095461,73.3773288758577,0.0331838032283771,5.09412678521802
User_801,Chevy Bolt,58.3698045171341,Station_347,San Francisco,2024-02-03 08:00:00,2024-02-03 08:52:00,40.7628331143554,0.938436579463628,41.3329354635944,24.9145046787561,Evening,Sunday,57.8146802027005,87.2706866811988,196.514006160119,35.5495243311583,3,Level 1,Casual Driver,75,31.6389898479746,0.611206404836028,29.4560064784983,1.38385470359367,72.5478832921605,0.598735056638795,4.82091138289682
User_802,Chevy Bolt,85,Station_344,Chicago,2024-02-03 09:00:00,2024-02-03 09:52:00,18.890563373292,1.4187837431941,17.0053503355955,28.2427558244726,Morning,Monday,54.311471073281,57.6560326290494,73.2568304936438,32.9504305341929,2,DC Fast Charger,Commuter,75,34.2663966950392,1.4950721832046,3.34456155576834,5.64814342875872,73.3773288758577,0.181454109446202,3.87795901297556
User_804,Hyundai Kona,62,Station_174,San Francisco,2024-02-03 11:00:00,2024-02-03 11:38:00,12.8143631472391,2.58853518064052,27.381994351172,29.6354195128866,Afternoon,Monday,66.4613415446111,68.4130948175126,251.171353173166,22.6141825851092,1,Level 1,Commuter,75,25.1539938415416,2.3126720518508,1.95175327290143,6.56556508712269,72.5478832921605,0.0682367304980707,19.6007675361754
User_805,Nissan Leaf,75,Station_170,Houston,2024-02-03 12:00:00,2024-02-03 12:42:00,8.91841877756209,1.55693669580007,16.241963359212,8.64002365406612,Night,Thursday,16.9904050015593,55.8266410296063,15.213426041096,9.11396818639039,1.20863308271924,Level 1,Long-Distance Traveler,75,62.2571962488305,0.968784250836439,38.8362360280471,0.229641687498277,72.5478832921605,0.0789572767456334,1.70584342589647
User_808,Chevy Bolt,75,Station_90,San Francisco,2024-02-03 15:00:00,2024-02-03 16:20:00,7.85886838913687,3.36112870578836,4.83037167736444,36.5118819204188,Morning,Saturday,81.8655034662389,96.1323120691459,284.653620472115,23.6954555727573,0,Level 1,Commuter,75,13.6008724003208,4.64594647887072,14.266808602907,0.550849780625469,72.5478832921605,0.0322292446479037,36.2206880656744
User_809,Tesla Model 3,75,Station_49,San Francisco,2024-02-03 16:00:00,2024-02-03 17:33:00,70.1713545950605,3.82794583160107,12.9625221751245,13.9210075396123,Evening,Wednesday,11.9526542874087,52.6826654369914,155.725071055334,1.49610662053454,3.28632457219423,Level 2,Casual Driver,75,66.0355092844435,0.198385902907912,40.7300111495827,1.72284152678852,71.6210409570786,0.255949006353996,2.21921141403042
User_810,Hyundai Kona,62,Station_446,New York,2024-02-03 17:00:00,2024-02-03 18:21:00,15.1874321309949,2.7345975705096,13.0800229851948,26.1530947912296,Morning,Tuesday,11.8832227423672,59.5296330724088,252.851106563881,36.9999158815219,2,Level 2,Casual Driver,75,66.0875829432246,1.7220221671217,47.6464103300416,0.318752913929784,71.6210409570786,0.0775443745976593,16.6487069297156
User_811,BMW i3,85,Station_294,Chicago,2024-02-03 18:00:00,2024-02-03 21:58:00,77.8613161281733,0.706536645780502,30.1441874387748,37.1304046337905,Evening,Saturday,63.1043429528629,66.6124134566274,20.6556777966678,0.786534416726228,0,Level 1,Long-Distance Traveler,75,27.6717427853528,0.476878718215697,3.50807050376454,22.1949120020876,72.5478832921605,1.51901584003413,0.265288063749975
User_812,Nissan Leaf,62,Station_407,San Francisco,2024-02-03 19:00:00,2024-02-03 20:07:00,37.1892936470026,1.2288413350732,3.85669216697518,17.7742489164061,Night,Friday,49.0695589563881,85.1011694094522,269.148088962426,19.8566115754287,0.0885982577498181,Level 2,Casual Driver,75,38.1978307827089,0.477939943821405,36.0316104530641,1.03212965447233,71.6210409570786,0.422553291818091,7.23724659890439
User_813,Tesla Model 3,62,Station_150,Chicago,2024-02-03 20:00:00,2024-02-03 22:09:00,25.7119239267217,2.30932771717463,32.6209077726519,29.4511637409004,Evening,Sunday,37.0929556989178,84.7408876510692,190.281822934065,8.00517234052586,5,DC Fast Charger,Casual Driver,75,47.1802832258117,1.14542823885274,47.6479319521515,0.539623082750829,73.3773288758577,0.151735467857327,7.40052838816587
User_814,Tesla Model 3,50,Station_132,San Francisco,2024-02-03 21:00:00,2024-02-04 00:42:00,9.08624670756289,2.01005747307804,14.088726040982,16.9451354175989,Morning,Wednesday,50.005700053904,64.8118366437775,278.428229362851,-8.98360499272051,5,Level 2,Long-Distance Traveler,75,37.495724959572,1.86492134353942,14.8061365898735,0.613681135008395,71.6210409570786,0.0631154118327374,30.6428207734116
User_817,Tesla Model 3,100,Station_457,Houston,2024-02-04 00:00:00,2024-02-04 01:20:00,53.6484244296547,3.40854221169984,47.2903552526971,14.6650391449306,Evening,Saturday,21.4552705669752,98.1639158535936,292.872292402999,12.0256226315339,2,DC Fast Charger,Commuter,75,58.9085470747686,0.273354516946902,76.7086452866184,0.699379114690395,73.3773288758577,0.214499555703904,5.4591033290646
User_819,Hyundai Kona,100,Station_199,San Francisco,2024-02-04 02:00:00,2024-02-04 04:50:00,71.1625043353275,1.20260732209335,44.7448626480689,23.701275045538,Afternoon,Thursday,48.9635439575971,92.5723725048991,287.063979762462,3.70686568214266,3.73405530967035,Level 1,Casual Driver,75,38.2773420318022,0.333058473235488,43.608828547302,1.63183710055725,72.5478832921605,0.815647733789361,4.03392183065645
User_821,Tesla Model 3,47.5957644927505,Station_386,Chicago,2024-02-04 04:00:00,2024-02-04 05:24:00,58.9106176211873,2.28329644601793,23.3795984556614,9.74999269503519,Evening,Thursday,30.4513783919683,52.1179621321946,138.882790056833,-8.60311205082825,1,Level 1,Casual Driver,75,52.1614662060238,0.16550484596394,21.6665837402263,2.71896198900122,72.5478832921605,0.355636665482994,2.35751712789518
User_822,BMW i3,100,Station_49,Los Angeles,2024-02-04 05:00:00,2024-02-04 07:18:00,8.75167001874184,3.13553570240669,11.5953832728127,5.0432083611011,Night,Tuesday,53.3571829940881,91.2931717571858,49.6819792719527,4.85430913296451,0,DC Fast Charger,Long-Distance Traveler,75,34.9821127544339,0.576256685901204,37.9359887630977,0.230695714125028,73.3773288758577,0.0380379659905884,5.67685700735494
User_823,Nissan Leaf,100,Station_472,Chicago,2024-02-04 06:00:00,2024-02-04 09:56:00,31.88807233965,1.38857141906979,39.8371740806264,21.1491971843481,Evening,Sunday,23.1747951728875,56.489990040667,124.721082853112,15.8481551241769,4,Level 2,Commuter,75,57.6189036203344,0.663232225487989,33.3151948677795,0.957163014240397,71.6210409570786,0.320641266870966,3.91121424727929
User_824,Chevy Bolt,50,Station_232,Chicago,2024-02-04 07:00:00,2024-02-04 10:20:00,64.0437727002022,0.530419322892432,46.35165385865,38.2649502370548,Night,Wednesday,10.9604106694965,99.4443785794044,200.642791313436,29.8760895524884,0,Level 2,Long-Distance Traveler,75,66.7796919978776,0.597481201118153,88.4839679099079,0.723789565646626,71.6210409570786,1.685842281242,3.13290087160656
User_825,Tesla Model 3,100,Station_247,Chicago,2024-02-04 08:00:00,2024-02-04 09:13:00,56.0452902589365,2.49211176918742,19.0102430789611,13.4663706420807,Evening,Wednesday,37.9240656883319,97.5641898142655,152.259866990807,12.4367647181438,7,Level 1,Commuter,75,46.5569507337511,0.240276579528169,59.6401241259336,0.939724574358592,72.5478832921605,0.309989412385716,2.71672902910034
User_827,Nissan Leaf,100,Station_479,San Francisco,2024-02-04 10:00:00,2024-02-04 13:45:00,72.7985006791881,3.67536474176425,15.4420912099628,19.0612436325649,Evening,Wednesday,85.3232400043673,90.1660563511869,172.53147544419,24.182121524308,5,Level 2,Casual Driver,75,11.0075699967245,0.261835662200859,4.84281634681955,15.0322654145242,71.6210409570786,0.2765549022669,2.36998665954001
User_828,BMW i3,85,Station_239,Los Angeles,2024-02-04 11:00:00,2024-02-04 14:10:00,67.887574283236,1.94533513635121,30.1267019071166,9.41022353217858,Night,Monday,32.6121454804698,58.4441043275867,249.54329164489,16.0054886358565,3,Level 2,Long-Distance Traveler,75,50.5408908896477,0.138614814736462,25.8319588471169,2.62804592888289,71.6210409570786,0.487253795896714,3.67583161247981
User_829,Nissan Leaf,75,Station_415,San Francisco,2024-02-04 12:00:00,2024-02-04 15:01:00,41.248358652297,2.82761116595746,32.9508371839278,34.5612268916082,Night,Friday,18.3521473842331,50.6010295088625,154.345616671397,3.22173449777137,5,DC Fast Charger,Casual Driver,75,61.2358894618252,0.837881264147792,32.2488821246294,1.27906320885444,73.3773288758577,0.198803985039352,3.74186080887371
User_830,Tesla Model 3,100,Station_367,San Francisco,2024-02-04 13:00:00,2024-02-04 16:13:00,35.024111186546,0.918672423608142,32.0927884817603,8.51502670076438,Evening,Saturday,15.989490353814,91.8134199145919,120.732313819771,14.6198382645899,4.7894567048392,Level 1,Long-Distance Traveler,75,63.0078822346395,0.243118994666603,75.8239295607779,0.461913691224244,72.5478832921605,0.525510862131958,3.44711999047527
User_831,BMW i3,100,Station_168,Chicago,2024-02-04 14:00:00,2024-02-04 16:37:00,54.913205656791,2.0404564639583,7.60037284769966,32.2180336841277,Evening,Friday,40.2347285076043,86.3004021951424,57.9546427823043,2.76550168956298,1,DC Fast Charger,Casual Driver,75,44.8239536192968,0.58670830265294,46.0656736875381,1.19206344466523,73.3773288758577,0.366764730834675,1.05538626072064
User_832,Chevy Bolt,75,Station_48,Los Angeles,2024-02-04 15:00:00,2024-02-04 17:14:00,51.0233530016541,3.03484275384694,45.8014994405968,39.1307182970169,Afternoon,Sunday,50.7623557304662,61.7740397825383,270.619295910448,11.0079948683324,1,Level 1,Casual Driver,75,36.9282332021503,0.766917813020802,11.011684052072,4.63356492616161,72.5478832921605,0.231743763493799,5.30383206885042
User_833,Nissan Leaf,27.5,Station_51,San Francisco,2024-02-04 16:00:00,2024-02-04 16:39:00,62.6335925344713,0.668854430977896,9.03850711017831,17.6823066548314,Evening,Saturday,14.3360647073627,94.939859713456,288.5503554397,47.3181761543181,0,DC Fast Charger,Casual Driver,75,64.247951469478,0.282313466932296,80.6037950060933,0.777055131582037,73.3773288758577,1.27618552945844,4.60695840304693
User_836,BMW i3,119.5,Station_439,Houston,2024-02-04 19:00:00,2024-02-04 21:18:00,60.0803481907435,2.0783051276168,46.1542452425922,17.1110678358086,Night,Tuesday,37.690748507452,93.8011062934141,221.896777900627,-10.7247697474932,6,DC Fast Charger,Long-Distance Traveler,75,46.731938619411,0.284803073735263,56.1103577859622,1.07075325414829,73.3773288758577,0.393968259263319,3.69333375359522
User_837,Nissan Leaf,100,Station_216,Los Angeles,2024-02-04 20:00:00,2024-02-04 22:17:00,47.2002155513232,4.14649795018824,43.1147798342611,28.5591287103305,Afternoon,Thursday,36.3512073453815,90.2573686552208,85.6022341323013,37.584918673609,5,Level 1,Casual Driver,75,47.7365944909639,0.605063523052702,53.9061613098393,0.875599642126769,72.5478832921605,0.156905360575736,1.81359837306721
User_838,Nissan Leaf,50,Station_177,Los Angeles,2024-02-04 21:00:00,2024-02-05 00:52:00,58.5598995201615,2.33901510063525,18.5768868763949,9.83543864833871,Morning,Sunday,52.1278744133451,62.521194392612,70.4012897330798,-2.27568947386462,7,Level 2,Commuter,75,35.9040941899912,0.167955183136072,10.393319979267,5.63437858518541,71.6210409570786,0.349563974350461,1.20220987928508
User_839,Chevy Bolt,75,Station_380,Los Angeles,2024-02-04 22:00:00,2024-02-05 00:49:00,18.5290606975785,2.33641969496744,6.34633507498754,18.2660591576093,Evening,Thursday,49.8928016654924,52.1070778523994,187.581473652935,38.7905251967013,1,Level 1,Long-Distance Traveler,75,37.5803987508807,0.985805997170514,2.21427618690704,8.36799890056187,72.5478832921605,0.10931450683062,10.1236364171148
User_840,Chevy Bolt,75,Station_474,San Francisco,2024-02-04 23:00:00,2024-02-05 02:39:00,20.0263138586304,1.82693368746828,41.6178421530705,28.4086157886058,Night,Wednesday,20.4534092075622,35.9740790187295,190.800469638641,25.2571219474299,4,Level 2,Commuter,75,59.6599430943284,1.41856439428382,15.5206698111673,1.29029958772922,71.6210409570786,0.153051505333685,9.52748823300869
User_841,Hyundai Kona,75,Station_80,New York,2024-02-05 00:00:00,2024-02-05 02:55:00,61.1207615190782,0.863122986013731,70.8135022580731,29.0831123067043,Evening,Tuesday,68.0617218211615,73.8683676923296,95.8091635883073,1.5205785309511,7,Level 1,Long-Distance Traveler,75,23.9537086341289,0.475830332997836,5.80664587116812,10.5260012191483,72.5478832921605,0.976093292383146,1.5675387741758
User_842,Hyundai Kona,100,Station_185,San Francisco,2024-02-05 01:00:00,2024-02-05 03:03:00,47.9957516564903,2.69127051869646,39.1548303490719,10.6750751248886,Evening,Friday,54.7867909964871,78.9837413915989,292.697723182237,17.5880653821122,2,Level 1,Long-Distance Traveler,75,33.9099067526347,0.222417083938825,24.1969503951118,1.98354548291285,72.5478832921605,0.245821971750134,6.09840898580149
User_843,Tesla Model 3,100,Station_367,San Francisco,2024-02-05 02:00:00,2024-02-05 03:32:00,60.7048047090568,3.07248753403101,8.3648230505438,38.6668704701091,Evening,Thursday,51.6701636606486,69.6880960641636,156.638374982024,50.5439430899447,6,Level 1,Commuter,75,36.2473772545136,0.636965568959985,18.0179324035151,3.36913267014,72.5478832921605,0.272337966987996,2.5803291145199
User_844,Tesla Model 3,50,Station_461,Chicago,2024-02-05 03:00:00,2024-02-05 04:53:00,35.8439298859152,0.584134945670504,8.05771758227052,9.07822615519817,Evening,Sunday,22.8095637788842,94.5215877468541,219.103292527313,-9.07910059423985,6.80803344807526,Level 1,Commuter,75,57.8928271658368,0.253270949477151,71.7120239679699,0.499831519215311,72.5478832921605,0.845819483490856,6.11270285442136
User_845,Hyundai Kona,75,Station_399,Chicago,2024-02-05 04:00:00,2024-02-05 04:54:00,77.2613208992129,2.93754773163145,26.3012988920196,28.1045340613965,Night,Sunday,52.1989103036269,54.6526651546865,128.626060580661,18.9205575527391,1,DC Fast Charger,Casual Driver,75,35.8508172722799,0.3637594301301,2.45375485105966,31.4869763235914,73.3773288758577,0.358439034167038,1.66481829567027
User_846,Hyundai Kona,75,Station_27,San Francisco,2024-02-05 05:00:00,2024-02-05 05:41:00,44.8755734024886,1.67919842807011,9.76614988041083,9.09697606376053,Morning,Friday,62.890811753468,65.6483486350241,245.355322641658,22.9666435145242,4.06268814898258,Level 1,Commuter,75,27.831891184899,0.202715539301745,2.75753688155614,16.2737890117228,72.5478832921605,0.368369145080004,5.46745821922025
User_847,BMW i3,75,Station_452,Houston,2024-02-05 06:00:00,2024-02-05 08:58:00,61.5673492512162,3.71027540799762,41.3162718165435,8.42112690988609,Evening,Saturday,17.2526794927337,58.8784117404826,279.516746100676,-2.20958189940062,1,Level 1,Long-Distance Traveler,75,62.0604903804498,0.136779104708974,41.6257322477489,1.47906945840084,72.5478832921605,0.22872812095749,4.54001592565161
User_848,Chevy Bolt,50,Station_464,Chicago,2024-02-05 07:00:00,2024-02-05 07:54:00,24.7970640598903,3.82078849395531,36.2182832220085,14.3133632343342,Evening,Friday,20.9384660732487,31.8040210053091,51.6397283382609,23.3503945127208,7,Level 2,Commuter,75,59.2961504450635,0.577220077335135,10.8655549320604,2.28217189227243,71.6210409570786,0.0906163652108282,2.08249364576144
User_849,Tesla Model 3,62,Station_448,San Francisco,2024-02-05 08:00:00,2024-02-05 08:40:00,73.0761458914365,5.68558073667591,8.45583852168312,37.4477791765273,Afternoon,Sunday,36.7945242367702,95.0904068721187,228.319386272645,-0.413483162894625,2,DC Fast Charger,Commuter,75,47.4041068224223,0.512448743973998,58.2958826353485,1.25353871642259,73.3773288758577,0.175161600533885,3.12440377755884
User_850,Chevy Bolt,85,Station_478,New York,2024-02-05 09:00:00,2024-02-05 10:33:00,6.53578125216484,1.70554457130578,13.4223908978993,14.0019975618956,Afternoon,Tuesday,61.580857218167,77.7842771395309,152.259866990807,36.7857273014267,2,DC Fast Charger,Commuter,75,28.8143570863747,2.1423601894965,16.2034199213638,0.403358135744391,73.3773288758577,0.0522242890647489,23.296352970867
User_851,Chevy Bolt,62,Station_492,Houston,2024-02-05 10:00:00,2024-02-05 13:50:00,22.5728824502883,2.96014748988195,25.2915759462859,22.2248042279659,Night,Saturday,51.5500084168642,74.1444021005201,49.0760104595607,24.4117939298946,0,Level 1,Commuter,75,36.3374936873518,0.984579806186074,22.5943936836559,0.99904793933979,72.5478832921605,0.10511118297615,2.17411358817996
User_852,Hyundai Kona,96.6087207130776,Station_414,Los Angeles,2024-02-05 11:00:00,2024-02-05 13:35:00,56.5164558786317,3.00317154728777,47.8294804616856,38.1329610810046,Evening,Friday,58.1093741450403,83.7443840834737,31.195256286095,69.4859376906897,0,Level 1,Casual Driver,75,31.4179693912198,0.674723149004505,25.6350099384334,2.20465901961283,72.5478832921605,0.259400036732517,0.551967666781624
User_853,BMW i3,75,Station_420,San Francisco,2024-02-05 12:00:00,2024-02-05 13:19:00,15.9957445711121,3.09539047931672,5.16760152814162,14.6673371432823,Evening,Wednesday,13.2432843618195,59.1664260892441,280.320493110593,17.7870268069687,1,DC Fast Charger,Long-Distance Traveler,75,65.0675367286354,0.916952448076169,45.9231417274246,0.348315554411637,73.3773288758577,0.070425042820574,17.5246917618855
User_854,Nissan Leaf,85,Station_195,San Francisco,2024-02-05 13:00:00,2024-02-05 16:39:00,76.4499071073775,2.27273633671436,20.5523172808267,11.3461116628736,Evening,Wednesday,18.7613993553887,62.3341932693779,42.6202888880497,32.6079641957457,3,DC Fast Charger,Long-Distance Traveler,75,60.9289504834585,0.148412366897156,43.5727939139891,1.75453305239702,73.3773288758577,0.458422587599487,0.557493010791858
User_855,BMW i3,62,Station_214,Houston,2024-02-05 14:00:00,2024-02-05 15:58:00,51.4923463820261,3.91157930435566,35.2195180394455,21.3795263552339,Night,Tuesday,62.1223748292006,81.2937986343287,32.484644884875,-4.12344452475145,5,Level 1,Long-Distance Traveler,75,28.4082188780996,0.415198138313943,19.1714238051281,2.6858905684539,72.5478832921605,0.181453686801762,0.630863558709651
User_856,BMW i3,100,Station_369,Chicago,2024-02-05 15:00:00,2024-02-05 17:08:00,55.7825957268024,1.27970949093876,5.59219605832731,8.04829878134092,Night,Wednesday,50.3375892879522,86.2333384833586,50.9054178873532,15.8067718032461,1,Level 1,Casual Driver,75,37.2468080340358,0.144279746692997,35.8957491954064,1.55401675622196,72.5478832921605,0.600845181682067,0.91256810881775
User_858,BMW i3,73.850027162298,Station_114,Chicago,2024-02-05 17:00:00,2024-02-05 19:05:00,37.0556215928237,1.68337297200212,7.32241853947061,38.6453082399321,Evening,Saturday,34.2183195177556,63.348097005061,23.6181979635283,5.66461265798278,7,Level 2,Long-Distance Traveler,75,49.3362603616833,1.04290001297445,29.1297774873054,1.2720873549059,71.6210409570786,0.307349933853609,0.637371522816453
User_860,Chevy Bolt,75,Station_124,Houston,2024-02-05 19:00:00,2024-02-05 19:43:00,44.7697419228761,0.640695419402568,20.5902355786574,29.6097680524526,Evening,Saturday,64.110146852393,90.5521470913756,168.533807724587,24.258156107045,2,Level 2,Commuter,75,26.9173898607053,0.661379020309312,26.4420002389827,1.69312992656559,71.6210409570786,0.975646167637041,3.76445787904957
User_862,Nissan Leaf,53.9736586579093,Station_76,Chicago,2024-02-05 21:00:00,2024-02-06 00:58:00,65.1204257459782,2.42605837702586,12.3097250698464,14.9561405529536,Morning,Friday,10.4277063203151,107.093967974339,256.207693118996,16.4038273283896,7,DC Fast Charger,Commuter,75,67.1792202597636,0.229668961491354,96.6662616540238,0.673662399183796,73.3773288758577,0.365808747204832,3.93436759947502
User_863,Chevy Bolt,50,Station_311,Chicago,2024-02-05 22:00:00,2024-02-05 22:54:00,64.0000211656222,3.44562181080477,30.2266945250287,29.5279461545313,Night,Thursday,25.4615381522532,89.7419787386079,220.637575655848,38.3516754295865,0,DC Fast Charger,Casual Driver,75,55.9038463858101,0.461374006082241,64.2804405863547,0.995637562247947,73.3773288758577,0.25313407555499,3.44746097950299
User_864,Nissan Leaf,85,Station_469,New York,2024-02-05 23:00:00,2024-02-06 02:36:00,5.01388964715821,1.01233912823006,46.8751096445935,24.1144083329127,Morning,Tuesday,12.6237018699688,93.1144787297564,139.938700406259,1.60271608453734,1,DC Fast Charger,Long-Distance Traveler,75,65.5322235975234,4.8095211562106,80.4907768597877,0.0622914803753509,73.3773288758577,0.0674973697766639,27.9102074944099
User_865,Chevy Bolt,85,Station_312,New York,2024-02-06 00:00:00,2024-02-06 01:41:00,49.9789258332708,1.43650039482377,34.7921420790157,34.3732651839817,Afternoon,Friday,60.0792372608829,76.7428434832306,152.259866990807,2.01007629269749,3,DC Fast Charger,Long-Distance Traveler,75,29.9405720543379,0.68775518102671,16.6636062223478,2.9992862989191,73.3773288758577,0.474153837595781,3.04648138094733
User_866,Hyundai Kona,100,Station_196,San Francisco,2024-02-06 01:00:00,2024-02-06 02:38:00,43.1811371424853,0.595208780504165,72.5478832921605,21.5911053829122,Evening,Friday,56.4599021045585,119.982308911283,110.219589936396,4.13935812356989,0,Level 1,Commuter,75,32.6550734215812,0.500012431624201,63.5224068067247,0.679778039170802,72.5478832921605,1,2.55249391818244
User_868,Hyundai Kona,75,Station_44,Houston,2024-02-06 03:00:00,2024-02-06 05:14:00,40.2571968838637,1.44154875935546,17.9473945941715,18.6641219294018,Afternoon,Friday,28.8413294868071,85.2753027096645,61.0537691813875,31.6023568783639,6,Level 2,Long-Distance Traveler,75,53.3690028848947,0.463621994925407,56.4339732228574,0.71335039134828,71.6210409570786,0.389918253041374,1.51659265689857
User_870,BMW i3,85,Station_186,Los Angeles,2024-02-06 05:00:00,2024-02-06 05:52:00,54.8849645137794,3.03613788450091,15.0142090563339,31.9932833316248,Morning,Tuesday,88.5078973669725,94.472198641875,139.543533003818,2.59051752269397,5,Level 2,Casual Driver,75,8.61907697477063,0.582915259489555,5.96430127490254,9.20224549097351,71.6210409570786,0.252401114344029,2.54247286556566
User_871,Chevy Bolt,85,Station_343,Los Angeles,2024-02-06 06:00:00,2024-02-06 06:38:00,50.6159954284681,3.76070046194704,34.8545550088765,28.0508313415965,Evening,Wednesday,21.3839197406954,58.1678255856813,152.259866990807,-7.01245042515764,0,Level 2,Commuter,75,58.9620601944784,0.55418906818179,36.7839058449859,1.37603645577425,71.6210409570786,0.187922339266072,3.0081373625455
User_872,BMW i3,100,Station_246,New York,2024-02-06 07:00:00,2024-02-06 09:27:00,55.6553327851471,1.67897498927382,30.4048298165315,31.6442498428746,Evening,Friday,11.012541616949,59.816511199578,179.431714347646,16.0527984316114,2,Level 1,Long-Distance Traveler,75,66.7405937872883,0.568575341468798,48.803969582629,1.14038536744267,72.5478832921605,0.456917520592885,3.2239806208747
User_873,Tesla Model 3,85,Station_437,San Francisco,2024-02-06 08:00:00,2024-02-06 10:03:00,48.7576726033164,2.51688653281007,34.4812307179181,11.6506441720411,Night,Sunday,18.6576338853924,51.6478597432716,182.124076714445,30.5789472225416,5,DC Fast Charger,Long-Distance Traveler,75,61.0067745859557,0.238949965205039,32.9902258578791,1.47794297660655,73.3773288758577,0.26400820942258,3.73529061151408
User_874,BMW i3,85,Station_84,New York,2024-02-06 09:00:00,2024-02-06 12:27:00,72.9581810485278,2.91782668507124,29.9904548272849,20.5180639193627,Afternoon,Sunday,40.2120760671355,62.2695979967004,256.270111284692,12.9873885325123,3,Level 1,Long-Distance Traveler,75,44.8409429496484,0.281230475108955,22.0575219295648,3.30763271057835,72.5478832921605,0.344659108536957,3.51256168399038
User_876,BMW i3,62,Station_151,San Francisco,2024-02-06 11:00:00,2024-02-06 12:02:00,56.5203766750027,2.29698026776966,12.8885881039564,9.43417131168174,Afternoon,Tuesday,31.1679563319774,68.2643630139972,114.189579473058,19.1031531839282,1,DC Fast Charger,Casual Driver,75,51.624032751017,0.166916285182052,37.0964066820199,1.5236078566714,73.3773288758577,0.335340405251334,2.02032587520884
User_877,Tesla Model 3,100,Station_156,Los Angeles,2024-02-06 12:00:00,2024-02-06 14:39:00,118.447359391606,2.61978645137559,47.9813212367988,20.9815961689903,Afternoon,Monday,42.9154213344329,93.8474308401248,244.863719851948,8.96417652241557,0,DC Fast Charger,Long-Distance Traveler,75,42.8134339991754,0.177138572584145,50.932009505692,2.32559760632198,73.3773288758577,0.616165805424565,2.06727884107901
User_878,Nissan Leaf,27.5,Station_16,San Francisco,2024-02-06 13:00:00,2024-02-06 13:43:00,28.7804914072768,0.77131198427545,7.44676863395069,27.5212590444269,Evening,Wednesday,27.2394756032776,94.9974437119031,162.465935484378,5.29126087292095,7,DC Fast Charger,Long-Distance Traveler,75,54.5703932975418,0.956247016597795,67.7579681086255,0.424754345660686,73.3773288758577,0.508517879585954,5.64500213652711
User_880,Chevy Bolt,62,Station_405,Chicago,2024-02-06 15:00:00,2024-02-06 16:59:00,51.0853926656156,0.949756102593445,25.8384878507202,7.18139258344271,Morning,Sunday,44.7018721328378,82.6285390968732,121.43529271974,16.9530945182841,0,DC Fast Charger,Long-Distance Traveler,75,41.4735959003717,0.140576243202224,37.9266669640354,1.34695180871175,73.3773288758577,0.733031681001004,2.37710402882888
User_881,BMW i3,62,Station_463,Chicago,2024-02-06 16:00:00,2024-02-06 19:35:00,36.2625961417095,2.0123601409407,38.1490820015523,35.1461158669711,Evening,Friday,58.3190203065807,67.0070475587564,85.3823941389422,-0.495076602976161,1,DC Fast Charger,Commuter,75,31.2607347700645,0.969211242615521,8.68802725217573,4.17385847087765,73.3773288758577,0.245579034932613,2.35455822868497
User_882,Hyundai Kona,62,Station_145,Houston,2024-02-06 17:00:00,2024-02-06 18:58:00,77.4542099573899,3.30826192843867,29.413406694148,5.69147152150325,Afternoon,Tuesday,80.6525510929643,90.0873934376867,238.865009772486,2.24905516958897,4,Level 1,Long-Distance Traveler,75,14.5105866802768,0.0734817581204987,9.43484234472236,8.20938041436549,72.5478832921605,0.322715924032561,3.08395127784394
User_883,Chevy Bolt,62,Station_498,Los Angeles,2024-02-06 18:00:00,2024-02-06 20:53:00,68.2193442572547,0.886450381360556,14.8843540584981,17.2670737916969,Evening,Tuesday,38.0389027118461,62.4630978645743,221.37832403434,1.81508051576827,4,Level 1,Casual Driver,75,46.4708229661154,0.253111107702574,24.4241951527282,2.79310510871162,72.5478832921605,1.06078742714254,3.24509604196024
User_885,Tesla Model 3,88.8692240655179,Station_333,Houston,2024-02-06 20:00:00,2024-02-06 21:59:00,20.1707885818002,2.45045156604909,40.4207819554216,37.2554096921184,Morning,Sunday,31.5569262986714,97.827931954039,96.2533124552371,2.84413291791056,2,DC Fast Charger,Commuter,75,51.3323052759965,1.846998174664,66.2710056553677,0.304368228342502,73.3773288758577,0.112179850308919,4.77191618289456
User_886,Nissan Leaf,100,Station_403,New York,2024-02-06 21:00:00,2024-02-07 00:24:00,78.1677097517062,2.12847500204203,48.9962228360166,37.7448859768135,Evening,Thursday,37.6813659384488,72.0489313914754,214.621002379962,-4.13663172287072,1,DC Fast Charger,Long-Distance Traveler,75,46.7389755461634,0.482870562495784,34.3675654530267,2.27446165363518,73.3773288758577,0.500491764291589,2.74564782647066
User_887,Nissan Leaf,85,Station_414,Chicago,2024-02-06 22:00:00,2024-02-07 01:21:00,76.9534890790211,3.44323713106448,36.8107300355603,35.7273264281665,Evening,Tuesday,66.7919838182299,76.5041067060289,36.3973762516122,9.26232703386177,7,Level 1,Commuter,75,24.9060121363276,0.464271690026676,9.71212288779906,7.92344680643349,72.5478832921605,0.308060940439289,0.472978895267984
User_889,Nissan Leaf,85,Station_402,New York,2024-02-07 00:00:00,2024-02-07 00:43:00,47.6304118198081,1.54969566966974,26.0124694109844,18.4837751426673,Evening,Sunday,18.1648882815539,114.525647249427,59.9940988219604,24.218407583979,3,Level 2,Commuter,75,61.3763337888346,0.388066666578356,96.360758967873,0.494292617970021,71.6210409570786,0.429138311574106,1.25957547982003
User_890,BMW i3,100,Station_206,San Francisco,2024-02-07 01:00:00,2024-02-07 04:01:00,51.7371315308435,1.35528529984697,26.69194666073,16.051864572881,Evening,Sunday,42.492679191266,93.2990464489174,252.936758968393,15.612401539348,3,DC Fast Charger,Casual Driver,75,43.1304906065505,0.310258108594821,50.8063672576514,1.01831983515908,73.3773288758577,0.520247162715506,4.88888253917988
User_891,Nissan Leaf,75,Station_62,San Francisco,2024-02-07 02:00:00,2024-02-07 04:20:00,41.8865147092803,3.74111594097306,23.0221246924457,26.3553579364699,Morning,Wednesday,59.3152113974123,94.7530551924493,88.9172566115089,7.80907695841894,3,Level 2,Casual Driver,75,30.5135914519408,0.629208663441999,35.437843795037,1.18197131156006,71.6210409570786,0.156326436670205,2.12281344553618
User_892,Hyundai Kona,85,Station_420,Los Angeles,2024-02-07 03:00:00,2024-02-07 06:32:00,71.9556907247266,1.65574317854151,39.2157854275245,26.3098637577771,Night,Thursday,30.7009178106846,98.2372945681959,263.061004086452,12.9702497093018,7,Level 2,Long-Distance Traveler,75,51.9743116419866,0.365639791554889,67.5363767575114,1.06543605356685,71.6210409570786,0.606780398890591,3.65587490630611
User_893,Nissan Leaf,100,Station_356,Houston,2024-02-07 04:00:00,2024-02-07 06:52:00,39.9327646623446,2.70591884829428,49.1166092730102,20.7165654186269,Morning,Sunday,43.6082425124597,54.3201680235938,327.393093383872,8.66358249480038,5,DC Fast Charger,Commuter,75,42.2938181156552,0.518786154522428,10.7119255111341,3.72787923336827,73.3773288758577,0.201118820189134,8.19860823942886
User_894,BMW i3,85,Station_468,Los Angeles,2024-02-07 05:00:00,2024-02-07 06:52:00,30.5762819839402,1.01373252572527,49.461382355074,22.3371396296411,Evening,Friday,12.8658870056468,85.4780052487407,260.142973509451,19.0925442047233,6,DC Fast Charger,Casual Driver,75,65.3505847457649,0.730538122371234,72.6121182430939,0.421090621286872,73.3773288758577,0.411054489179096,8.50799890078485
User_896,Hyundai Kona,100,Station_19,New York,2024-02-07 07:00:00,2024-02-07 10:11:00,14.1098578180346,0.936721070866911,26.3998839523989,13.5713339093187,Afternoon,Thursday,38.2162039828963,95.6451824172171,152.259866990807,25.1927622824442,6,Level 1,Long-Distance Traveler,75,46.3378470128278,0.961833498561015,57.4289784343208,0.245692300345747,72.5478832921605,0.207628804007085,10.7910277307115
User_898,Tesla Model 3,62,Station_300,Chicago,2024-02-07 09:00:00,2024-02-07 09:56:00,60.7181539965292,2.19416056586133,18.4949067473453,20.4726975703614,Night,Sunday,35.2671811037924,59.6337327762546,84.0266348188157,2.39431569920312,0,Level 2,Casual Driver,75,48.5496141721557,0.337175889298803,24.3665516724622,2.49186486511137,71.6210409570786,0.386375450935194,1.38387993191656
User_901,Chevy Bolt,50,Station_428,San Francisco,2024-02-07 12:00:00,2024-02-07 13:41:00,43.1811371424853,1.63159369759833,26.4656189871578,13.4882168907542,Night,Monday,60.8980693945304,80.1854435140217,191.687575291909,-5.79367479883009,2,Level 1,Commuter,75,29.3264479541022,0.312363633367203,19.2873741194913,2.23882924004921,72.5478832921605,0.364802083619408,4.43915070275697
User_902,Tesla Model 3,85,Station_117,Chicago,2024-02-07 13:00:00,2024-02-07 13:52:00,50.9225683873811,2.74506506964148,43.4093015057962,30.0075382398748,Night,Friday,15.9142691909292,82.3447958446385,120.884783659725,12.4626365025893,4,DC Fast Charger,Commuter,75,63.0642981068031,0.589277783704854,66.4305266537093,0.766553735947804,73.3773288758577,0.252810878801441,2.3738940805209
User_903,Hyundai Kona,100,Station_68,Chicago,2024-02-07 14:00:00,2024-02-07 15:37:00,58.9244356548546,2.2011577606913,33.5272153736645,18.0071834400462,Morning,Wednesday,40.2114709262431,58.3274224892792,95.6443515196781,4.83741207202558,2,Level 2,Commuter,75,44.8413968053177,0.305597893979365,18.1159515630361,3.25262713635669,71.6210409570786,0.373769304684227,1.62316958078152
User_904,BMW i3,50,Station_34,Houston,2024-02-07 15:00:00,2024-02-07 17:51:00,6.26823599422753,5.67378871319114,1.10477078211502,7.73839623519967,Night,Friday,65.9935019870738,140.383047717864,151.079811134679,25.0687449409068,1,Level 1,Commuter,75,25.5048735096947,1.23454130353835,74.38954573079,0.0842623238608257,72.5478832921605,0.0152281601058704,24.1024446548932
User_906,Nissan Leaf,50,Station_325,San Francisco,2024-02-07 17:00:00,2024-02-07 19:26:00,31.102261453119,0.993842287501238,40.1436296297975,19.3632431386136,Evening,Friday,55.5917631336242,99.5051397056067,10.9310129845878,13.7818098654638,0,DC Fast Charger,Long-Distance Traveler,75,33.3061776497819,0.622567049273899,43.9133765719825,0.708263947823195,73.3773288758577,0.42649367783144,0.351453961026734
User_907,Hyundai Kona,43.7191370240691,Station_55,Los Angeles,2024-02-07 18:00:00,2024-02-07 20:15:00,49.974667912135,2.30419718285552,21.6885378924919,8.59894395936335,Afternoon,Friday,46.1999880655985,85.3083521612593,152.259866990807,26.4407348690637,2,Level 1,Long-Distance Traveler,75,40.3500089508011,0.172066055035762,39.1083640956608,1.27785114687729,72.5478832921605,0.298954799344718,3.04674094600307
User_908,Chevy Bolt,75,Station_266,San Francisco,2024-02-07 19:00:00,2024-02-07 21:02:00,27.6944114498087,1.40218060401778,47.3262467390894,7.23400413567303,Morning,Wednesday,27.0437397417727,65.8302962827672,32.831728548201,19.2651844307297,6,Level 2,Casual Driver,75,54.7171951936705,0.261208083399187,38.7865565409946,0.714020885575076,71.6210409570786,0.275770340870468,1.18550013628933
User_909,Tesla Model 3,100,Station_480,Chicago,2024-02-07 20:00:00,2024-02-07 21:34:00,50.5144855850696,2.22872925907341,19.0864947355003,11.0601996415203,Night,Monday,12.8703745431079,50.6615535391852,121.099838063572,29.2927918129559,2,Level 1,Commuter,75,65.3472190926691,0.218951049652762,37.7911789960773,1.33667397861054,72.5478832921605,0.312416436517321,2.39732893764963
User_910,Nissan Leaf,62,Station_42,Houston,2024-02-07 21:00:00,2024-02-07 22:37:00,20.8463778177453,1.49977104751319,26.5778147612731,15.7676563616595,Night,Friday,61.8335237728109,85.0360783655096,139.370767005914,-2.37688628978896,4,DC Fast Charger,Long-Distance Traveler,75,28.6248571703918,0.756373912989207,23.2025545926987,0.89845183789828,73.3773288758577,0.189427811101851,6.68561071973262
User_911,BMW i3,100,Station_297,Los Angeles,2024-02-07 22:00:00,2024-02-08 00:37:00,45.6196597098757,0.913833615041922,36.5267916485933,36.9505845041762,Night,Saturday,55.5646131742337,94.0011014205332,152.259866990807,33.5018484098864,6,Level 1,Commuter,75,33.3265401193247,0.809970629749726,38.4364882462995,1.18688417676315,72.5478832921605,0.688113639550327,3.33759322097368
User_912,Chevy Bolt,58.335159818557,Station_461,Chicago,2024-02-07 23:00:00,2024-02-08 00:32:00,39.6867657804195,1.40291540253069,4.3193301269317,13.1179338721784,Evening,Sunday,37.050477509542,86.2738844551244,103.751519530461,4.3384480282763,6,Level 1,Casual Driver,75,47.2121418678435,0.330536732188201,49.2234069455825,0.806258002910974,72.5478832921605,0.389932540326301,2.61425987959062
User_913,Chevy Bolt,50,Station_231,San Francisco,2024-02-08 00:00:00,2024-02-08 02:22:00,6.81801942667923,3.06166469654561,17.6948940175704,22.3665077036093,Morning,Friday,21.3897795028013,50.8557292936082,244.390854853631,37.4872674019884,3,Level 2,Long-Distance Traveler,75,58.957665372899,3.28049926289269,29.4659497908069,0.231386379026764,71.6210409570786,0.0310928104303137,35.8448457769596
User_914,Tesla Model 3,50,Station_453,Los Angeles,2024-02-08 01:00:00,2024-02-08 02:59:00,55.1715282551206,2.28579389519718,8.40336170193518,10.7300593455307,Evening,Tuesday,40.1248265249934,67.1613876417682,186.419889232545,34.5860437869982,7,Level 1,Commuter,75,44.9063801062549,0.194485447202286,27.0365611167748,2.04062669127286,72.5478832921605,0.332700305722161,3.37891472519148
User_915,BMW i3,101.023199238327,Station_378,Los Angeles,2024-02-08 02:00:00,2024-02-08 03:50:00,118.447359391606,0.71029805027956,36.092286260893,32.5875488488076,Night,Friday,13.795797988804,58.932099529279,145.161704045143,39.541956358794,5,DC Fast Charger,Commuter,75,64.653151508397,0.275122628450231,45.136301540475,2.62421499655639,73.3773288758577,2.27259926761291,1.22553769700526
User_917,Chevy Bolt,76.3365905481214,Station_10,Los Angeles,2024-02-08 04:00:00,2024-02-08 07:41:00,16.3763710830481,0.863984496096675,33.3005655515511,13.7958745603042,Night,Tuesday,70.5517501687106,76.775387767431,193.398693735337,3.32494483529693,0.35565278744095,Level 1,Commuter,75,22.0861873734671,0.842425619836188,6.22363759872047,2.63131823202799,72.5478832921605,0.261268454201657,11.8096184285622
User_918,Tesla Model 3,50,Station_358,Houston,2024-02-08 05:00:00,2024-02-08 08:09:00,37.6101150327371,3.44172377945511,21.067668668395,32.7784949856977,Night,Saturday,30.6028360192467,101.905181409437,14.9169562323113,38.3408212919892,1,DC Fast Charger,Commuter,75,52.047872985565,0.871534026342813,71.3023453901907,0.527473743351944,73.3773288758577,0.148924705865642,0.396620861683808
User_919,Hyundai Kona,100,Station_475,Houston,2024-02-08 06:00:00,2024-02-08 08:25:00,38.0095772409745,2.83023631240392,6.59022845700673,7.77910342859379,Evening,Sunday,48.294420336014,98.2523949871679,233.16995576223,-4.14866134407777,1,DC Fast Charger,Commuter,75,38.7791847479895,0.2046616666972,49.9579746511539,0.760831028607293,73.3773288758577,0.183024168388271,6.13450537173753
User_920,BMW i3,75,Station_444,Chicago,2024-02-08 07:00:00,2024-02-08 10:56:00,51.8912793989639,1.85417925189522,29.9008921868443,13.0485084507445,Night,Saturday,15.7516272411606,57.0504821119273,74.5308153084776,33.357231429056,3,Level 1,Casual Driver,75,63.1862795691296,0.251458599631387,41.2988548707667,1.25648228168416,72.5478832921605,0.385760641987044,1.43628787287071
User_921,Chevy Bolt,62,Station_128,San Francisco,2024-02-08 08:00:00,2024-02-08 08:42:00,9.88998250296128,1.61378167233071,40.4408774565442,19.3539859121805,Evening,Saturday,14.6477323192152,62.3323618167414,20.0194365716901,19.9503606350828,0,Level 1,Commuter,75,64.0142007605886,1.95692822574615,47.6846294975262,0.207403991751144,72.5478832921605,0.0844745717354146,2.02421354797097
User_922,Hyundai Kona,75,Station_179,Chicago,2024-02-08 09:00:00,2024-02-08 12:43:00,73.6274317603313,0.962344406050591,40.5358376971474,27.4021149741658,Afternoon,Monday,25.5971171298967,50.3563751414311,152.259866990807,19.8013439264601,2.79716505280271,Level 2,Commuter,75,55.8021621525774,0.372172630757568,24.7592580115343,2.97373336979773,71.6210409570786,1.06823916577258,2.06797742839159
User_923,Hyundai Kona,62,Station_405,Houston,2024-02-08 10:00:00,2024-02-08 12:33:00,10.3366441911936,3.71428910162543,2.78294012888499,31.6857953595014,Evening,Saturday,32.9860319524717,84.1664956779146,47.5354456443454,5.19491128462494,7,DC Fast Charger,Long-Distance Traveler,75,50.2604760356462,3.06538512629626,51.1804637254429,0.201964645077161,73.3773288758577,0.0379264300230015,4.59873095804572
User_924,Hyundai Kona,62,Station_392,New York,2024-02-08 11:00:00,2024-02-08 13:56:00,69.1059599023044,1.25715139558195,27.381349198927,20.7923550140148,Afternoon,Thursday,20.5692515503208,63.3546506054082,217.305941612755,41.3410790222596,7,DC Fast Charger,Commuter,75,59.5730613372594,0.300876437334915,42.7853990550874,1.61517623835478,73.3773288758577,0.749145238857873,3.14453256882564
User_925,Chevy Bolt,75,Station_193,New York,2024-02-08 12:00:00,2024-02-08 15:01:00,18.3073739187199,5.68558073667591,23.9155116118296,31.2465091931771,Afternoon,Wednesday,14.1500884797593,82.1961673904683,226.729472448624,13.5844744810659,7,DC Fast Charger,Commuter,75,64.3874336401805,1.70677178124529,68.046078910709,0.269043774627236,73.3773288758577,0.04388229398331,12.3845983293533
User_926,Chevy Bolt,75,Station_92,Los Angeles,2024-02-08 13:00:00,2024-02-08 14:57:00,41.7448814933646,2.60786075221863,11.1445676906496,16.2931828274069,Evening,Monday,26.0908088541226,66.7227407607529,166.765319320064,19.7572126519432,6,Level 1,Long-Distance Traveler,75,55.4318933594081,0.39030372693708,40.6319319066304,1.02739100836484,72.5478832921605,0.220644999012472,3.99486867261969
User_927,Nissan Leaf,100,Station_369,Los Angeles,2024-02-08 14:00:00,2024-02-08 14:40:00,53.2823170310314,2.10308337186756,25.3353327517949,37.4227039296304,Morning,Tuesday,67.2693286451407,91.4847532466427,102.647908310198,18.6820732520023,5.74953705841239,Level 1,Long-Distance Traveler,75,24.5480035161445,0.702347533194466,24.2154246015021,2.20034618049714,72.5478832921605,0.349222218514163,1.92649107677537
User_928,BMW i3,75,Station_231,New York,2024-02-08 15:00:00,2024-02-08 18:36:00,39.1523100921125,1.31561568672584,9.93810419505075,29.7009961169126,Morning,Thursday,14.6713904339438,60.1161429061504,232.777201984681,32.0514786050917,4,Level 1,Commuter,75,63.9964571745422,0.758601371082216,45.4447524722067,0.861536436270778,72.5478832921605,0.410207506022363,5.9454270115105
User_929,Tesla Model 3,75,Station_78,Houston,2024-02-08 16:00:00,2024-02-08 16:44:00,37.1185672622842,0.563718560861195,8.69064659587964,15.1220310621852,Evening,Monday,39.7961314803094,91.6822279330325,18.941504107479,-0.542639424453589,5.40485332142403,Level 2,Casual Driver,75,45.1529013897679,0.407398026850851,51.8860964527231,0.715385619654496,71.6210409570786,0.919365581991074,0.51029728528141
User_930,Hyundai Kona,100,Station_85,Los Angeles,2024-02-08 17:00:00,2024-02-08 17:39:00,35.3454412210147,2.11334429939614,20.0039321002394,59.0628991380779,Evening,Wednesday,21.9602652464183,69.3035164553931,81.9701467444286,-7.25765215366656,2,DC Fast Charger,Long-Distance Traveler,75,58.5298010651863,1.67101886686767,47.3432512089748,0.746578241215388,73.3773288758577,0.227929875038845,2.3191151082786
User_931,Nissan Leaf,62,Station_30,Chicago,2024-02-08 18:00:00,2024-02-08 19:10:00,18.034377951521,2.75699357343994,20.3843044083441,19.4559489071035,Night,Tuesday,58.4107122532267,146.847643940426,245.739850783054,4.26993306911487,5,DC Fast Charger,Long-Distance Traveler,75,31.19196581008,1.07882561624271,88.4369316871988,0.203923605302234,73.3773288758577,0.0891463395048891,13.6261894612411
User_932,Tesla Model 3,119.5,Station_213,Chicago,2024-02-08 19:00:00,2024-02-08 22:04:00,32.32240204229,2.3983788749394,13.4767706553898,40.2101548462477,Night,Wednesday,33.288392442174,62.6466589402971,144.815490107723,-3.73688353225673,0,Level 1,Commuter,75,50.0337056683695,1.24403362081932,29.3582664981231,1.10096425633157,72.5478832921605,0.185763802385756,4.48034431099053
User_934,Chevy Bolt,75,Station_265,Los Angeles,2024-02-08 21:00:00,2024-02-08 22:42:00,37.9741800544374,1.74367652274303,4.27521913592453,12.1324594089307,Morning,Tuesday,35.7983002975641,64.9065562041322,299.759878199006,18.3297135119097,1,Level 2,Commuter,75,48.1512747768269,0.319492333778856,29.1082559065681,1.30458451981208,71.6210409570786,0.304075798772731,7.89378145280001
User_936,Tesla Model 3,50,Station_69,Los Angeles,2024-02-08 23:00:00,2024-02-09 01:37:00,29.9814161070405,0.661979578212366,7.85171835979032,24.3785564587864,Night,Friday,45.7722739354806,71.416423770032,96.1252348519423,-0.636345582300892,6,Level 2,Casual Driver,75,40.6707945483895,0.81312224785345,25.6441498345514,1.16913277688954,71.6210409570786,0.632363684521047,3.20616059324061
User_937,Tesla Model 3,62,Station_58,Los Angeles,2024-02-09 00:00:00,2024-02-09 00:57:00,6.00671863400957,2.33571215657033,35.1282468373149,30.0353481650113,Morning,Wednesday,23.7052603066239,58.8317259614956,191.867882868602,4.78892779946844,7,Level 2,Commuter,75,57.2210547700321,5.00029217199445,35.1264656548717,0.171002647776392,71.6210409570786,0.0359068526332882,31.9422124722575
User_938,Tesla Model 3,50,Station_185,Chicago,2024-02-09 01:00:00,2024-02-09 02:34:00,6.62359269404359,2.70021255965997,19.7564805567993,26.5545174554148,Evening,Saturday,24.9636130935943,68.640672558889,174.818611114552,28.6175210556622,7,Level 1,Casual Driver,75,56.2772901798043,4.00908067298499,43.6770594652948,0.151649235894798,72.5478832921605,0.0338120046293658,26.3933214480053
User_939,Tesla Model 3,100,Station_62,New York,2024-02-09 02:00:00,2024-02-09 02:46:00,11.4313288183328,1.93748288566168,67.9346789314074,16.1389872171592,Morning,Sunday,12.4299103017256,91.4909780419121,166.554596434737,21.3499447615979,0,Level 1,Commuter,75,65.6775672737058,1.41182074924453,79.0610677401865,0.144588596449252,72.5478832921605,0.0813268772213462,14.5700118579064
User_940,Tesla Model 3,27.5,Station_479,Chicago,2024-02-09 03:00:00,2024-02-09 05:04:00,78.9355115756319,2.75786121805277,16.9760515598775,7.87439836183326,Afternoon,Tuesday,21.526812884117,54.8592887810015,135.609211478917,-9.44214608054893,2.06148445912009,Level 1,Long-Distance Traveler,75,58.8548903369123,0.0997573614796735,33.3324758968845,2.36812626280215,72.5478832921605,0.394525677755526,1.71797469569806
User_941,Nissan Leaf,50,Station_308,Houston,2024-02-09 04:00:00,2024-02-09 07:21:00,58.741522983425,2.91425796993607,19.9427023466177,20.6086390591664,Night,Wednesday,19.4264052282215,59.5172575901759,46.3704231588306,-0.0042983103351286,6,DC Fast Charger,Long-Distance Traveler,75,60.4301960788339,0.350835967684759,40.0908523619544,1.46521012955987,73.3773288758577,0.274697882129434,0.789397700361206
User_942,Hyundai Kona,62,Station_445,San Francisco,2024-02-09 05:00:00,2024-02-09 07:47:00,68.8333119385666,1.62354705375022,42.3968691141837,39.3777603331453,Night,Friday,19.2885535883907,58.5678509507314,137.234971885176,32.8008828375418,6,Level 2,Commuter,75,60.533584808707,0.572074177809282,39.2792973623407,1.75240690543923,71.6210409570786,0.591961085005613,1.99372902480208
User_943,Chevy Bolt,75,Station_296,Chicago,2024-02-09 06:00:00,2024-02-09 07:32:00,59.2175755585834,1.60275069349631,41.4263779310603,33.598828831724,Night,Sunday,42.2992637201189,56.8400990351571,222.964123041252,20.4220932615262,7,Level 2,Commuter,75,43.2755522099108,0.567379338225102,14.5408353150382,4.07250163251216,71.6210409570786,0.51587445197871,3.76516804239436
User_944,Chevy Bolt,75,Station_166,Los Angeles,2024-02-09 07:00:00,2024-02-09 10:59:00,40.8572764113666,2.53953344216037,6.49880192111949,35.7516669496743,Morning,Tuesday,13.959547122719,64.5635357917506,33.9902761592249,3.31293402563792,1,DC Fast Charger,Long-Distance Traveler,75,64.5303396579607,0.875037939135073,50.6039886690316,0.807392410874724,73.3773288758577,0.219257055867986,0.83192711665354
User_945,Chevy Bolt,62,Station_171,Los Angeles,2024-02-09 08:00:00,2024-02-09 11:24:00,56.0696402482627,3.59090000476012,47.9632939556698,37.30963117692,Morning,Monday,38.2703909545761,40.6286380826999,219.244119723926,-5.1919148184539,4,Level 2,Commuter,75,46.2972067840679,0.665415918698998,2.35824712812378,23.7759815668139,71.6210409570786,0.218013721895324,3.91021092258067
User_946,Chevy Bolt,62,Station_63,Chicago,2024-02-09 09:00:00,2024-02-09 10:07:00,78.2367525533187,3.81662273391717,16.3941662061511,17.7283839703011,Evening,Monday,75.6757725963975,85.2949905553163,46.8375101697707,37.8797807965009,6,Level 2,Long-Distance Traveler,75,18.2431705527019,0.226599179947034,9.61921795891885,8.13337974952301,71.6210409570786,0.286214053077339,0.598663781933571
User_947,Nissan Leaf,50,Station_147,San Francisco,2024-02-09 10:00:00,2024-02-09 11:39:00,17.4733775156812,0.834578077059441,25.7926354426912,13.853349796675,Night,Saturday,64.0040498517091,93.6141444451009,167.689458791289,9.46250807878425,5,Level 2,Commuter,75,26.9969626112182,0.792826102694944,29.6100945933918,0.590115558752075,71.6210409570786,0.292327221561072,9.59685433687897
User_948,BMW i3,75,Station_484,Chicago,2024-02-09 11:00:00,2024-02-09 13:13:00,26.2210676027998,1.1138600482698,29.5358934103807,33.1512679501942,Afternoon,Monday,45.5548487819631,63.6275266327148,30.1575860269307,35.5098690398276,0,Level 2,Long-Distance Traveler,75,40.8338634135277,1.2642989390201,18.0726778507517,1.45086786913037,71.6210409570786,0.328684416810951,1.15012807578096
User_949,Hyundai Kona,50,Station_306,San Francisco,2024-02-09 12:00:00,2024-02-09 15:53:00,70.0973335011619,3.61692902069313,11.6813623956119,15.9182503215036,Evening,Thursday,55.5694374068608,60.1158688309649,165.141187583791,-5.44596136146591,4.79449181650295,Level 2,Casual Driver,75,33.3229219448544,0.227087815276735,4.54643142410406,15.4180998154999,71.6210409570786,0.27059569483695,2.35588401634498
User_950,Tesla Model 3,100,Station_161,San Francisco,2024-02-09 13:00:00,2024-02-09 14:22:00,55.4085845074099,3.84350168600638,29.5983026669443,33.4639232892665,Morning,Wednesday,16.3820740247539,86.6783761325469,125.624060000987,5.1846913786068,7,Level 1,Casual Driver,75,62.7134444814346,0.603948351808035,70.2963021077931,0.788214782940443,72.5478832921605,0.198712521406218,2.26723099169203
User_951,BMW i3,62,Station_141,Houston,2024-02-09 14:00:00,2024-02-09 17:55:00,33.4723150614226,3.29858277979715,43.4817639916175,33.637241652157,Afternoon,Wednesday,76.4623626229535,81.4124970473766,27.770051551699,8.65625490534755,6,Level 2,Long-Distance Traveler,75,17.6532280327849,1.0049272537747,4.95013442442306,6.76190022159324,71.6210409570786,0.141682996864045,0.829642392548594
User_952,Chevy Bolt,50,Station_334,Los Angeles,2024-02-09 15:00:00,2024-02-09 18:21:00,53.5752017090619,0.834374632765757,27.3283983636928,37.0220264379543,Evening,Tuesday,18.3342458006406,83.7505346340417,273.119112029494,5.56965904087577,0,Level 1,Long-Distance Traveler,75,61.2493156495196,0.691029156343657,65.4162888334012,0.81898870548136,72.5478832921605,0.885070727406773,5.09786437226418
User_953,BMW i3,94.3581741650403,Station_97,Los Angeles,2024-02-09 16:00:00,2024-02-09 18:28:00,11.2884288503361,2.39284298868852,6.33518495951823,16.3851014992898,Morning,Thursday,81.4838864423626,83.1730049064874,184.147163551874,23.15629505275,4,Level 1,Long-Distance Traveler,75,13.8870851682281,1.45149530696665,1.68911846412479,6.68302969276056,72.5478832921605,0.0650271247980942,16.3129135146555
User_954,Hyundai Kona,85,Station_446,San Francisco,2024-02-09 17:00:00,2024-02-09 18:43:00,6.26910075987073,1.08196028933738,14.8629953451113,11.243078221696,Afternoon,Wednesday,12.4399511718305,64.039439946283,195.201001220169,2.88255962125135,2.64765512026873,Level 1,Long-Distance Traveler,75,65.6700366211271,1.79341163148379,51.5994887744525,0.121495404484989,72.5478832921605,0.079867333128857,31.1370017323177
User_955,Tesla Model 3,75,Station_221,Los Angeles,2024-02-09 18:00:00,2024-02-09 19:23:00,42.9527202670611,1.61499898223277,9.87396158487449,16.5250440844015,Evening,Tuesday,61.3488623010416,77.1855131680517,40.7410823186566,3.73369637524237,2,Level 1,Long-Distance Traveler,75,28.9883532742188,0.38472636847343,15.8366508670101,2.71223509489229,72.5478832921605,0.366601025065748,0.948509944547087
User_956,Tesla Model 3,75,Station_43,New York,2024-02-09 19:00:00,2024-02-09 19:49:00,43.2449371555736,3.19653232843742,13.1097368362283,26.8737230982626,Afternoon,Friday,27.7760330460868,52.4996808752458,187.427255605518,20.0042055952085,7,DC Fast Charger,Casual Driver,75,54.1679752154349,0.621430504143973,24.723647829159,1.74913254930652,73.3773288758577,0.184371704611403,4.33408551228201
User_957,Hyundai Kona,119.5,Station_433,San Francisco,2024-02-09 20:00:00,2024-02-09 21:48:00,12.4421672062007,2.9226290674031,41.6686782524262,18.7954663046881,Morning,Wednesday,35.466392669151,85.9034551348553,168.2167448278,-9.11306295457075,5,Level 1,Long-Distance Traveler,75,48.4002054981367,1.51062640400148,50.4370624657042,0.246686991627656,72.5478832921605,0.0586810111099016,13.5198910318426
User_959,Chevy Bolt,100,Station_378,New York,2024-02-09 22:00:00,2024-02-10 00:44:00,74.1826708252827,1.06683740576486,19.4371322724147,22.2617680344754,Morning,Wednesday,76.2001792641327,93.6456257081712,119.341360627119,26.6535685083759,6.37730013886143,DC Fast Charger,Casual Driver,75,17.8498655519005,0.300093913939915,17.4454464440385,4.25226554466496,73.3773288758577,0.947637705303006,1.60874985086739
User_960,Tesla Model 3,100,Station_108,Houston,2024-02-09 23:00:00,2024-02-10 00:27:00,72.089242768323,2.49616349170437,7.49457551101155,20.2886237220764,Night,Friday,22.9005078019988,94.2082551923395,87.6787177345439,3.92703178827412,4,Level 1,Long-Distance Traveler,75,57.8246191485009,0.281437603489317,71.3077473903407,1.01095947364182,72.5478832921605,0.398082137836348,1.21625244443643
User_961,BMW i3,75,Station_266,Los Angeles,2024-02-10 00:00:00,2024-02-10 02:14:00,25.3297242605273,1.74272398657709,29.1462607538726,16.5929280703237,Night,Friday,17.3967972738206,70.367851221881,32.9129783599853,6.31630324964169,3,Level 2,Commuter,75,61.9524020446346,0.655077327319406,52.9710539480604,0.47818048486186,71.6210409570786,0.202936994616412,1.29938162853496
User_962,Nissan Leaf,85,Station_95,New York,2024-02-10 01:00:00,2024-02-10 01:39:00,58.5093020325533,1.60891284397112,19.8966718872654,30.0936595520048,Afternoon,Wednesday,74.9108978870397,80.2270613305852,111.464526661913,21.7788268687288,4,Level 2,Casual Driver,75,18.8168265847203,0.514339746101591,5.31616344354553,11.0059261070294,71.6210409570786,0.507752148595283,1.90507360009006
User_964,Hyundai Kona,75,Station_313,Chicago,2024-02-10 03:00:00,2024-02-10 04:08:00,32.0240853268672,1.28782082608138,37.868282872164,22.4728304206631,Morning,Tuesday,70.4271982684379,87.6675011896267,105.957212617506,-2.48419654385014,5,Level 1,Long-Distance Traveler,75,22.1796012986716,0.701747768633662,17.2403029211888,1.85751291455029,72.5478832921605,0.342765059332048,3.30867256741323
User_965,Chevy Bolt,100,Station_385,New York,2024-02-10 04:00:00,2024-02-10 07:05:00,63.4320457536328,2.74687793643856,18.5940489602358,19.8491652270001,Afternoon,Wednesday,81.9158548464835,90.0600704963475,152.259866990807,-0.699688353324397,6,DC Fast Charger,Commuter,75,13.5631088651373,0.312920149290051,8.144215649864,7.78860095074866,73.3773288758577,0.314707765089611,2.40036191773126
User_966,Nissan Leaf,78.2050769263758,Station_71,San Francisco,2024-02-10 05:00:00,2024-02-10 08:07:00,8.25921135305933,0.927740542548786,39.0393562804306,14.4395267835989,Evening,Wednesday,65.2514890511601,98.5121725952098,152.259866990807,-3.20031745820763,4,DC Fast Charger,Commuter,75,26.0613832116299,1.74829365254715,33.2606835440498,0.248317547115982,73.3773288758577,0.121324956914743,18.4351580898106
User_967,Tesla Model 3,62,Station_442,San Francisco,2024-02-10 06:00:00,2024-02-10 07:06:00,65.0308146870259,2.24374090349285,38.775620008365,22.1596871318236,Morning,Monday,61.3315597672976,66.0345522846319,185.22048698016,-4.85171565612518,3,Level 2,Casual Driver,75,29.0013301745268,0.340756720309774,4.70299251733425,13.8275394756287,71.6210409570786,0.404674520389625,2.84819570339956
User_968,Hyundai Kona,85,Station_219,Los Angeles,2024-02-10 07:00:00,2024-02-10 09:28:00,39.1899875135325,2.72852295797737,19.2600458390915,27.6294122920058,Evening,Saturday,16.9901532725433,86.1755679514907,85.4271769172518,32.8255992419043,5,DC Fast Charger,Commuter,75,62.2573850455925,0.705012020799069,69.1854146789474,0.5664486900222,73.3773288758577,0.195742718030454,2.1798214885308
User_969,BMW i3,100,Station_21,Chicago,2024-02-10 08:00:00,2024-02-10 09:36:00,79.3573768668566,3.36599236267076,12.795542776205,17.5047625536415,Evening,Wednesday,28.9287474072778,89.1606692183194,222.158986439062,24.910424822617,7,DC Fast Charger,Commuter,75,53.3034394445416,0.220581415928232,60.2319218110416,1.31753021455658,73.3773288758577,0.321301149576703,2.79947492230992
User_970,Hyundai Kona,62,Station_92,San Francisco,2024-02-10 09:00:00,2024-02-10 10:12:00,76.6638279812931,4.18968104426288,14.225154049616,37.1286693245475,Evening,Sunday,35.732139064233,84.327913198607,284.285296301857,26.5963178753497,0,Level 1,Casual Driver,75,48.2008957018253,0.484304923224123,48.5957741343741,1.57758219406706,72.5478832921605,0.252223061638589,3.70820638347496
User_971,BMW i3,50,Station_127,San Francisco,2024-02-10 10:00:00,2024-02-10 13:56:00,54.3176229338459,3.67871966309388,34.0898966098432,34.4225030670624,Evening,Monday,11.5730071980705,82.6018301696826,119.024260782004,-4.19726905987959,5,DC Fast Charger,Long-Distance Traveler,75,66.3202446014471,0.633726242199258,71.0288229716121,0.764726496390838,73.3773288758577,0.201225105614551,2.19126416719239
User_972,Hyundai Kona,50,Station_80,Chicago,2024-02-10 11:00:00,2024-02-10 12:21:00,31.5514728524008,3.3335345579495,38.1101809038966,36.8051624805219,Morning,Friday,78.9797895379872,89.779267839106,152.259866990807,46.8013417291577,3,DC Fast Charger,Commuter,75,15.7651578465096,1.16651170779564,10.7994783011189,2.92157379946141,73.3773288758577,0.128989030143821,4.82576099388721
User_973,Hyundai Kona,50,Station_312,Houston,2024-02-10 12:00:00,2024-02-10 14:10:00,45.8136615673476,3.44417919556918,17.3546406009509,7.40077216427635,Night,Saturday,68.4341184931085,86.7951715435973,235.837826043412,28.4312114944149,0,DC Fast Charger,Long-Distance Traveler,75,23.6744111301686,0.161540726304903,18.3610530504888,2.49515435968571,73.3773288758577,0.181278945385961,5.14776199882479
User_974,Hyundai Kona,100,Station_238,San Francisco,2024-02-10 13:00:00,2024-02-10 14:25:00,60.3862979139579,3.46025963351541,8.65832606178947,25.9939299274709,Morning,Saturday,64.0777220313013,83.3843342884923,225.157221796694,22.613483451255,6,Level 2,Casual Driver,75,26.941708476524,0.430460730752341,19.306612257191,3.12775214571715,71.6210409570786,0.243662721155915,3.72861443033835
User_975,BMW i3,100,Station_471,New York,2024-02-10 14:00:00,2024-02-10 15:45:00,32.598880789009,2.38636741774747,41.2193746467746,38.5874074117956,Night,Friday,59.2884965362304,75.733176937099,240.306683031512,37.0665994202587,6,Level 1,Long-Distance Traveler,75,30.5336275978272,1.18370344250609,16.4446804008686,1.98233592835815,72.5478832921605,0.188295800128941,7.3716237249634
User_976,BMW i3,100,Station_372,Los Angeles,2024-02-10 15:00:00,2024-02-10 16:37:00,0.0457718422773702,2.04308384166503,5.44374481066405,29.9696671315235,Evening,Tuesday,60.1802230414961,84.2990679646621,272.917768380234,-0.135058005076413,4,Level 2,Commuter,75,29.864832718878,654.762090411656,24.1188449231661,0.00189776261770341,71.6210409570786,0.000312803479143232,5962.56901189153
User_977,Hyundai Kona,101.879872680175,Station_404,San Francisco,2024-02-10 16:00:00,2024-02-10 18:46:00,53.3989687503213,3.24394207767139,40.5755875481116,21.9418591703273,Night,Monday,33.8291589780071,95.0405560472649,145.849068237163,27.8985026230331,4.18658828518293,Level 1,Commuter,75,49.6281307664947,0.410904174440546,61.2113970692578,0.872369710658668,72.5478832921605,0.226900280732949,2.73130870596234
User_978,Nissan Leaf,62,Station_486,San Francisco,2024-02-10 17:00:00,2024-02-10 19:15:00,73.4525757767833,3.64455936950464,15.4157930600366,14.8890202283604,Evening,Wednesday,17.4289867450601,87.4448978303938,183.988052886018,37.3068082958869,4,Level 1,Long-Distance Traveler,75,61.928259941205,0.202702493015452,70.0159110853337,1.04908405301277,72.5478832921605,0.277803206991002,2.50485501618273
User_980,Chevy Bolt,75,Station_25,New York,2024-02-10 19:00:00,2024-02-10 21:01:00,118.447359391606,2.55459058676817,47.5515379863323,30.9757001969765,Evening,Friday,11.9289887638261,96.6880341893921,293.291459859656,-7.78605536944413,2,Level 2,Commuter,75,66.0532584271304,0.261514485051253,84.759045425566,1.3974598085301,71.6210409570786,0.647386213834976,2.47613337575545
User_981,Chevy Bolt,50,Station_156,Los Angeles,2024-02-10 20:00:00,2024-02-10 20:52:00,65.0386343448863,3.45850837807045,25.8933808100658,6.8227295042298,Night,Friday,20.3223117471255,72.4938658377758,229.846931966713,20.2279378845906,7,Level 2,Casual Driver,75,59.7582661896559,0.104902717791556,52.1715540906503,1.24663018916168,71.6210409570786,0.262568094607301,3.53400612239001
User_982,BMW i3,85,Station_5,San Francisco,2024-02-10 21:00:00,2024-02-11 00:40:00,63.9911702273758,3.27370597758093,42.3932771041048,34.008504654913,Afternoon,Sunday,38.328355731026,77.0737787816842,191.766552017249,21.3041100312333,6,DC Fast Charger,Commuter,75,46.2537332017305,0.531456207693542,38.7454230506581,1.65158011421658,73.3773288758577,0.266390346450159,2.99676582465764
User_983,BMW i3,104.000273060206,Station_120,Los Angeles,2024-02-10 22:00:00,2024-02-11 00:18:00,65.9342133064178,3.30345053969658,38.537543608846,11.9020699597862,Afternoon,Tuesday,19.6803000502485,54.4070865551558,38.4648794454249,-9.60366106658957,7,Level 2,Commuter,75,60.2397749623136,0.180514324247312,34.7267865049073,1.89865576237815,71.6210409570786,0.278677811384758,0.583382700975987
User_984,Nissan Leaf,75,Station_277,Chicago,2024-02-10 23:00:00,2024-02-11 00:30:00,26.7569198713061,0.165393878738043,6.23925273955347,9.58013732136312,Evening,Saturday,66.7905157286936,91.0452914350937,77.1546365572842,23.1204926176388,2,Level 1,Long-Distance Traveler,75,24.9071132034798,0.358043353548955,24.2547757064001,1.10316088654845,72.5478832921605,2.22993364522941,2.88353954522337
User_985,Chevy Bolt,62,Station_18,San Francisco,2024-02-11 00:00:00,2024-02-11 03:17:00,8.8238310280835,3.39493834797579,2.5991137757611,22.2087052517961,Morning,Saturday,48.1891219507363,50.2173151903806,78.5981807718994,7.67151491449415,2,Level 1,Commuter,75,38.8581585369478,2.51690055953165,2.02819323964436,4.35058694389039,72.5478832921605,0.0358261834503718,8.90748933447908
User_987,Hyundai Kona,62,Station_198,Chicago,2024-02-11 02:00:00,2024-02-11 05:01:00,26.5109468580115,3.1485867738247,28.5313185000375,10.1284036923479,Afternoon,Monday,65.5806013371498,76.2911619798921,292.321068479124,14.4186841358187,0,DC Fast Charger,Casual Driver,75,25.8145489971376,0.382046093886954,10.7105606427423,2.47521560656826,73.3773288758577,0.114748673586225,11.0264288199418
User_988,BMW i3,100,Station_57,Houston,2024-02-11 03:00:00,2024-02-11 06:28:00,77.6385167662399,3.57753094253131,8.12545497125682,33.5244177567489,Morning,Saturday,23.2445473678714,94.6915613325131,67.0333752328289,-3.38629311112281,7,Level 2,Commuter,75,57.5665894740964,0.431801368097833,71.4470139646417,1.08665866434477,71.6210409570786,0.303007377253158,0.863403604613651
User_989,Chevy Bolt,100,Station_93,San Francisco,2024-02-11 04:00:00,2024-02-11 07:35:00,78.1301691949038,3.37076804589355,3.98486607100657,9.48731331959088,Evening,Sunday,57.1119852384886,66.2417628903533,115.002814561009,13.2956081376804,10.634574407416,Level 1,Casual Driver,75,32.1660110711335,0.121429576018501,9.12977765186464,8.55772968128602,72.5478832921605,0.319495798117176,1.4719386345385
User_990,Nissan Leaf,91.9232320540589,Station_19,Los Angeles,2024-02-11 05:00:00,2024-02-11 08:10:00,5.60238979067172,3.24749711048254,16.323426565044,30.1497446164037,Evening,Sunday,43.6511726052254,58.4451437003226,54.3196621640542,-0.749512869450399,3,DC Fast Charger,Casual Driver,75,42.2616205460809,5.38158638418995,14.7939710950972,0.378694114964737,73.3773288758577,0.0235105424917489,9.6958020047979
User_991,Nissan Leaf,85,Station_384,New York,2024-02-11 06:00:00,2024-02-11 06:45:00,20.0937773413377,1.1522928608566,46.3509988224856,22.7027760158544,Evening,Wednesday,18.6967519840114,97.3648481696429,68.5933761908113,28.6974334465467,3,Level 1,Commuter,75,60.9774360119914,1.12984112594645,78.6680961856315,0.255424731442882,72.5478832921605,0.240366516038186,3.41366259940077
User_993,BMW i3,75,Station_193,Houston,2024-02-11 08:00:00,2024-02-11 09:26:00,53.9569816982094,3.73705289401694,17.8747445897949,14.8874492560498,Night,Monday,89.9756487483808,95.0357702100955,17.0944617245311,6.80006238167171,2,Level 2,Long-Distance Traveler,75,7.51826343871437,0.275913306999229,5.06012146171464,10.6631791561632,71.6210409570786,0.201594079739023,0.316816493186059
User_994,Nissan Leaf,62,Station_237,New York,2024-02-11 09:00:00,2024-02-11 10:31:00,60.6137939245243,3.0746734221596,20.9179517224768,12.5081955484105,Afternoon,Tuesday,54.4699753461372,78.5105153036612,103.509366587543,32.5246289074388,4,DC Fast Charger,Commuter,75,34.1475184903971,0.206358895204375,24.040539957524,2.52131582866357,73.3773288758577,0.268664680255342,1.70768664829711
User_996,Nissan Leaf,75,Station_426,Los Angeles,2024-02-11 11:00:00,2024-02-11 14:59:00,38.6056363686226,0.873091074402725,33.6829302241401,33.7245292700122,Afternoon,Monday,33.7486899972806,70.8620999331383,223.29684212418,-2.78101483171375,5,Level 1,Long-Distance Traveler,75,49.6884825020396,0.87356491026327,37.1134099358578,1.04020720368578,72.5478832921605,0.609489771351425,5.78404769687123
User_997,Tesla Model 3,62,Station_277,Chicago,2024-02-11 12:00:00,2024-02-11 13:40:00,65.6058250775469,3.94232182358856,7.33008629261337,21.6633125663623,Morning,Monday,17.4099839742254,91.2962282010043,81.048321915224,1.84737055224699,5,DC Fast Charger,Casual Driver,75,61.942512019331,0.330204102162513,73.886244226779,0.88793016567716,73.3773288758577,0.226792364673083,1.23538301392329
User_999,BMW i3,119.5,Station_233,Chicago,2024-02-11 14:00:00,2024-02-11 15:41:00,49.3632149101237,1.22617064679765,2.24613450779173,25.5698160483153,Afternoon,Saturday,33.0537413237947,53.8698231887537,60.0145213870459,-6.55334694129485,1,Level 2,Long-Distance Traveler,75,50.209694007154,0.517993329544491,20.816081864959,2.37139800037104,71.6210409570786,0.562097808779725,1.21577416495897
User_1000,Chevy Bolt,100,Station_40,New York,2024-02-11 15:00:00,2024-02-11 16:39:00,24.874540598784,0.927152467104344,11.4414075833697,19.9703930374012,Evening,Friday,33.9456087311389,58.1351351015847,60.8118900385162,7.87904343477927,7,Level 1,Commuter,75,49.5407934516458,0.802844698099769,24.1895263704459,1.0283186292219,72.5478832921605,0.369810437646669,2.44474424751744
User_1001,BMW i3,62,Station_323,Chicago,2024-02-11 16:00:00,2024-02-11 16:59:00,54.362185739475,1.92507771731192,36.3612786267718,26.4787081836913,Morning,Saturday,46.3873376698573,77.3402787104317,294.476226374581,31.4781936755052,7,Level 2,Casual Driver,75,40.2094967476071,0.48707953559093,30.9529410405745,1.75628498979191,71.6210409570786,0.394282965309534,5.41693131666608
User_1002,BMW i3,50,Station_153,Houston,2024-02-11 17:00:00,2024-02-11 19:12:00,6.44367228866705,2.63452941765384,14.992418440021,8.85537738528694,Night,Tuesday,81.5973102915092,84.9263781484706,11.7422214981004,-4.27530532725275,7,Level 1,Long-Distance Traveler,75,13.8020172813681,1.37427494580405,3.32906785696146,1.93557853595342,72.5478832921605,0.033713640152352,1.8222871946409
User_1003,BMW i3,75,Station_127,San Francisco,2024-02-11 18:00:00,2024-02-11 21:00:00,28.2156493896566,2.40680692396592,23.6930788486892,26.5516828685556,Afternoon,Tuesday,18.5171042870141,86.5799024269033,293.581976590309,28.8439913215287,1.03897329850889,Level 2,Commuter,75,61.1121717847394,0.941026821742726,68.0627981398892,0.414553179721837,71.6210409570786,0.163684731007739,10.4049342453883
User_1004,BMW i3,75,Station_237,San Francisco,2024-02-11 19:00:00,2024-02-11 20:01:00,42.2855347814151,2.7118511288651,19.1671832780892,12.9637715943041,Morning,Tuesday,89.0395289125061,98.831055067568,52.3832985896232,37.9020212051916,5,Level 1,Long-Distance Traveler,75,8.22035331562039,0.30657698102477,9.79152615506182,4.3185846732948,72.5478832921605,0.214932077813109,1.2387994821493
User_1005,Hyundai Kona,85,Station_486,New York,2024-02-11 20:00:00,2024-02-11 21:55:00,76.1733008089697,1.50609989726429,28.587452781208,17.6837708204834,Afternoon,Monday,56.0676846322856,93.0384952364039,369.853523574589,18.0450960717925,0,DC Fast Charger,Casual Driver,75,32.9492365257858,0.232151825281032,36.9708106041183,2.06036328563714,73.3773288758577,0.689266383843982,4.85542203956898
User_1007,Nissan Leaf,75,Station_55,Chicago,2024-02-11 22:00:00,2024-02-12 00:18:00,26.5096796891405,2.19005009094685,12.1045997069771,24.6866367407448,Afternoon,Friday,69.673408877032,79.500370165176,14.4483910312965,3.47847158846716,2,DC Fast Charger,Casual Driver,75,22.744943342226,0.931231045800133,9.82696128814401,2.69764771752218,73.3773288758577,0.164963755051047,0.545023221733425
User_1008,Tesla Model 3,50,Station_468,New York,2024-02-11 23:00:00,2024-02-11 23:38:00,34.955124405585,1.68470050499244,12.0293748259792,9.96416432143632,Morning,Wednesday,65.0867431126013,78.3792907421838,262.091524325901,4.94560206022083,1.05805666717074,Level 1,Casual Driver,75,26.184942665549,0.285055896406545,13.2925476295825,2.62967832650775,72.5478832921605,0.285998266251319,7.49794282763372
User_1010,Nissan Leaf,50,Station_172,New York,2024-02-12 01:00:00,2024-02-12 02:40:00,69.8745479772151,2.0146280418885,16.510459616824,6.5856198421409,Morning,Saturday,40.2818434770603,72.0090387175179,245.075917633421,2.77300144817472,4,Level 2,Casual Driver,75,44.7886173922048,0.0942491942028499,31.7271952404576,2.20235502847453,71.6210409570786,0.484265475160627,3.50737034768849
User_1011,Tesla Model 3,100,Station_109,New York,2024-02-12 02:00:00,2024-02-12 04:46:00,10.4316734645514,3.31316243208168,31.3920765955945,38.6061403551417,Morning,Saturday,47.6632622433773,72.1915752646033,227.138839358094,5.4439604063178,7,Level 2,Commuter,75,39.2525533174671,3.70085782365908,24.528313021226,0.425291109727935,71.6210409570786,0.0439613101632144,21.7739598665498
User_1012,Chevy Bolt,50,Station_354,Los Angeles,2024-02-12 03:00:00,2024-02-12 03:42:00,46.5380219171552,3.42736871100207,7.19533190584966,34.7114614094048,Morning,Tuesday,78.5923335570873,82.779988461301,150.652430198049,29.3738464016703,3,DC Fast Charger,Casual Driver,75,16.0557498321845,0.745873158751709,4.18765490421366,11.1131463746758,73.3773288758577,0.185048340133261,3.23719023696867
User_1013,Hyundai Kona,50,Station_469,Los Angeles,2024-02-12 04:00:00,2024-02-12 07:35:00,53.206393546966,3.94909624851637,47.6337104983399,33.4237518438755,Night,Saturday,82.9049265740501,91.6032987741045,146.681511680876,11.3937241857817,2,Level 1,Long-Distance Traveler,75,12.8213050694624,0.628190516509485,8.69837220005442,6.11682189762277,72.5478832921605,0.185712594834676,2.75683995667547
User_1014,Tesla Model 3,62,Station_184,New York,2024-02-12 05:00:00,2024-02-12 07:40:00,47.3430594245632,1.08866774549889,43.4871517231071,21.4656209855771,Evening,Thursday,30.4274748920393,87.8772691742904,271.74834352574,-9.554706672418,4,Level 2,Long-Distance Traveler,75,52.1793938309706,0.453405868705646,57.4497942822511,0.824077092286293,71.6210409570786,0.607184022208896,5.73998273091636
User_1015,Chevy Bolt,50,Station_439,San Francisco,2024-02-12 06:00:00,2024-02-12 07:04:00,26.9679310026297,2.73525316012094,15.8221647917552,28.8220120473161,Evening,Tuesday,71.8797460512938,94.0055082486268,114.816432988946,39.774029896088,6,Level 1,Long-Distance Traveler,75,21.0901904615297,1.06875132706716,22.125762197333,1.21884754803522,72.5478832921605,0.135901845466807,4.25751730741784
User_1016,Tesla Model 3,62,Station_368,Los Angeles,2024-02-12 07:00:00,2024-02-12 07:50:00,68.519194966318,2.36204717532177,48.5891782123757,33.004827983438,Afternoon,Sunday,68.4597533477996,92.9671339676015,77.7080903832795,-2.26967911292013,2,Level 2,Long-Distance Traveler,75,23.6551849891503,0.481687328633416,24.5073806198019,2.79585958325366,71.6210409570786,0.405026142488849,1.13410687941501
User_1017,Hyundai Kona,100,Station_471,Houston,2024-02-12 08:00:00,2024-02-12 09:33:00,71.7085068763758,5.44409159579199,38.7960765515428,37.0958488332243,Afternoon,Saturday,12.2234231973662,77.413347343374,181.089126067266,2.61612622715347,7,Level 1,Casual Driver,75,65.8324326019753,0.517314478422719,65.1899241460078,1.09999371552831,72.5478832921605,0.181560140633637,2.52535067254239
User_1018,Hyundai Kona,50,Station_198,Chicago,2024-02-12 09:00:00,2024-02-12 11:04:00,79.2485461241886,1.77371851881566,33.0051313798905,13.8909692404064,Morning,Friday,51.3778892093,73.6090022402997,252.839628544916,12.5361901695402,0.814314492034729,Level 1,Casual Driver,75,36.466583093025,0.175283584617921,22.2311130309996,3.56475836426554,72.5478832921605,0.615859801167384,3.19046393795915
User_1019,Nissan Leaf,119.5,Station_371,Los Angeles,2024-02-12 10:00:00,2024-02-12 13:29:00,34.1492001157635,3.97556537724309,48.7663036870054,13.077917921313,Evening,Saturday,33.9089726821315,92.7547018376424,257.463752023002,19.7308926545525,5,DC Fast Charger,Commuter,75,49.5682704884014,0.382964106830605,58.8457291555109,0.580317392712015,73.3773288758577,0.117063023689509,7.53937870141078
User_1020,BMW i3,86.0924799103516,Station_373,New York,2024-02-12 11:00:00,2024-02-12 12:03:00,66.7062511073843,2.8343115681998,25.2906449532497,9.1568594529217,Afternoon,Monday,44.0134298389416,99.6896898318561,142.075647154652,31.4887320712047,6,Level 1,Casual Driver,75,41.9899276207938,0.13727138462902,55.6762599929145,1.19810941172905,72.5478832921605,0.324409974597506,2.12987006159195
User_1021,Tesla Model 3,62,Station_461,San Francisco,2024-02-12 12:00:00,2024-02-12 14:30:00,30.7735481334049,3.09791408251761,49.7517968975598,13.851369572163,Afternoon,Friday,2.48115283345698,83.4848693645866,234.746603722348,12.80735254992,1,Level 2,Long-Distance Traveler,75,73.1391353749073,0.450106354721159,81.0037165311297,0.379902916202353,71.6210409570786,0.138697162017329,7.62819427596421
User_1022,Tesla Model 3,50,Station_497,Chicago,2024-02-12 13:00:00,2024-02-12 16:12:00,24.1557815638883,2.30271121015254,4.78414666269556,13.8964073115538,Evening,Friday,47.6907454777138,75.971160894772,289.846996810529,23.4030145349481,0,DC Fast Charger,Commuter,75,39.2319408917147,0.575282868608495,28.2804154170583,0.854152289054351,73.3773288758577,0.142961705389427,11.9990734327486
User_1023,Chevy Bolt,62,Station_87,Los Angeles,2024-02-12 14:00:00,2024-02-12 14:44:00,10.3476066886677,3.31847574864944,9.39163579411192,39.7767775237411,Morning,Friday,42.6553425417617,79.5110904403504,40.1357662289106,37.4627064908395,7,Level 2,Commuter,75,43.0084930936787,3.84405580155103,36.8557478985887,0.280759644795158,71.6210409570786,0.043537214128871,3.87874872291638
User_1024,Hyundai Kona,62,Station_201,San Francisco,2024-02-12 15:00:00,2024-02-12 17:29:00,26.3045346559786,3.58450802625573,49.8891828758856,9.56222223318694,Afternoon,Thursday,52.2988907836203,71.4364210285277,97.8184238406088,31.4219001371861,3,DC Fast Charger,Commuter,75,35.7758319122848,0.363519916175882,19.1375302449074,1.37449996521774,73.3773288758577,0.1000090191288,3.71869052693453
User_1025,Tesla Model 3,85,Station_337,San Francisco,2024-02-12 16:00:00,2024-02-12 18:05:00,26.7303200396667,0.668707847160429,12.9537276516367,26.7643855272907,Morning,Thursday,83.7432883459092,88.1454458881452,131.39752097397,-4.60498794253875,1,DC Fast Charger,Commuter,75,12.1925337405681,1.00127441375836,4.40215754223594,6.07209528128106,73.3773288758577,0.544760789600305,4.9156733170041
User_1027,Tesla Model 3,85,Station_275,New York,2024-02-12 18:00:00,2024-02-12 20:18:00,1.33022573900948,1.33804032690138,23.2928853234256,11.8108632488241,Evening,Tuesday,86.162872774263,89.9660474004665,324.524797191971,-3.94357414637894,0,Level 1,Commuter,75,10.3778454193027,8.87884131427106,3.80317462620346,0.349767199708466,72.5478832921605,0.0137034966664715,243.962199553906
User_1028,Nissan Leaf,85,Station_211,Houston,2024-02-12 19:00:00,2024-02-12 21:06:00,44.0159516567622,1.32431029727037,38.1052779060187,32.9353730311961,Afternoon,Saturday,73.3462176745304,78.1599298303339,78.1193777771749,5.87953615400245,5,Level 2,Casual Driver,75,19.9903367441022,0.748259932854052,4.81371215580352,9.14386864692265,71.6210409570786,0.464065957722791,1.77479697329623
User_1029,BMW i3,85,Station_391,San Francisco,2024-02-12 20:00:00,2024-02-12 21:01:00,18.4339463117716,1.61545929586484,22.3246971070173,10.4061126193713,Afternoon,Saturday,53.5175708638165,95.6466118648716,104.375789483857,30.5199215061553,2,Level 2,Commuter,75,34.8618218521377,0.564508133167672,42.1290410010551,0.437559124863772,71.6210409570786,0.159324171833038,5.6621511052793
User_1030,Tesla Model 3,62,Station_118,Chicago,2024-02-12 21:00:00,2024-02-13 00:29:00,37.7031187184713,2.73467270814634,34.7224630907279,24.6728665502626,Evening,Saturday,46.5621884016344,52.4572271977589,274.458509816753,6.67276641361206,5,Level 1,Casual Driver,75,40.0783586987742,0.654398558763654,5.89503879612445,6.39573716516646,72.5478832921605,0.190040941557179,7.27946438240643
User_1031,Hyundai Kona,100,Station_191,Los Angeles,2024-02-12 22:00:00,2024-02-12 23:52:00,56.1983661719849,0.182479566999436,40.7236985294995,19.6208361755317,Morning,Sunday,56.0294561742234,65.4141706178256,39.6791893298794,34.0593413217926,1,Level 2,Casual Driver,75,32.9779078693325,0.349135348801524,9.38471444360221,5.9882872845744,71.6210409570786,4.30000359939355,0.70605592355565
User_1033,Tesla Model 3,100,Station_42,New York,2024-02-13 00:00:00,2024-02-13 02:27:00,76.8924000982773,5.68558073667591,10.4461457566589,39.794528350742,Night,Friday,7.17427125501243,101.844421976535,226.394894814651,32.8827021730998,2,Level 1,Casual Driver,75,69.6192965587407,0.517535260960512,94.6701507215229,0.812213770784629,72.5478832921605,0.18641628135245,2.94430781878693
User_1036,Tesla Model 3,60.6596909805045,Station_329,Houston,2024-02-13 03:00:00,2024-02-13 04:47:00,66.0915340264998,1.27288720557236,37.6005630564556,14.8064680445976,Evening,Tuesday,42.3013672364649,70.7263171330256,167.663529051914,9.95392442873703,1.71988860793436,Level 2,Casual Driver,75,43.2739745726514,0.224029722757848,28.4249498965608,2.32512402896078,71.6210409570786,0.724962065483379,2.53683821266258
User_1037,Nissan Leaf,62,Station_17,New York,2024-02-13 04:00:00,2024-02-13 06:56:00,6.91842373963761,5.50549584194873,49.0610905645755,9.21390114184533,Afternoon,Tuesday,24.6658433779969,70.7917561216466,196.346641449111,26.2035385164554,1,DC Fast Charger,Casual Driver,75,56.5006174665024,1.33179196426728,46.1259127436497,0.149989958531283,73.3773288758577,0.0171257192805424,28.3802566651397
User_1039,Nissan Leaf,85,Station_431,Chicago,2024-02-13 06:00:00,2024-02-13 08:35:00,61.0380627904738,1.99376839561082,41.549441919421,35.551074748611,Afternoon,Tuesday,33.065641633382,56.795901347249,95.5285824624064,27.0555281487778,5,DC Fast Charger,Casual Driver,75,50.2007687749635,0.582441072395232,23.7302597138669,2.57216159984991,73.3773288758577,0.41721905581565,1.56506576544424
User_1040,Nissan Leaf,85,Station_258,New York,2024-02-13 07:00:00,2024-02-13 07:44:00,64.2296196355972,2.12958426693274,18.1626290251768,14.8310427813382,Night,Friday,83.322982448162,83.7955365901172,171.224095391858,14.3860931590583,2,Level 2,Long-Distance Traveler,75,12.5077631638785,0.230906595204537,0.472554141955214,135.920128368454,71.6210409570786,0.421114205380893,2.66581207180251
User_1042,Nissan Leaf,100,Station_62,Houston,2024-02-13 09:00:00,2024-02-13 10:42:00,58.9408585725342,3.20534849322748,43.7022121043628,37.3333944485249,Night,Saturday,82.3603312974463,92.0357729354222,81.1829007361303,19.4575765282305,6,Level 2,Long-Distance Traveler,75,13.2297515269153,0.633404320070796,9.67544163797585,6.0918003309733,71.6210409570786,0.256744160713415,1.37736203208212
User_1043,Chevy Bolt,109.795128268187,Station_100,Houston,2024-02-13 10:00:00,2024-02-13 12:10:00,10.039817806428,1.30294196932112,7.70549881945942,26.5942398303541,Evening,Monday,35.9836052329547,70.6832888363685,81.8210812984393,35.1451618326394,2,Level 1,Long-Distance Traveler,75,48.012296075284,2.64887673691917,34.6996836034138,0.289334563426403,72.5478832921605,0.106212593252766,8.14965797945587
User_1045,Chevy Bolt,85,Station_17,Houston,2024-02-13 12:00:00,2024-02-13 15:15:00,29.7583848391431,2.15524418277376,29.3850474146707,20.0653302279018,Morning,Sunday,10.8139054453983,36.5483601177208,51.2023181032587,-1.35333150208346,1,DC Fast Charger,Casual Driver,75,66.8895709159513,0.6742748417417,25.7344546723225,1.15636352967481,73.3773288758577,0.188170256103692,1.72060138277092
User_1046,Chevy Bolt,75,Station_325,Houston,2024-02-13 13:00:00,2024-02-13 13:55:00,69.5964749566073,2.33904199553333,14.8606889765437,38.1294957135301,Afternoon,Tuesday,60.6389176182884,73.009252963521,288.979554072056,73.1695879746548,6,DC Fast Charger,Long-Distance Traveler,75,29.5208117862837,0.547865329922291,12.3703353452326,5.62607827632007,73.3773288758577,0.405496701423995,4.15221538522219
User_1048,Chevy Bolt,75,Station_466,San Francisco,2024-02-13 15:00:00,2024-02-13 17:01:00,14.4921602380069,3.88925923528393,41.3779107591241,16.3846673234596,Morning,Tuesday,42.7871894639637,51.7617454656386,97.0587932525291,25.0022737289755,3,Level 1,Casual Driver,75,42.9096079020272,1.13058833564988,8.97455600167488,1.61480526003764,72.5478832921605,0.0513619483767504,6.69733094711333
User_1049,Chevy Bolt,85,Station_373,New York,2024-02-13 16:00:00,2024-02-13 18:34:00,38.4094016278201,2.49757337141649,22.1160200970615,19.8267671202444,Night,Wednesday,10.8190402060796,56.5371003051234,152.259866990807,-3.6133359036523,2,Level 1,Casual Driver,75,66.8857198454403,0.516195678140527,45.7180600990437,0.840136295035481,72.5478832921605,0.211979830407232,3.96413014881557
User_1050,Tesla Model 3,100,Station_246,Houston,2024-02-13 17:00:00,2024-02-13 20:28:00,8.23458411641215,0.904993379922327,43.8128725612969,8.68224251475558,Morning,Sunday,23.3589082353994,97.6615848182109,298.718856837086,38.5689607629005,3,Level 2,Commuter,75,57.4808188234505,1.05436320669203,74.3026765828115,0.110824865201654,71.6210409570786,0.127044432920206,36.2761315707148
User_1051,BMW i3,75,Station_251,New York,2024-02-13 18:00:00,2024-02-13 19:42:00,34.8616208438581,3.47019729552342,4.94061432742058,24.3013339649328,Evening,Monday,47.9790091989841,69.9965431532209,155.733138070143,35.4015992822327,3,DC Fast Charger,Commuter,75,39.015743100762,0.697079865384806,22.0175339542368,1.58335719687398,73.3773288758577,0.136908846032136,4.4671800765563
User_1052,Hyundai Kona,62,Station_455,Chicago,2024-02-13 19:00:00,2024-02-13 21:32:00,57.9274659997316,1.71547032206695,33.7676876449461,31.5361432834405,Evening,Sunday,67.6459014447974,78.3073795670382,59.4270246814111,34.6574181507777,5,Level 2,Commuter,75,24.2655739164019,0.544407436769055,10.6614781222408,5.4333428569243,71.6210409570786,0.471477197115615,1.0258868337463
User_1053,Tesla Model 3,50,Station_81,New York,2024-02-13 20:00:00,2024-02-13 21:22:00,49.4092427263264,2.87931424835696,34.0148546016539,38.9201513335386,Afternoon,Saturday,75.9883819530991,84.9362748760904,274.980542603239,-7.57173842199417,5,Level 2,Long-Distance Traveler,75,18.0087135351757,0.787709934133458,8.94789292299124,5.52188578378842,71.6210409570786,0.239595414737044,5.56536646647943
User_1054,Tesla Model 3,50,Station_39,Los Angeles,2024-02-13 21:00:00,2024-02-14 00:33:00,9.98078152795496,1.85369582208589,33.333004333464,21.095003671091,Night,Monday,35.8515955548304,67.5841109871382,30.4325458995044,37.8050481318231,5,Level 1,Casual Driver,75,48.1113033338772,2.1135623109279,31.7325154323078,0.314528533019896,72.5478832921605,0.0742166474870415,3.04911452217108
User_1055,Hyundai Kona,62,Station_36,New York,2024-02-13 22:00:00,2024-02-14 01:36:00,29.0524463780992,2.94779834883842,15.963532916763,7.67714206389462,Night,Sunday,25.8453357096222,90.9733781794465,195.620858101275,-1.97392572221161,4,Level 2,Commuter,75,55.6159982177833,0.264251139610808,65.1280424698243,0.446081983679458,71.6210409570786,0.13760819813684,6.73336956053178
User_1056,Chevy Bolt,75,Station_424,New York,2024-02-13 23:00:00,2024-02-14 02:47:00,42.094233350736,1.00172553918803,6.31002648759765,3.66858474588636,Morning,Monday,51.6796900788654,95.8111296014888,103.279986839518,30.7222571148028,0,DC Fast Charger,Commuter,75,36.240232440851,0.0871517177975214,44.1314395226235,0.953837758434254,73.3773288758577,0.572679925316775,2.45354241230556
User_1057,Nissan Leaf,75,Station_429,New York,2024-02-14 00:00:00,2024-02-14 01:47:00,45.7695476348877,0.957052251464586,17.4005266428965,14.0233374955434,Evening,Sunday,30.7408582601755,81.8451096406268,152.259866990807,1.26095069186752,4,Level 2,Long-Distance Traveler,75,51.9443563048684,0.306390126627648,51.1042513804513,0.895611351277827,71.6210409570786,0.667729159209409,3.32666313867493
User_1058,BMW i3,75,Station_388,San Francisco,2024-02-14 01:00:00,2024-02-14 03:01:00,53.7132870126443,0.891460803291715,18.6229764747135,29.0273372085232,Afternoon,Tuesday,49.9231442875891,56.1814826302709,36.4240385661972,23.7636598976812,4,Level 2,Commuter,75,37.5576417843082,0.540412602224289,6.25833834268183,8.58267547574409,71.6210409570786,0.841276676639343,0.678119709144273
User_1059,Nissan Leaf,55.8166937598614,Station_486,San Francisco,2024-02-14 02:00:00,2024-02-14 05:35:00,66.4055075693783,3.02669268997562,39.8561895862964,35.4743075789654,Evening,Thursday,15.5573623529769,78.8499962834668,61.6118940298646,33.7852165144648,0,Level 2,Casual Driver,75,63.3319782352674,0.534207310167805,63.29263393049,1.0491822420016,71.6210409570786,0.306333959120894,0.927813012580238
User_1061,Tesla Model 3,100,Station_197,Los Angeles,2024-02-14 04:00:00,2024-02-14 04:42:00,75.5709644952991,2.57445223243265,21.5124649190855,5.98501483660701,Afternoon,Friday,32.747608155595,57.682290249417,281.313204375562,13.4128473704063,4,Level 2,Commuter,75,50.4392938833038,0.0791972800212085,24.934682093822,3.03075708809711,71.6210409570786,0.409854302072214,3.72250382477335
User_1063,BMW i3,62,Station_204,New York,2024-02-14 06:00:00,2024-02-14 07:45:00,28.2530314048561,0.90863538505303,30.0024293133329,12.1724301462379,Evening,Wednesday,77.2337354032636,82.609539256564,151.412932415703,1.94075385065897,4.02307964870363,Level 2,Commuter,75,17.0746984475523,0.43083625157992,5.37580385330048,5.25559194045186,71.6210409570786,0.434144974131949,5.35917474645495
User_1064,Tesla Model 3,100,Station_196,New York,2024-02-14 07:00:00,2024-02-14 08:20:00,39.4888310675324,0.858458511872156,16.3715160659012,27.7674994579879,Morning,Monday,26.6855222663143,90.0246773297564,250.812263536732,35.7491547591381,7,Level 2,Commuter,75,54.9858583002643,0.703173497602421,63.3391550634421,0.623450550105687,71.6210409570786,0.642265121525113,6.35147348646006
User_1065,Tesla Model 3,75,Station_216,New York,2024-02-14 08:00:00,2024-02-14 08:48:00,25.3658576501329,0.560018539064264,37.583089549057,7.14347372930227,Morning,Friday,22.4745677046416,72.9195428099425,152.259866990807,24.9060889846589,6,Level 1,Casual Driver,75,58.1440742215188,0.281617670012622,50.4449751053009,0.502842108598195,72.5478832921605,0.62434178391178,6.00255150410849
User_1066,BMW i3,62,Station_285,San Francisco,2024-02-14 09:00:00,2024-02-14 11:58:00,69.2109612714716,2.2869941236535,28.7566202523491,5.55089902870741,Night,Saturday,27.7660559955144,55.4632242810576,66.2003082382911,11.8889339562678,5,Level 1,Casual Driver,75,54.1754580033642,0.0802025998011309,27.6971682855432,2.49884611155708,72.5478832921605,0.417143121651078,0.956500343617949
User_1067,BMW i3,45.8159872000484,Station_457,Chicago,2024-02-14 10:00:00,2024-02-14 12:31:00,34.6022045938987,2.51883890317855,5.57975045530423,29.2390098372113,Evening,Friday,21.2447917415735,73.436280230709,155.184235824991,5.09722891784946,6,Level 1,Long-Distance Traveler,75,59.0664061938199,0.845004246994336,52.1914884891355,0.662985586262819,72.5478832921605,0.189355808506745,4.4848077643109
User_1069,Tesla Model 3,62,Station_307,Los Angeles,2024-02-14 12:00:00,2024-02-14 12:55:00,21.8712532907776,0.572000126406934,10.6020563420975,25.987276865216,Evening,Sunday,44.9194661554598,53.746604292731,296.575552256076,33.4047734415161,1,Level 1,Commuter,75,41.3104003834051,1.18819331108812,8.82713813727117,2.47772867611867,72.5478832921605,0.527051191806088,13.5600620738608
User_1070,Tesla Model 3,75,Station_152,New York,2024-02-14 13:00:00,2024-02-14 16:22:00,47.232070840437,3.64377393368349,42.9603071930227,37.9003264165564,Afternoon,Monday,12.4340822562169,68.0608309433992,208.81560461104,10.7391230652617,2,Level 1,Casual Driver,75,65.6744383078373,0.802427794127305,55.6267486871823,0.849089187398802,72.5478832921605,0.178673776459454,4.42105545861998
User_1071,Hyundai Kona,62,Station_14,Chicago,2024-02-14 14:00:00,2024-02-14 17:05:00,53.4084689135241,2.87760438988101,18.5600456759563,13.9304368564033,Evening,Tuesday,64.4872831783878,150.788107121796,246.153864209299,28.1005548807641,5,DC Fast Charger,Commuter,75,26.6345376162092,0.260828238288551,86.3008239434086,0.618863951386449,73.3773288758577,0.25293978344942,4.60889198317699
User_1072,Chevy Bolt,82.6668112067856,Station_325,Houston,2024-02-14 15:00:00,2024-02-14 17:29:00,18.7904930540743,1.63913135086325,38.2618298893618,39.5161910527996,Evening,Monday,41.7717522015893,67.0665260867483,152.259866990807,-2.73663760364361,3,Level 2,Long-Distance Traveler,75,43.671185848808,2.10298851334459,25.294773885159,0.742860684953548,71.6210409570786,0.160060360302552,8.10302670359108
User_1075,Hyundai Kona,85,Station_57,Houston,2024-02-14 18:00:00,2024-02-14 21:06:00,34.8951132660878,1.60339690081191,4.881436198624,33.6750182699436,Afternoon,Friday,61.5326507826419,89.0010378138497,269.88833995063,-6.42874235335678,1,Level 1,Casual Driver,75,28.8505119130186,0.965035362205576,27.4683870312077,1.27037358351047,72.5478832921605,0.29998450777187,7.73427321735954
User_1076,Tesla Model 3,100,Station_211,Chicago,2024-02-14 19:00:00,2024-02-14 19:46:00,54.9644720199823,3.52293760650942,41.407045574194,38.7729167199867,Morning,Friday,19.8264279135761,92.7765202491452,141.468309627726,39.5337988912904,3,Level 2,Long-Distance Traveler,75,60.130179064818,0.705417796170056,72.9500923355691,0.753453083611557,71.6210409570786,0.217839424046528,2.57381367324506
User_1077,Hyundai Kona,50,Station_268,San Francisco,2024-02-14 20:00:00,2024-02-14 21:37:00,74.7858193972751,1.67851351807867,36.5534672847216,31.3021352880326,Afternoon,Tuesday,37.3671232960542,98.5554561491059,245.597451464905,21.3792883165326,7,DC Fast Charger,Commuter,75,46.9746575279593,0.418557094651196,61.1883328530517,1.22222351729829,73.3773288758577,0.607201051414834,3.28401097219045
User_1078,Hyundai Kona,75,Station_210,Chicago,2024-02-14 21:00:00,2024-02-14 22:13:00,34.7905478230173,1.81388327227911,23.2152577921627,31.8011366012008,Night,Tuesday,42.6703744505181,75.6960926542363,247.748550461502,17.2417871503972,5,Level 2,Commuter,75,42.9972191621115,0.914074039965571,33.0257182037182,1.05343803905831,71.6210409570786,0.267800450183975,7.1211454249534
User_1079,Chevy Bolt,75,Station_17,Chicago,2024-02-14 22:00:00,2024-02-14 23:30:00,69.1330902482316,3.00767288419882,10.7055578320644,17.3874168265534,Morning,Tuesday,28.9030166431617,78.3486221983396,91.5511712730612,3.44290417094276,2,Level 2,Casual Driver,75,53.3227375176287,0.251506431494983,49.4456055551779,1.39816449757267,71.6210409570786,0.32093326985374,1.32427425049762
User_1080,Nissan Leaf,78.4316708167597,Station_286,Houston,2024-02-14 23:00:00,2024-02-15 01:32:00,38.0853637689286,1.94900368088467,1.65493706769911,15.6316513106223,Evening,Saturday,11.8305019215747,97.6297835973281,135.71093131082,-5.9392058000254,7,Level 1,Long-Distance Traveler,75,66.127123558819,0.410437232671915,85.7992816757534,0.443889074885943,72.5478832921605,0.269352309135356,3.56333556728525
User_1081,Tesla Model 3,50,Station_344,San Francisco,2024-02-15 00:00:00,2024-02-15 02:02:00,27.752745917901,0.903865801534733,31.6558962845429,17.0907196890602,Afternoon,Sunday,24.8436320062362,87.9373310756285,265.694896890538,34.0228800725743,1,Level 2,Casual Driver,75,56.3672759953228,0.615820853893828,63.0936990693923,0.43986557021134,71.6210409570786,0.428707790835731,9.57364354779613
User_1083,Nissan Leaf,85,Station_99,Los Angeles,2024-02-15 02:00:00,2024-02-15 03:43:00,35.3868254012706,2.30779361918601,44.8489904969476,38.4035041175945,Morning,Saturday,34.6353007636683,54.2658912122916,286.835363806296,-7.64342379343471,7,DC Fast Charger,Long-Distance Traveler,75,49.0235244272488,1.08524863934858,19.6305904486233,1.80263683325696,73.3773288758577,0.208969419724688,8.10571054491927
User_1084,Nissan Leaf,85,Station_279,Houston,2024-02-15 03:00:00,2024-02-15 06:02:00,68.5676786076871,1.55820316643653,16.4754710015571,24.5348684577207,Afternoon,Saturday,68.2737038427022,93.5739470992556,92.0449120272822,-9.83167829641984,2,Level 1,Casual Driver,75,23.7947221179734,0.357819733085875,25.3002432565534,2.71015886734315,72.5478832921605,0.606555602161254,1.34239504525042
User_1085,BMW i3,106.820556882091,Station_209,San Francisco,2024-02-15 04:00:00,2024-02-15 05:36:00,86.3208523887949,2.21514072254197,38.968563717134,6.56320618501012,Morning,Saturday,18.3363161887563,86.0444443981097,30.6493065243832,17.7751475765907,6,DC Fast Charger,Commuter,75,61.2477628584328,0.076032685074158,67.7081282093534,1.27489645145544,73.3773288758577,0.531070894977144,0.355062602791926
User_1086,Tesla Model 3,50,Station_129,Chicago,2024-02-15 05:00:00,2024-02-15 07:20:00,36.4654733395034,1.20916586693848,37.8602849893558,9.94150946029014,Morning,Monday,21.0234699710778,82.1794138170943,56.4294511535143,36.1518298538053,1,Level 1,Commuter,75,59.2323975216917,0.272628010823609,61.1559438460165,0.596270305815559,72.5478832921605,0.415691582556232,1.54747617364352
User_1087,Nissan Leaf,100,Station_335,San Francisco,2024-02-15 06:00:00,2024-02-15 06:31:00,44.6404895267216,1.19665507037123,37.304391743289,17.6587259761384,Afternoon,Thursday,32.3026196698504,69.5774598807905,294.756852058968,-6.26489195519863,6,DC Fast Charger,Commuter,75,50.7730352476122,0.395576441104392,37.2748402109401,1.19760377976402,73.3773288758577,0.508391247198462,6.60290366848526
User_1088,Chevy Bolt,50,Station_288,Los Angeles,2024-02-15 07:00:00,2024-02-15 08:58:00,40.2716357527382,2.69291212611694,49.5663805841103,25.5488894470312,Afternoon,Sunday,21.8267035655026,67.9982023148874,156.485429978002,33.7913423728615,2,DC Fast Charger,Casual Driver,75,58.629972325873,0.634413998077891,46.1714987493847,0.872218508030884,73.3773288758577,0.203805166811655,3.88574804705722
User_1090,Tesla Model 3,50,Station_265,New York,2024-02-15 09:00:00,2024-02-15 12:47:00,14.523402272691,0.942143129612701,15.4152822604155,31.472931510386,Night,Tuesday,21.3899572474093,70.3751646018799,266.593025494036,20.7801469025353,3,Level 2,Long-Distance Traveler,75,58.957532064443,2.16704949153449,48.9852073544706,0.296485470962604,71.6210409570786,0.215233987867527,18.3561000713533
User_1091,Hyundai Kona,85,Station_271,New York,2024-02-15 10:00:00,2024-02-15 10:55:00,18.5613859251796,1.57607358236473,11.7769792812149,7.25134680851673,Afternoon,Wednesday,28.799441643203,51.4842586144735,397.818092618373,26.2033740698851,1,Level 1,Long-Distance Traveler,75,53.4004187675977,0.390668392853135,22.6848169712705,0.818229476953108,72.5478832921605,0.162333878630027,21.4325640457004
User_1092,Chevy Bolt,75,Station_412,Los Angeles,2024-02-15 11:00:00,2024-02-15 14:49:00,59.7977690947158,2.12215138285842,14.5649294224692,22.9342150211052,Morning,Saturday,28.1891854574243,96.0265074305582,276.225376765207,-0.635147614434697,4,Level 2,Long-Distance Traveler,75,53.8581109069318,0.383529609353468,67.8373219731339,0.881487761536311,71.6210409570786,0.393430470369406,4.61932578668083
User_1094,Nissan Leaf,62,Station_188,Houston,2024-02-15 13:00:00,2024-02-15 13:56:00,36.701520163112,1.87248973790652,19.1219326438656,5.55560476278467,Evening,Sunday,26.3481984422716,95.1628870670309,49.5508274275402,30.2858475358454,6.45400134455542,Level 1,Casual Driver,75,55.2388511682963,0.151372606314234,68.8146886247593,0.533338461549137,72.5478832921605,0.270171703427889,1.35010286242429
User_1096,Nissan Leaf,100,Station_214,New York,2024-02-15 15:00:00,2024-02-15 17:55:00,24.2305368641518,0.934010481184499,7.75734131809923,23.5291387174854,Afternoon,Sunday,17.6959755041837,75.4995913898141,171.991601948137,4.97528594997282,5,Level 1,Commuter,75,61.7280183718622,0.971053132227375,57.8036158856304,0.419187216801351,72.5478832921605,0.357590968283499,7.09813418135991
User_1097,BMW i3,85,Station_283,Chicago,2024-02-15 16:00:00,2024-02-15 19:31:00,21.7061243284391,2.50510310412967,47.9795449830795,8.12350031625918,Evening,Saturday,17.075691755127,94.5111556731093,169.83239584151,18.7488220955793,5,Level 2,Casual Driver,75,62.1932311836547,0.374249230002606,77.4354639179823,0.280312446393163,71.6210409570786,0.120980688645981,7.82416949574904
User_1098,Tesla Model 3,85,Station_211,New York,2024-02-15 17:00:00,2024-02-15 17:30:00,57.8962718029484,1.73381461351909,10.4116463382861,23.0851563880748,Morning,Sunday,53.1930637489567,96.3395422827702,101.554101562221,23.9063200517073,5,Level 2,Commuter,75,35.1052021882825,0.39873303874636,43.1464785338135,1.34185393038683,71.6210409570786,0.466237617178582,1.75406979412876
User_1100,Nissan Leaf,75,Station_76,Houston,2024-02-15 19:00:00,2024-02-15 21:12:00,15.7295511653531,3.88267459295915,38.3151590116646,19.6337702975248,Morning,Friday,10.8742719174199,80.292238044794,279.031375928032,10.7533778253394,5,Level 2,Long-Distance Traveler,75,66.8442960619351,1.24820918862398,69.4179661273741,0.226591933513165,71.6210409570786,0.0565645983584905,17.7393094688324
User_1103,Tesla Model 3,85,Station_213,Chicago,2024-02-15 22:00:00,2024-02-15 23:10:00,21.8479082321832,3.27571602316242,6.66965880976793,11.7674490045187,Night,Saturday,19.5455114019953,54.5126380841609,240.656060296914,11.9136633073383,0,Level 2,Casual Driver,75,60.3408664485035,0.538607581076552,34.9671266821655,0.624812797195784,71.6210409570786,0.0931242930937705,11.0150618420492
User_1104,Chevy Bolt,75,Station_433,Chicago,2024-02-15 23:00:00,2024-02-16 02:14:00,15.425510878396,1.70937512622019,18.9999255898608,22.7681072756652,Night,Monday,27.0992732391456,55.4212337057855,218.142199172611,0.009960832525655,1,DC Fast Charger,Long-Distance Traveler,75,54.6755450706408,1.47600345007392,28.3219604666399,0.544648415019346,73.3773288758577,0.12298163938082,14.1416515078361
User_1105,Chevy Bolt,85,Station_109,San Francisco,2024-02-16 00:00:00,2024-02-16 01:20:00,13.6506980398707,1.46021585154375,33.3040908657998,38.3143102395883,Night,Tuesday,44.3885783213994,86.6084085437094,152.259866990807,28.9191398968115,5,Level 1,Long-Distance Traveler,75,41.7085662589505,2.80676564141121,42.21983022231,0.323324323380563,72.5478832921605,0.128858495268804,11.1539986120922
User_1106,Hyundai Kona,75,Station_129,New York,2024-02-16 01:00:00,2024-02-16 01:44:00,24.7756593946617,0.878088617753537,28.2154430586364,7.64074774178823,Night,Sunday,41.8999447400847,52.6217285548032,171.10646856926,0.951129923113012,6.66451033570306,DC Fast Charger,Long-Distance Traveler,75,43.5750414449365,0.308397351613356,10.7217838147185,2.3107777421002,73.3773288758577,0.384525349871651,6.90623267956805
User_1107,Tesla Model 3,75,Station_10,Chicago,2024-02-16 02:00:00,2024-02-16 02:37:00,67.4581273420512,0.873292743703917,17.8855593218385,29.5186240457199,Morning,Friday,58.3627700867597,83.4210685202835,93.3487226181698,24.4157498648218,4,DC Fast Charger,Commuter,75,31.2279224349302,0.437584398037669,25.0582984335238,2.69204740780816,73.3773288758577,1.05271916887664,1.38380246081897
User_1108,Hyundai Kona,62,Station_47,Los Angeles,2024-02-16 03:00:00,2024-02-16 04:07:00,12.0432473623273,1.02862247373924,11.7081316710374,22.7428397565104,Afternoon,Wednesday,22.7106136346017,62.2759333563083,284.194859064213,12.5885178664073,5,DC Fast Charger,Long-Distance Traveler,75,57.9670397740487,1.88843084197148,39.5653197217066,0.304388981234999,73.3773288758577,0.159560614298807,23.5978594903904
User_1109,Chevy Bolt,85,Station_379,Chicago,2024-02-16 04:00:00,2024-02-16 06:23:00,61.2314659022779,2.33131034752936,9.14250329772684,38.6627026333926,Afternoon,Thursday,53.2402883998274,85.7764067231605,13.794461132921,38.9638633972488,7,Level 2,Casual Driver,75,35.0697837001295,0.631418863874601,32.5361183233331,1.88195362746656,71.6210409570786,0.366719443205375,0.225283862302695
User_1110,Chevy Bolt,50,Station_315,Houston,2024-02-16 05:00:00,2024-02-16 06:52:00,23.1932902173453,2.0077104428312,31.983192464081,5.81155905552925,Night,Sunday,72.8811847094747,86.9355478700154,181.049849930249,17.0753693170222,7,Level 1,Casual Driver,75,20.339111467894,0.25057070390052,14.0543631605408,1.65025550801641,72.5478832921605,0.159234269089329,7.80613049005224
User_1111,Tesla Model 3,85,Station_96,New York,2024-02-16 06:00:00,2024-02-16 07:25:00,48.3861769798144,3.73836445432908,27.8052308477528,15.9865893608523,Afternoon,Saturday,19.3235262252255,81.9262446452108,112.097739173953,17.9470294941173,7,DC Fast Charger,Commuter,75,60.5073553310809,0.33039579397896,62.6027184199853,0.772908560538924,73.3773288758577,0.176391548462181,2.31673064852214
User_1113,Nissan Leaf,85,Station_103,New York,2024-02-16 08:00:00,2024-02-16 10:12:00,25.0883690419185,3.44738017745246,4.95915549278366,21.52923874013,Morning,Tuesday,36.8354725200189,58.6046336965222,152.259866990807,-9.60090608282301,5,Level 1,Casual Driver,75,47.3733956099858,0.858136242501782,21.7691611765033,1.15247293354591,72.5478832921605,0.100313296769054,6.06894241456692
User_1114,Chevy Bolt,75,Station_380,Houston,2024-02-16 09:00:00,2024-02-16 11:47:00,105.839927474622,2.2209072511182,47.656167280886,19.8055933353585,Afternoon,Friday,25.184316693311,80.2357804076986,200.883218131834,20.7779792342665,6,Level 2,Commuter,75,56.1117624800167,0.187127805242568,55.0514637143876,1.92256336768318,71.6210409570786,0.66539339060215,1.89799088987473
User_1115,Chevy Bolt,100,Station_342,Houston,2024-02-16 10:00:00,2024-02-16 12:11:00,56.1150925022779,1.05741593019383,5.48803950534213,16.3478360995727,Morning,Wednesday,22.3498792992591,80.0884845185906,81.9684014043074,36.5925390112913,7,Level 1,Commuter,75,58.2375905255557,0.291326902809776,57.7386052193315,0.971881677590127,72.5478832921605,0.73149117101721,1.46071934927275
User_1116,BMW i3,50,Station_146,Houston,2024-02-16 11:00:00,2024-02-16 12:47:00,15.898734225247,3.16519990215534,40.4445219261755,12.0676803624311,Evening,Saturday,46.2183994896746,60.728120985023,211.552868028983,-5.0685988139877,7,Level 1,Long-Distance Traveler,75,40.336200382744,0.759034033241954,14.5097214953483,1.09572979952399,72.5478832921605,0.0692367478292956,13.3062711176743
User_1117,BMW i3,85,Station_368,Houston,2024-02-16 12:00:00,2024-02-16 15:26:00,41.1570139096036,3.26349839790536,46.1296888740101,13.4423793823995,Morning,Friday,31.467845379884,77.4521090411131,125.762777154321,29.4542123965601,5,Level 2,Casual Driver,75,51.399115965087,0.326612115541815,45.9842636612291,0.895023876272361,71.6210409570786,0.17608397146739,3.05568274293524
User_1118,Hyundai Kona,50,Station_430,Los Angeles,2024-02-16 13:00:00,2024-02-16 16:18:00,41.9058639901735,1.89448809058812,24.4795714486108,26.7280882620603,Evening,Sunday,46.4009428711937,58.9331602665602,44.5058947599074,11.7683466493929,5,DC Fast Charger,Long-Distance Traveler,75,40.1992928466047,0.637812604659048,12.5322173953665,3.34385070639352,73.3773288758577,0.301453979485285,1.0620445570659
User_1119,Hyundai Kona,85,Station_416,San Francisco,2024-02-16 14:00:00,2024-02-16 15:52:00,8.335789160237,2.43293713357594,41.7587632200911,8.21249008436557,Night,Tuesday,15.6253274174203,42.505159757025,206.270233906686,-7.32774652497166,4,Level 1,Casual Driver,75,63.2810044369348,0.985208469947922,26.8798323396047,0.310113138166977,72.5478832921605,0.0472270793691831,24.745135696405
User_1121,Nissan Leaf,62,Station_220,Houston,2024-02-16 16:00:00,2024-02-16 16:34:00,18.1024722667836,1.93468845858965,41.5527326070029,37.6968054667994,Night,Tuesday,33.3008831568981,99.7009345907195,51.2394338055203,1.10263090873012,3,DC Fast Charger,Casual Driver,75,50.0243376323264,2.08241199938031,66.4000514338214,0.272627383200534,73.3773288758577,0.127516079457131,2.83052132605888
User_1122,Tesla Model 3,50,Station_18,Chicago,2024-02-16 17:00:00,2024-02-16 19:28:00,59.1985401545801,3.40472809544222,10.5536058817216,7.03485099881122,Afternoon,Saturday,32.9016147791671,90.2352714104068,286.816520424962,2.48307370746705,6,Level 1,Casual Driver,75,50.3237889156247,0.118834872962099,57.3336566312397,1.03252685478157,72.5478832921605,0.239664559284821,4.84499313118233
User_1123,Hyundai Kona,85,Station_167,San Francisco,2024-02-16 18:00:00,2024-02-16 21:48:00,29.2818904654849,3.77769136805976,7.75126594857965,11.57425867996,Night,Thursday,25.6122448454177,76.5129137413758,249.12852565993,5.15082284055382,5,DC Fast Charger,Casual Driver,75,55.7908163659367,0.395270199292725,50.9006688959582,0.575275160437235,73.3773288758577,0.105635706114262,8.50793858250314
User_1126,Chevy Bolt,100,Station_82,San Francisco,2024-02-16 21:00:00,2024-02-16 21:52:00,23.9150037962685,2.33280881722008,33.504959547001,5.58721999929407,Night,Sunday,38.2707324561742,84.4808657892235,295.972105126767,4.83229550404444,2,Level 1,Commuter,75,46.2969506578694,0.233628229662496,46.2101333330494,0.517527262341062,72.5478832921605,0.141307938401981,12.3760007586931
User_1127,BMW i3,50,Station_428,San Francisco,2024-02-16 22:00:00,2024-02-16 23:17:00,13.8199712449026,2.09077761524669,12.2748365087859,20.837047623627,Morning,Sunday,86.6087586502683,99.0931274936818,119.344642984766,38.588916460319,7,Level 1,Commuter,75,10.0434310122987,1.5077489854628,12.4843688434135,1.10698197227598,72.5478832921605,0.0911117843486689,8.63566507265959
User_1129,BMW i3,50,Station_310,Houston,2024-02-17 00:00:00,2024-02-17 01:09:00,5.16380708791679,3.9100064460441,5.26520328477545,7.41183934611138,Night,Monday,32.1714273263659,56.7239574164585,45.4005986556424,-9.82457476642783,2,DC Fast Charger,Casual Driver,75,50.8714295052256,1.4353439661708,24.5525300900926,0.210316699296114,73.3773288758577,0.0179982648235104,8.79207876721013
User_1130,Nissan Leaf,75,Station_479,Los Angeles,2024-02-17 01:00:00,2024-02-17 01:35:00,55.0952558411049,1.28943898811269,45.2106299385636,8.63187881576172,Evening,Sunday,54.1634765497934,56.6962175600798,100.840390593334,3.28741787515021,3,Level 1,Commuter,75,34.3773925876549,0.156671907299172,2.53274101028637,21.7532134621516,72.5478832921605,0.588963879501747,1.83029172029183
User_1131,Nissan Leaf,102.399371297483,Station_254,New York,2024-02-17 02:00:00,2024-02-17 03:07:00,38.1882110996922,3.22782677406162,23.196373698661,8.64436668530879,Night,Tuesday,40.6290237355954,62.7952021414828,72.3223035320028,21.1813874758933,6,Level 2,Commuter,75,44.5282321983034,0.226362179227046,22.1661784058873,1.72281438867917,71.6210409570786,0.165187989007771,1.89383847657074
User_1132,Tesla Model 3,60.3092024506012,Station_162,Chicago,2024-02-17 03:00:00,2024-02-17 06:18:00,41.1316872296736,0.632630270093986,46.5433562989215,10.6811951729754,Morning,Thursday,64.748368099865,92.6945687641679,224.559916595535,11.1337410480805,4.43515222917179,Level 2,Commuter,75,26.4387239251013,0.259682884228238,27.9462006643029,1.47181678553583,71.6210409570786,0.907791114758278,5.45953574288417
User_1133,Hyundai Kona,100,Station_327,San Francisco,2024-02-17 04:00:00,2024-02-17 06:09:00,55.1998384027054,1.70111735461316,26.9703425850066,13.322594738905,Afternoon,Tuesday,28.6872206603491,81.1118879212153,152.259866990807,15.3031624718263,6,Level 2,Casual Driver,75,53.4845845047382,0.241352060520743,52.4246672608661,1.05293636158013,71.6210409570786,0.453067491972108,2.75833899874868
User_1134,BMW i3,75,Station_420,New York,2024-02-17 05:00:00,2024-02-17 05:56:00,72.3112163596568,0.945380179243845,34.2616681474354,23.893749111009,Afternoon,Saturday,59.4911080086737,92.3129306095474,54.1387097832532,8.41258160997379,0,Level 1,Casual Driver,75,30.3816689934947,0.330429362329736,32.8218226008737,2.20314445175668,72.5478832921605,1.05432481552089,0.748690348589651
User_1135,Chevy Bolt,75,Station_402,New York,2024-02-17 06:00:00,2024-02-17 09:52:00,37.4938057021813,1.85476869010553,15.8000041642161,7.39268749555185,Night,Tuesday,86.5444515586952,93.3817789113934,215.899553565352,0.400354872750361,7,DC Fast Charger,Casual Driver,75,10.0916613309786,0.19717090215576,6.83732735269828,5.48369322808345,73.3773288758577,0.275491288418384,5.75827258721811
User_1136,Nissan Leaf,62,Station_38,Los Angeles,2024-02-17 07:00:00,2024-02-17 08:38:00,55.3749542907103,3.13620897799174,18.0502374872266,8.62349853705575,Afternoon,Monday,57.069500659534,92.4203899406728,270.036518263763,-2.64224339119024,2,DC Fast Charger,Long-Distance Traveler,75,32.1978745053495,0.155729221766643,35.3508892811388,1.56643737729832,73.3773288758577,0.24062818136941,4.87650999847533
User_1137,Nissan Leaf,75,Station_443,Chicago,2024-02-17 08:00:00,2024-02-17 09:26:00,33.467398984964,3.38615508753523,18.9429760365075,33.2242609002285,Morning,Tuesday,44.2543230491489,91.0601925500575,40.3186172288753,26.8277321001096,6,Level 1,Commuter,75,41.8092577131384,0.992735076757989,46.8058695009086,0.715025686774483,72.5478832921605,0.136235525229974,1.20471319707245
User_1138,Chevy Bolt,85,Station_393,San Francisco,2024-02-17 09:00:00,2024-02-17 09:46:00,53.3595201845562,3.38307044563494,11.3141311867282,23.057865226299,Afternoon,Saturday,29.8771683762275,95.5354366537743,152.259866990807,3.50741368549718,0,Level 2,Commuter,75,52.5921237178294,0.432122799203366,65.6582682775468,0.812685463451427,71.6210409570786,0.22022176835286,2.85347144172551
User_1141,Hyundai Kona,85,Station_200,Houston,2024-02-17 12:00:00,2024-02-17 13:48:00,45.4534488521107,1.44109089297767,28.1940420642354,39.5970500761844,Night,Sunday,18.3061668808896,66.4284764240915,131.054240988017,28.5136944456939,7,DC Fast Charger,Commuter,75,61.2703748393328,0.871156118538311,48.122309543202,0.944540053949504,73.3773288758577,0.429846673009757,2.883262861184
User_1142,Hyundai Kona,100,Station_255,New York,2024-02-17 13:00:00,2024-02-17 15:19:00,31.7286822859081,2.29461499647853,37.5032020708067,28.3768605400987,Morning,Wednesday,76.8408123665648,87.5587796853026,47.4162115264706,7.58003923341635,0,Level 2,Commuter,75,17.3693907250764,0.894359881837954,10.7179673187379,2.96032646324997,71.6210409570786,0.193064124288882,1.49442737959307
User_1143,Tesla Model 3,62,Station_179,San Francisco,2024-02-17 14:00:00,2024-02-17 14:42:00,76.1647884421097,2.4754102392871,32.5574582250251,26.76560963437,Evening,Friday,24.9284974129624,79.5576146482545,82.9998086953748,38.5032721628335,4,Level 2,Long-Distance Traveler,75,56.3036269402782,0.351417107325305,54.6291172352921,1.39421598401566,71.6210409570786,0.429602132239981,1.08973989678262
User_1144,Nissan Leaf,75,Station_35,Houston,2024-02-17 15:00:00,2024-02-17 17:48:00,59.1686433563195,2.76562165697151,15.2225135277999,18.8169947744244,Afternoon,Thursday,50.510105966824,68.5977643663638,156.810239423438,29.0636877246725,1,DC Fast Charger,Long-Distance Traveler,75,37.117420524882,0.318023089715046,18.0876583995397,3.27121632050643,73.3773288758577,0.291566045137367,2.65022536479518
User_1145,Hyundai Kona,119.5,Station_82,Los Angeles,2024-02-17 16:00:00,2024-02-17 18:33:00,15.1040333817998,2.89156278411408,5.05245749235457,22.0121743513033,Night,Monday,51.4831862975265,72.7034880474842,152.888191331171,18.9740928464402,6,Level 1,Commuter,75,36.3876102768551,1.45737061054352,21.2203017499577,0.711772790027828,72.5478832921605,0.072000508661884,10.1223419908089
User_1146,BMW i3,62,Station_389,Chicago,2024-02-17 17:00:00,2024-02-17 19:18:00,66.2465378069102,1.25419967680045,37.4623441858559,13.3689815775936,Evening,Friday,43.8514817077182,61.6484960157767,152.262218696165,8.95412606669143,3,Level 1,Casual Driver,75,42.1113887192113,0.201806494651243,17.7970143080584,3.72233997569548,72.5478832921605,0.728067685509625,2.29841775490163
User_1147,Chevy Bolt,75,Station_398,New York,2024-02-17 18:00:00,2024-02-17 19:59:00,30.7261607375448,3.00089595507502,11.2157892801054,37.9646622930957,Night,Tuesday,41.8955593159755,79.1612825845786,207.481770878926,-4.44625676777479,5,DC Fast Charger,Commuter,75,43.5783305130184,1.23558106127806,37.2657232686031,0.824515346611614,73.3773288758577,0.139538953552284,6.75260969475438
User_1148,BMW i3,85,Station_220,San Francisco,2024-02-17 19:00:00,2024-02-17 20:55:00,77.6930455652675,3.62437178670716,21.4362792057417,21.988590474694,Night,Thursday,11.3012059293955,80.9986911640557,15.2151365718444,-8.37400620339191,0,Level 2,Commuter,75,66.5240955529534,0.283018773620119,69.6974852346603,1.11471806053959,71.6210409570786,0.299301419237793,0.195836531585862
User_1149,Nissan Leaf,100,Station_158,Houston,2024-02-17 20:00:00,2024-02-17 22:01:00,77.1250079136872,1.23352468678418,39.4290961711839,29.7852536615688,Morning,Friday,62.3226405585259,81.4071988746563,272.795171318539,-3.66357990871552,1,Level 1,Casual Driver,75,28.2580195811056,0.386194497314052,19.0845583161304,4.04122571956517,72.5478832921605,0.861832029551554,3.53705210148998
User_1151,Tesla Model 3,75,Station_167,New York,2024-02-17 22:00:00,2024-02-17 23:42:00,50.5305305671186,1.02888564702673,34.6362705708349,5.11486262325013,Evening,Sunday,25.3480914297484,63.6622340509478,62.5291527864337,-9.16219872239943,0,DC Fast Charger,Commuter,75,55.9889314276887,0.101223212300456,38.3141426211993,1.31884800520526,73.3773288758577,0.669306204893747,1.2374529237008
User_1152,Nissan Leaf,65.9740460475554,Station_468,Chicago,2024-02-17 23:00:00,2024-02-17 23:33:00,64.9305064614647,3.73257770661465,45.6014006159169,38.4548506063552,Night,Thursday,58.1625276913047,72.858894306165,115.732430904419,26.677244857453,2,Level 2,Long-Distance Traveler,75,31.3781042315215,0.592246275318638,14.6963666148603,4.41813328171943,71.6210409570786,0.242884222101104,1.7824045616078
User_1153,Chevy Bolt,85,Station_448,Los Angeles,2024-02-18 00:00:00,2024-02-18 02:22:00,118.447359391606,3.33994283037368,39.4049524949654,11.0830521130831,Afternoon,Sunday,34.0716938735607,98.8666891442348,152.259866990807,32.3110485299237,5,Level 2,Commuter,75,49.4462295948295,0.0935694317712964,64.794995270674,1.82803253394502,71.6210409570786,0.49516019041598,1.28546442717572
User_1154,Tesla Model 3,62,Station_409,Chicago,2024-02-18 01:00:00,2024-02-18 02:15:00,55.628496671744,1.37617097307136,8.17996433550626,25.7178187547204,Afternoon,Tuesday,50.6275882579327,53.2486971239488,294.293232825895,14.5645711272612,6,Level 1,Casual Driver,75,37.0293088065505,0.462313747331295,2.62110886601608,21.2232682865614,72.5478832921605,0.557185985798417,5.2903323014907
User_1155,Nissan Leaf,85,Station_412,Chicago,2024-02-18 02:00:00,2024-02-18 02:47:00,41.9932621950086,1.197691869919,6.48334058034909,30.3797119303589,Afternoon,Saturday,46.3547893259828,91.106881276485,54.2680912157973,37.2898299695376,4,Level 1,Long-Distance Traveler,75,40.2339080055129,0.72344253202529,44.7520919505022,0.93835305490199,72.5478832921605,0.483292178186683,1.29230472650081
User_1156,Chevy Bolt,27.5,Station_204,Chicago,2024-02-18 03:00:00,2024-02-18 04:12:00,38.6971865672191,0.550017695142451,30.8468188828167,12.7321218511562,Evening,Thursday,27.7905264143274,54.736929965126,384.690568598877,36.6631707985574,5,Level 1,Long-Distance Traveler,75,54.1571051892544,0.329019315888503,26.9464035507986,1.43607982765746,72.5478832921605,0.969790630238891,9.94104746944972
User_1157,Tesla Model 3,84.6317031883995,Station_194,New York,2024-02-18 04:00:00,2024-02-18 07:57:00,62.2626563540275,1.70460159108737,23.5778507170729,17.185510405043,Morning,Monday,34.7020621089598,51.2840131929517,299.662950763873,9.25014840525521,2,Level 2,Casual Driver,75,48.9734534182801,0.276016338065078,16.5819510839919,3.75484501423571,71.6210409570786,0.509992896484849,4.81288413170135
User_1158,Tesla Model 3,62,Station_235,New York,2024-02-18 05:00:00,2024-02-18 08:10:00,35.8441390932747,3.79498958192345,34.7409837027233,13.9071817693821,Evening,Friday,55.960807961989,87.1055679955716,263.576208613322,9.18785717676932,6,DC Fast Charger,Casual Driver,75,33.0293940285083,0.387990397347594,31.1447600335826,1.15088827316778,73.3773288758577,0.128719892285679,7.35339766223527
User_1159,Nissan Leaf,100,Station_206,Los Angeles,2024-02-18 06:00:00,2024-02-18 08:02:00,55.4688368215232,3.54037901210565,26.4842669803255,14.828912403144,Morning,Friday,38.4751768013842,82.2983627511971,76.9265446056406,1.35850552136857,0,Level 1,Long-Distance Traveler,75,46.1436173989619,0.267337720653085,43.8231859498129,1.26574176704193,72.5478832921605,0.215960615041333,1.3868425770881
User_1160,Hyundai Kona,62,Station_150,Chicago,2024-02-18 07:00:00,2024-02-18 09:12:00,19.7215400107307,1.48328103419777,47.6091159929346,9.04098772412577,Afternoon,Friday,58.6900959438949,84.5528682061711,32.3236253897121,35.7695267732235,1.41310712998362,Level 1,Commuter,75,30.9824280420788,0.45843213659818,25.8627722622762,0.762545476978771,72.5478832921605,0.18327052993114,1.63900108065214
User_1161,Tesla Model 3,28.5921755201504,Station_159,New York,2024-02-18 08:00:00,2024-02-18 10:33:00,68.4502567548048,2.18614918192937,14.9718014382888,14.5028474358261,Afternoon,Thursday,26.459694563687,98.7902210104722,61.8089732087079,18.5992937371367,4.38750096917324,Level 1,Commuter,75,55.1552290772348,0.211874259110184,72.3305264467852,0.946353636803193,72.5478832921605,0.431589172836032,0.902976499125685
User_1162,Tesla Model 3,62,Station_279,Los Angeles,2024-02-18 09:00:00,2024-02-18 09:39:00,79.9497441119814,1.65916070253285,10.8873235396595,17.6231393464115,Morning,Tuesday,52.1351750259192,93.0171530580063,176.221328496494,34.4286992380146,6,DC Fast Charger,Long-Distance Traveler,75,35.8986187305606,0.220427714211664,40.8819780320871,1.95562318558146,73.3773288758577,0.656699562523111,2.20415125093671
User_1163,Chevy Bolt,85,Station_304,Los Angeles,2024-02-18 10:00:00,2024-02-18 11:42:00,60.4689867258687,3.71738986284209,28.7533543434189,19.6492841308372,Afternoon,Thursday,33.6792396220635,78.9085482736939,147.735925103746,-2.66010320291666,1,Level 1,Commuter,75,49.7405702834524,0.324948129524903,45.2293086516304,1.33694253855655,72.5478832921605,0.224217670021887,2.44316852494147
User_1164,BMW i3,75,Station_404,Chicago,2024-02-18 11:00:00,2024-02-18 14:36:00,35.382659528534,1.71782801500847,23.7716354952332,16.0843395412014,Evening,Thursday,54.4814621168762,70.4598484096474,33.6877992152821,33.8935713838192,5,Level 1,Long-Distance Traveler,75,34.1389034123429,0.454582548500355,15.9783862927713,2.2144075678369,72.5478832921605,0.283913502001874,0.952099126073744
User_1165,Nissan Leaf,62,Station_381,San Francisco,2024-02-18 12:00:00,2024-02-18 13:00:00,37.6880276654545,0.602417382085663,45.3645145607145,33.8118598929074,Morning,Sunday,17.9697424759728,67.4566871469185,172.101938268208,26.0669617544068,1,Level 2,Casual Driver,75,61.5226931430204,0.897151217172874,49.4869446709457,0.761575157166279,71.6210409570786,0.873504781681589,4.56648832345133
User_1166,Nissan Leaf,110.6581279246,Station_166,Chicago,2024-02-18 13:00:00,2024-02-18 16:05:00,20.7934392878708,1.47066972117344,30.185692832979,16.0761866014675,Afternoon,Saturday,33.5504287102352,93.6463649155537,155.78441572644,13.659919053697,6,Level 2,Commuter,75,49.8371784673236,0.773137448735817,60.0959362053185,0.346004082819007,71.6210409570786,0.197410636493942,7.49199848902881
User_1167,Hyundai Kona,100,Station_311,San Francisco,2024-02-18 14:00:00,2024-02-18 15:29:00,53.3628947015147,3.79981920796368,38.6255455947069,13.6119194710826,Night,Friday,33.266651605279,92.0364541229387,42.1394142245407,29.8801964716693,4,Level 2,Commuter,75,50.0500112960408,0.255082104282776,58.7698025176597,0.907998536926847,71.6210409570786,0.196081137417708,0.789676318352808
User_1168,Hyundai Kona,100,Station_68,Los Angeles,2024-02-18 15:00:00,2024-02-18 17:40:00,24.2673354533422,1.64042403826451,30.4857736729018,15.8063545209507,Afternoon,Tuesday,74.6842236981937,79.5301744761991,80.3185700237155,11.6973597285185,6,DC Fast Charger,Long-Distance Traveler,75,18.9868322263547,0.65134281228942,4.84595077800535,5.00775525073141,73.3773288758577,0.201606286689326,3.30973996622499
User_1170,Hyundai Kona,100,Station_88,Houston,2024-02-18 17:00:00,2024-02-18 20:32:00,27.7060677853424,2.85834951017288,45.3267445901366,38.0364261589144,Afternoon,Tuesday,46.4830291851564,98.6273440219893,104.861672806045,19.0292878142335,4,Level 1,Commuter,75,40.1377281111327,1.37285545006271,52.1443148368329,0.531334391333719,72.5478832921605,0.133608723529443,3.78479088474334
User_1171,Chevy Bolt,50,Station_217,Los Angeles,2024-02-18 18:00:00,2024-02-18 18:43:00,76.6873122262243,0.729882924801661,45.7583138593196,35.2653949331296,Night,Sunday,33.2942451799132,52.0392625288899,190.937931483079,38.7386252360478,1,Level 1,Commuter,75,50.0293161150651,0.459859576628507,18.7450173489767,4.09107715391955,72.5478832921605,1.44825676992647,2.4898242739271
User_1172,Nissan Leaf,50,Station_1,New York,2024-02-18 19:00:00,2024-02-18 22:35:00,45.3645778763302,0.564110225255038,25.0414603049685,33.7126471938539,Afternoon,Thursday,39.0823259911662,91.7337060840182,109.931914967619,37.3308219794937,5,DC Fast Charger,Commuter,75,45.6882555066254,0.743149143496033,52.651380092852,0.861602825915079,73.3773288758577,1.09595066326926,2.42329853189216
User_1173,Hyundai Kona,50,Station_135,Los Angeles,2024-02-18 20:00:00,2024-02-18 22:52:00,27.4980431115899,1.37449638556292,46.4773429469863,8.15486447929133,Night,Monday,61.5644479971477,63.289723674442,97.4623688126496,12.4097958883717,3,DC Fast Charger,Casual Driver,75,28.8266640021392,0.296561629720269,1.72527567729426,15.9383474035379,73.3773288758577,0.272644215568368,3.54433835226518
User_1174,Nissan Leaf,100,Station_185,Chicago,2024-02-18 21:00:00,2024-02-18 21:31:00,74.7069308769886,3.68149298030484,33.4636256584321,38.7661735229849,Morning,Tuesday,56.9081974260111,90.2379699295272,166.683144268699,7.88410549798378,1,Level 1,Commuter,75,32.3188519304917,0.518910000289221,33.3297725035161,2.24144736868838,72.5478832921605,0.279712691759801,2.23116037979337
User_1175,BMW i3,100,Station_351,San Francisco,2024-02-18 22:00:00,2024-02-18 22:53:00,37.5204525057151,2.7818402074446,24.9840129541512,12.9776430068004,Morning,Friday,23.1739936413617,79.1515553167653,27.7168828497785,-7.64781677356655,0,DC Fast Charger,Commuter,75,57.6195047689788,0.345881836175181,55.9775616754037,0.670276649834884,73.3773288758577,0.183812054489352,0.738713981276123
User_1177,Nissan Leaf,75,Station_106,New York,2024-02-19 00:00:00,2024-02-19 01:33:00,9.51652733339272,1.27837002429211,48.5764910999999,15.1412811072634,Afternoon,Wednesday,18.2622148224867,88.4141299814208,207.104987329251,27.8309309093903,0,Level 2,Casual Driver,75,61.303338883135,1.59105108164129,70.1519151589341,0.135655987606787,71.6210409570786,0.103939660004422,21.7626640552522
User_1179,Hyundai Kona,50,Station_108,Houston,2024-02-19 02:00:00,2024-02-19 04:09:00,5.75552464949236,2.29044668781759,39.1270254023189,34.3996918477494,Evening,Monday,63.6155686964407,73.807350446242,107.669044253443,18.9627122029709,3,DC Fast Charger,Commuter,75,27.2883234776695,5.97681253103198,10.1917817498013,0.564722125216678,73.3773288758577,0.0342454464458009,18.7070772536678
User_1180,Tesla Model 3,100,Station_178,Chicago,2024-02-19 03:00:00,2024-02-19 05:23:00,13.0035394995327,1.70467338241625,41.1849426735098,18.4080419590081,Evening,Sunday,40.694992131074,57.6660089315608,245.858001075849,39.6319087923728,6,Level 2,Casual Driver,75,44.4787559016945,1.41561779849784,16.9710168004868,0.766220412860567,71.6210409570786,0.106507397395408,18.907006133575
User_1181,Nissan Leaf,62,Station_298,San Francisco,2024-02-19 04:00:00,2024-02-19 04:53:00,21.3515738357886,2.85721434029614,21.4961633674248,19.2955810356807,Evening,Wednesday,49.3231395412158,56.1836318727429,29.2593973350365,2.50120197003639,6,Level 1,Commuter,75,38.0076453440882,0.903707669705276,6.86049233152716,3.11225095867657,72.5478832921605,0.103005953296746,1.37036255781731
User_1182,BMW i3,100,Station_358,Chicago,2024-02-19 05:00:00,2024-02-19 08:04:00,48.8466506685015,1.66397033342456,7.24394795566794,17.9329540422737,Night,Monday,22.7103211356323,62.0700735053642,107.308205915444,-0.336715469619522,3,DC Fast Charger,Casual Driver,75,57.9672591482758,0.367127608481817,39.3597523697318,1.24103043661589,73.3773288758577,0.400062010262725,2.19683856409507
User_1183,Hyundai Kona,100,Station_380,Houston,2024-02-19 06:00:00,2024-02-19 09:14:00,9.20601269477532,2.85881771415007,14.8329170195342,34.4481238147599,Morning,Thursday,46.6079304643095,66.1467880622194,280.543685350473,18.4559416321345,7,DC Fast Charger,Casual Driver,75,40.0440521517679,3.74191574103631,19.5388575979099,0.471164327220446,73.3773288758577,0.0438857178586064,30.4739624690818
User_1184,Nissan Leaf,75,Station_396,New York,2024-02-19 07:00:00,2024-02-19 09:00:00,19.9367071824027,1.90648318507827,26.7490781873189,37.0187312755173,Morning,Monday,12.434282853172,139.897408053002,105.657247269816,3.36921262179841,3,Level 2,Casual Driver,75,65.674287860121,1.8568127091816,127.46312519983,0.156411567276002,71.6210409570786,0.146009065783547,5.29963380126662
User_1185,Hyundai Kona,62,Station_359,Los Angeles,2024-02-19 08:00:00,2024-02-19 11:16:00,29.3296022161151,1.05436241415447,27.817382166108,12.4269039430741,Evening,Thursday,43.4350165540732,56.1884290297,122.295408178486,12.786009352545,2,Level 1,Casual Driver,75,42.4237375844451,0.423698345838668,12.7534124756268,2.29974544241923,72.5478832921605,0.383434786843932,4.16969201550544
User_1186,Chevy Bolt,85,Station_146,San Francisco,2024-02-19 09:00:00,2024-02-19 12:40:00,76.1877878830723,2.85023834511362,14.9840514306149,22.6461029653265,Morning,Sunday,10.2853146143676,76.7337354091644,69.1865868347917,15.2473496498263,0,Level 1,Casual Driver,75,67.2860140392243,0.297240589267169,66.4484207947969,1.14657033187218,72.5478832921605,0.368450745711335,0.908105993850017
User_1187,Tesla Model 3,75,Station_450,Houston,2024-02-19 10:00:00,2024-02-19 13:56:00,72.940731657215,3.6092298196664,13.8250355871206,35.8588698534994,Night,Friday,44.0863193491431,61.9372505168958,19.3083157406727,38.6669633098296,6,DC Fast Charger,Casual Driver,75,41.9352604881427,0.491616536313595,17.8509311677528,4.08610234232378,73.3773288758577,0.275418862440699,0.264712394597467
User_1188,Chevy Bolt,75,Station_74,San Francisco,2024-02-19 11:00:00,2024-02-19 11:55:00,24.5416974489837,1.71289374417234,14.3276239594431,31.0577462826702,Evening,Friday,18.6344684210162,76.455934052649,81.7385618144636,-1.6381935602543,4.59227825591191,Level 2,Long-Distance Traveler,75,61.0241486842379,1.26550929687043,57.8214656316328,0.424439214414473,71.6210409570786,0.200047692242136,3.33059935990078
User_1189,Nissan Leaf,85,Station_463,Chicago,2024-02-19 12:00:00,2024-02-19 13:34:00,7.44681660547852,3.48143816901981,2.13900584871658,15.1342263078804,Night,Wednesday,65.871422799937,84.108926303317,30.9222163342432,10.5068843634509,2.07784651744736,Level 1,Long-Distance Traveler,75,25.5964329000473,2.03230818075289,18.23750350338,0.408324341327659,72.5478832921605,0.0294840559317562,4.15240739398552
User_1190,BMW i3,85,Station_478,San Francisco,2024-02-19 13:00:00,2024-02-19 15:29:00,17.1990390321591,1.66318013077113,10.341056097264,38.8861741410318,Night,Saturday,24.0738343464226,76.8111578328771,160.293924510314,-4.25353292281564,1,Level 2,Commuter,75,56.9446242401831,2.26095039777058,52.7373234864545,0.326126505767336,71.6210409570786,0.144385727421376,9.3199349225613
User_1191,Hyundai Kona,50,Station_108,Houston,2024-02-19 14:00:00,2024-02-19 14:33:00,49.582417076013,2.28783225499038,21.6722257358949,8.33103498605557,Afternoon,Saturday,58.6873669284134,84.9600964622972,116.655078469036,-3.11253616898511,1,DC Fast Charger,Casual Driver,75,30.9844748036899,0.168023978606843,26.2727295338838,1.88721986469152,73.3773288758577,0.295353157002495,2.35275094173396
User_1193,Hyundai Kona,85,Station_17,Los Angeles,2024-02-19 16:00:00,2024-02-19 16:30:00,18.0170510054614,2.46160371595416,43.7011682597356,17.7845529712358,Afternoon,Sunday,71.4107585724932,76.2213617226512,28.549203892746,19.1656007033995,4,DC Fast Charger,Long-Distance Traveler,75,21.4419310706301,0.987095666535262,4.81060315015795,3.74527901036066,73.3773288758577,0.0997478792580116,1.58456585842444
User_1194,Nissan Leaf,75,Station_196,San Francisco,2024-02-19 17:00:00,2024-02-19 18:19:00,59.1266293421123,2.42141122245149,6.93861407894111,37.9858005656923,Evening,Thursday,47.3785905847825,51.0706197802413,238.736360988513,19.7452343450093,0,Level 1,Commuter,75,39.4660570614131,0.642448267191131,3.69202919545877,16.0146700396732,72.5478832921605,0.336581177251553,4.03771301771934
User_1195,Hyundai Kona,85,Station_327,New York,2024-02-19 18:00:00,2024-02-19 20:19:00,35.8666809908771,4.22666787321502,32.7973204447212,25.0307755009488,Night,Friday,83.5156860377687,85.7018784864065,258.031717140464,8.25348165367682,5.35218807625566,DC Fast Charger,Commuter,75,12.3632354716735,0.697883796588694,2.18619244863777,16.4060035122827,73.3773288758577,0.115646147291664,7.19418998390444
User_1196,Tesla Model 3,62,Station_318,San Francisco,2024-02-19 19:00:00,2024-02-19 21:48:00,5.20011260069647,1.88766400053186,49.3332345217414,30.865446026333,Morning,Sunday,18.9835777127918,89.6446355502216,179.292690195347,37.5767267241791,2.39606032853154,Level 1,Long-Distance Traveler,75,60.7623167154061,5.935534169433,70.6610578374298,0.0735923401070557,72.5478832921605,0.0379719856911826,34.4786168998214
User_1197,Nissan Leaf,50,Station_297,Chicago,2024-02-19 20:00:00,2024-02-19 21:43:00,28.7722740273501,1.19290639437239,25.7987926267593,17.0200983626412,Evening,Friday,27.9853552471572,69.4963780867318,163.039032397141,37.4853473103662,6,Level 2,Long-Distance Traveler,75,54.0109835646321,0.591545122448869,41.5110228395745,0.693123706889729,71.6210409570786,0.336765188840937,5.66653272668545
User_1198,Hyundai Kona,75,Station_479,Los Angeles,2024-02-19 21:00:00,2024-02-20 00:36:00,61.9080171690454,3.09976792162395,37.7744226543929,31.222746192925,Night,Friday,18.2161353089097,88.0554220877311,291.180904763547,18.7748848685499,3,Level 1,Casual Driver,75,61.3378985183177,0.504340917714559,69.8392867788214,0.886435415142568,72.5478832921605,0.275291605808015,4.70344420769368
User_1199,BMW i3,100,Station_499,Los Angeles,2024-02-19 22:00:00,2024-02-19 23:31:00,35.0176065228241,2.84881561073572,12.5407429267455,26.8282276724864,Night,Wednesday,19.0693652987587,77.5869165128687,49.6656377085532,10.2048762583499,3,Level 1,Long-Distance Traveler,75,60.697976025931,0.766135391206708,58.5175512141101,0.598412028464726,72.5478832921605,0.169432754877337,1.41830475124511
User_1200,Nissan Leaf,50,Station_252,Los Angeles,2024-02-19 23:00:00,2024-02-20 00:50:00,14.8044887425456,2.61406298801312,27.4992475288044,33.9939341824469,Morning,Friday,19.598024652744,82.0335384117832,58.8701636930474,27.2221578088572,3,DC Fast Charger,Casual Driver,75,60.301481510442,2.29619102514186,62.4355137590392,0.237116471879792,73.3773288758577,0.0771819004067941,3.97650771443829
User_1201,Nissan Leaf,75,Station_487,New York,2024-02-20 00:00:00,2024-02-20 03:13:00,65.1029187406595,1.02082525851514,47.4397521488561,31.701056437042,Afternoon,Saturday,17.2539720490359,99.6717975680798,41.2560970987216,10.9263118325434,4,Level 1,Commuter,75,62.0595209632231,0.486937560561987,82.4178255190439,0.789913084101163,72.5478832921605,0.879071715288864,0.633705798400026
User_1202,BMW i3,75,Station_119,New York,2024-02-20 01:00:00,2024-02-20 02:25:00,18.1209510268272,3.4058132765696,35.1640343598513,15.3650107540497,Night,Tuesday,41.0815552302946,146.759451377332,277.015089890871,4.59963282797691,7,Level 1,Casual Driver,75,44.188833577279,0.847914148175917,105.677896147037,0.171473427154665,72.5478832921605,0.0733390714201833,15.2870061555138
User_1203,Chevy Bolt,86.7180938153278,Station_162,Houston,2024-02-20 02:00:00,2024-02-20 04:20:00,61.631049659126,2.94291616568972,20.391192291148,32.9641911513671,Night,Wednesday,23.3578180837752,96.4088830142522,83.9199184633603,-6.98333724207884,3,Level 1,Long-Distance Traveler,75,57.4816364371686,0.534863373797592,73.051064930477,0.843670789984794,72.5478832921605,0.288666859971239,1.36164999505138
User_1204,Tesla Model 3,75,Station_198,San Francisco,2024-02-20 03:00:00,2024-02-20 03:50:00,71.8059193887291,3.73626617495705,39.467878783943,21.0067838005533,Morning,Monday,49.8993023650644,60.3916948374719,55.9747744202575,-0.831142270591686,2,DC Fast Charger,Casual Driver,75,37.5755232262017,0.292549471956912,10.4923924724075,6.84361737111545,73.3773288758577,0.261915102127152,0.779528692018161
User_1206,Hyundai Kona,100,Station_486,Chicago,2024-02-20 05:00:00,2024-02-20 05:38:00,45.8589990522654,1.30932928086863,47.5037379710351,35.5479404264657,Night,Wednesday,26.4472573165089,50.8829088521328,85.0047786817472,7.15970337336454,4,Level 2,Long-Distance Traveler,75,55.1645570126184,0.775157355396088,24.4356515356239,1.87672503781653,71.6210409570786,0.489029504639964,1.85361173245119
User_1207,BMW i3,100,Station_45,Los Angeles,2024-02-20 06:00:00,2024-02-20 08:48:00,55.691891653122,2.87081371355388,3.85623031040541,5.43370123934092,Afternoon,Sunday,25.9129432966516,91.2442559840338,152.259866990807,11.353634993767,0,Level 2,Casual Driver,75,55.5652925275113,0.0975671875752548,65.3313126873822,0.852453277949795,71.6210409570786,0.270860907098191,2.73396831156608
User_1208,Chevy Bolt,61.9533663515701,Station_314,New York,2024-02-20 07:00:00,2024-02-20 10:52:00,23.0504562383965,3.66190084312558,36.7698740294614,9.6441703587217,Afternoon,Wednesday,36.1435348086236,50.5908667889105,286.378821354338,-7.85826992507304,2,DC Fast Charger,Commuter,75,47.8923488935323,0.418393903312717,14.4473319802869,1.59548186958315,73.3773288758577,0.0857849390898931,12.4239979630989
User_1210,Hyundai Kona,75,Station_382,Chicago,2024-02-20 09:00:00,2024-02-20 11:38:00,21.0535794047848,1.46176798262877,6.30606600118747,46.1729174388124,Afternoon,Tuesday,50.7098192285021,64.136523499597,135.637112117563,26.19334143943,5,DC Fast Charger,Long-Distance Traveler,75,36.9676355786234,2.19311484052535,13.4267042710949,1.56803776859145,73.3773288758577,0.196284316104432,6.44247277433198
User_1211,Hyundai Kona,100,Station_418,New York,2024-02-20 10:00:00,2024-02-20 12:27:00,8.7890170004251,2.91246033861565,3.01772933484914,15.6622141050002,Night,Tuesday,49.8237437627007,86.7648339401394,98.6602453811966,-9.1244759292546,1,Level 1,Long-Distance Traveler,75,37.6321921779745,1.78202114118595,36.9410901774388,0.237919805782907,72.5478832921605,0.0415963801824006,11.2254015865966
User_1212,Chevy Bolt,62,Station_44,San Francisco,2024-02-20 11:00:00,2024-02-20 14:47:00,97.6677653925048,2.81904142530882,34.0061329312294,14.8734706655078,Afternoon,Saturday,31.7169107119339,63.9957680268273,249.072370606466,-7.75474856863664,5,DC Fast Charger,Long-Distance Traveler,75,51.2123169660496,0.152286382367147,32.2788573148934,3.02575039877391,73.3773288758577,0.472158590017164,2.55020036145498
User_1213,Chevy Bolt,100,Station_271,Los Angeles,2024-02-20 12:00:00,2024-02-20 15:54:00,39.9457963197489,2.7059941382372,34.1015981435489,29.244883247425,Night,Tuesday,15.0737059664265,98.6113298985728,132.786642881696,-5.49904890739153,1,Level 1,Casual Driver,75,63.6947205251802,0.732114163235908,83.5376239321464,0.478177310288295,72.5478832921605,0.203478949145583,3.32417062908939
User_1214,BMW i3,86.1664884699101,Station_78,San Francisco,2024-02-20 13:00:00,2024-02-20 14:25:00,41.0129204062906,3.06954230656954,35.2395942942645,43.3741086244422,Morning,Friday,56.9306767298707,79.675049546326,223.720025767113,31.5890578006769,2,Level 1,Commuter,75,32.301992452597,1.05757181382747,22.7443728164553,1.803211754277,72.5478832921605,0.184171457907216,5.45486699193454
User_1216,Chevy Bolt,100,Station_178,Los Angeles,2024-02-20 15:00:00,2024-02-20 16:06:00,52.2843722931818,1.77280690016062,23.8767315716713,23.7032935370141,Night,Sunday,21.8586201788913,79.2646288282464,41.2915566496574,6.38556097661146,6,DC Fast Charger,Long-Distance Traveler,75,58.6060348658315,0.453353315673355,57.406008649355,0.910782225124604,73.3773288758577,0.401928281978269,0.789749495664158
User_1217,Chevy Bolt,75,Station_357,Houston,2024-02-20 16:00:00,2024-02-20 19:24:00,77.6323456919352,3.306874017579,11.1790145608621,10.9063832718371,Evening,Friday,54.6438592996614,58.0181847754659,101.402912194819,2.211083949613,2,DC Fast Charger,Commuter,75,34.017105525254,0.140487617302153,3.37432547580448,23.0067746127622,73.3773288758577,0.319936036747434,1.30619410364349
User_1218,Nissan Leaf,50,Station_498,Chicago,2024-02-20 17:00:00,2024-02-20 19:00:00,14.1753931971606,2.2061443291044,21.8573896174048,23.9202863749785,Night,Saturday,18.1393775166187,64.3440948896675,295.959330918573,8.0139996180962,7,Level 1,Long-Distance Traveler,75,61.395466862536,1.68745134912871,46.2047173730488,0.306795366427868,72.5478832921605,0.088567920375581,20.8783860032789
User_1219,Hyundai Kona,62,Station_416,San Francisco,2024-02-20 18:00:00,2024-02-20 20:23:00,28.3375223578577,2.26074687234507,36.286078729713,35.1823865495479,Night,Monday,25.4501795058176,95.7480641005379,85.8856415699136,15.725063881273,7,DC Fast Charger,Casual Driver,75,55.9123653706368,1.24154772972917,70.2978845947203,0.403106331310373,73.3773288758577,0.170823666365217,3.03080983881777
User_1221,Nissan Leaf,75,Station_3,San Francisco,2024-02-20 20:00:00,2024-02-20 22:37:00,45.451115363066,1.13102999850176,12.8170699055564,29.1510189697638,Night,Saturday,59.3130256074532,59.8714787382887,39.8913546289427,37.7313089957772,0,Level 2,Long-Distance Traveler,75,30.5152307944101,0.641370816467404,0.558453130835538,81.3875200145509,71.6210409570786,0.561086464984268,0.877676033036558
User_1222,BMW i3,50,Station_214,New York,2024-02-20 21:00:00,2024-02-21 00:24:00,49.6609254999255,3.59024141613202,17.6633414197914,12.3920871972167,Morning,Monday,68.7110192871899,84.8816129647628,236.731516763396,-4.1375288220774,0,Level 2,Casual Driver,75,23.4667355346075,0.24953395597179,16.1705936775729,3.07106383909705,71.6210409570786,0.193130350019116,4.76695740927645
User_1223,BMW i3,85,Station_342,Chicago,2024-02-20 22:00:00,2024-02-21 00:31:00,23.9420803452144,2.15922475916929,18.8195847720256,23.7723483706654,Night,Saturday,24.1223283242135,90.8302547030802,190.201765640944,-3.24467464505258,3,Level 1,Commuter,75,56.9082537568399,0.992910725713819,66.7079263788667,0.358909077899315,72.5478832921605,0.152840794543443,7.94424556673757
User_1225,Chevy Bolt,50,Station_51,San Francisco,2024-02-21 00:00:00,2024-02-21 03:35:00,8.64128204066474,2.49466293826395,19.6696707930081,21.9786044378673,Night,Friday,13.2484177567993,85.2918386883356,132.613415820896,0.874164656886547,4,DC Fast Charger,Long-Distance Traveler,75,65.0636866824005,2.5434425510519,72.0434209315363,0.119945470785967,73.3773288758577,0.0472067831430691,15.3464977993814
User_1226,BMW i3,75,Station_67,San Francisco,2024-02-21 01:00:00,2024-02-21 02:05:00,11.1396129437221,0.767174747582585,14.5203071123283,37.3396294339549,Morning,Sunday,75.4379475116574,98.8551570193846,246.705819931449,35.7760997496492,5,Level 1,Casual Driver,75,18.421539366257,3.35196829751597,23.4172095077272,0.475701980632927,72.5478832921605,0.200147908573059,22.146713820114
User_1228,Tesla Model 3,64.9253826240447,Station_93,Los Angeles,2024-02-21 03:00:00,2024-02-21 04:33:00,77.2662199543138,3.49812197940979,28.9264850224236,37.5076926051418,Morning,Saturday,34.5923279728126,92.2054104993583,27.6649021494751,11.9953728991686,3,Level 2,Commuter,75,49.0557540203905,0.485434548594709,57.6130825265457,1.34112282429451,71.6210409570786,0.308399800154013,0.358046532699968
User_1229,Chevy Bolt,100,Station_176,Chicago,2024-02-21 04:00:00,2024-02-21 07:48:00,5.99514056456563,3.97697038353899,34.9539017707137,30.4130276249805,Evening,Thursday,36.3980502742153,62.0293982821269,270.663863064804,22.9755636172249,5,DC Fast Charger,Commuter,75,47.7014622943385,5.0729465468645,25.6313480079116,0.233898761887791,73.3773288758577,0.0205440051436909,45.1472088351967
User_1230,Hyundai Kona,54.0322362734471,Station_145,Houston,2024-02-21 05:00:00,2024-02-21 08:19:00,21.2707419055502,3.34235604876027,40.1768507735591,12.1861518481649,Morning,Saturday,23.9711091789969,90.9430258098559,75.7275643893909,31.3468575857633,6,DC Fast Charger,Commuter,75,57.0216681157523,0.57290676095248,66.971916630859,0.317606886223548,73.3773288758577,0.0867297366990272,3.56017503882322
User_1231,Chevy Bolt,62,Station_7,New York,2024-02-21 06:00:00,2024-02-21 07:17:00,38.1386065380393,0.948056228212027,42.5166887569223,21.8128837365027,Evening,Monday,79.2096643366409,147.492130124868,145.034295774126,39.7074294764555,7,Level 1,Casual Driver,75,15.5927517475194,0.571937092529759,68.282465788227,0.558541729531609,72.5478832921605,0.554505655496148,3.80282105035666
User_1232,Nissan Leaf,85,Station_269,Chicago,2024-02-21 07:00:00,2024-02-21 10:51:00,37.9980325281785,2.0607338598297,10.4935196765175,16.6529429968776,Morning,Sunday,21.3100044483814,58.4730880117204,214.384105980759,-1.84483052875803,1,DC Fast Charger,Casual Driver,75,59.0174966637139,0.438258033084428,37.1630835633389,1.02246716054701,73.3773288758577,0.251291214262665,5.64197911620231
User_1233,Tesla Model 3,50,Station_376,Houston,2024-02-21 08:00:00,2024-02-21 09:50:00,12.8931423558239,2.14129995204286,17.3413664562569,18.1439989145007,Morning,Wednesday,78.3928712319015,78.8159074874725,88.5404181051163,20.0551124274617,0,Level 2,Casual Driver,75,16.2053465760739,1.40725964344177,0.423036255571006,30.477629720935,71.6210409570786,0.0840699214605042,6.86724893447887
User_1235,Nissan Leaf,100,Station_4,San Francisco,2024-02-21 10:00:00,2024-02-21 12:58:00,44.9218738015964,1.61607049472164,27.7969766469464,58.2546065714047,Afternoon,Thursday,74.4752322391484,75.8707629981159,58.2822930409158,33.6657614434684,7,Level 2,Long-Distance Traveler,75,19.1435758206387,1.29679823305444,1.39553075896752,32.1898127382241,71.6210409570786,0.388111877117294,1.29741455795739
User_1236,Hyundai Kona,75,Station_138,Los Angeles,2024-02-21 11:00:00,2024-02-21 12:29:00,5.86831919561273,0.890728405098075,21.3262641397792,21.9082759410023,Afternoon,Wednesday,28.900832549971,97.3534358504085,280.976202424097,-1.56248978884614,4,Level 1,Commuter,75,53.3243755875218,3.7333136134417,68.4526033004376,0.085728210654849,72.5478832921605,0.0908120920414313,47.8801839262869
User_1237,Tesla Model 3,62,Station_231,Houston,2024-02-21 12:00:00,2024-02-21 14:50:00,46.9083315611479,1.28160266545902,36.6013061812315,29.7814817951933,Night,Wednesday,76.9602294976735,83.7566214801609,11.7694092452381,12.2356445703051,1,Level 1,Commuter,75,17.2798278767449,0.634886827223247,6.79639198248745,6.90194616231944,72.5478832921605,0.504512392647389,0.25090232062285
User_1238,Tesla Model 3,100,Station_88,San Francisco,2024-02-21 13:00:00,2024-02-21 13:30:00,77.6987902452003,1.22489715742355,26.4237819385554,17.0589933379507,Evening,Friday,52.4986448791676,66.1791906618076,196.289536438755,36.6424900384353,5,Level 2,Long-Distance Traveler,75,35.6260163406243,0.219552882150627,13.68054578264,5.6795095370973,71.6210409570786,0.885674215521677,2.52628819341085
User_1239,Tesla Model 3,85,Station_17,San Francisco,2024-02-21 14:00:00,2024-02-21 15:34:00,94.3653294092101,2.24342180749052,31.6541160003364,38.0945254927084,Night,Saturday,43.8790089369901,62.2593214607764,205.840361617866,19.1191306366685,7,Level 2,Long-Distance Traveler,75,42.0907432972574,0.40369196749702,18.3803125237864,5.13404379207861,71.6210409570786,0.587301208142494,2.18131344325892
User_1240,Tesla Model 3,62,Station_52,Los Angeles,2024-02-21 15:00:00,2024-02-21 16:02:00,43.9582263165824,1.76786258218847,36.0027541713891,10.4322372712749,Afternoon,Tuesday,60.9048652431405,81.0935651372491,49.9121198741989,3.91583302058975,4,DC Fast Charger,Long-Distance Traveler,75,29.3213510676446,0.237321615211293,20.1886998941086,2.17736786158331,73.3773288758577,0.338867375066588,1.13544435379938
User_1241,Tesla Model 3,85,Station_134,Chicago,2024-02-21 16:00:00,2024-02-21 17:07:00,76.4807442018516,1.91272434188377,42.3662466323076,15.6618949330716,Morning,Thursday,27.9459134972956,85.8155236969286,92.3272190157034,5.65211310448925,3,DC Fast Charger,Long-Distance Traveler,75,54.0405648770283,0.20478219840194,57.869610199633,1.32160462007634,73.3773288758577,0.544926366696687,1.20719561478153
User_1242,Hyundai Kona,78.5110777601208,Station_211,San Francisco,2024-02-21 17:00:00,2024-02-21 17:54:00,66.1781952501555,3.26493542259436,5.9231767803574,37.2776160810058,Night,Saturday,40.6217324435223,54.0088661221678,108.140550417582,2.24161690641046,3,DC Fast Charger,Commuter,75,44.5337006673583,0.5632915183029,13.3871336786455,4.94341782481187,73.3773288758577,0.27623482243912,1.63408128627273
User_1244,Nissan Leaf,75,Station_480,New York,2024-02-21 19:00:00,2024-02-21 22:54:00,35.157376755128,0.154300683888405,17.6399445257963,19.955886462562,Night,Tuesday,76.2789265111705,83.5852608342001,31.7911653746794,-6.225485948902,4,Level 2,Long-Distance Traveler,75,17.7908051166222,0.567615911777356,7.30633432302959,4.81190364425453,71.6210409570786,3.18132459623676,0.904253056082814
User_1246,Chevy Bolt,50,Station_393,Houston,2024-02-21 21:00:00,2024-02-22 00:10:00,43.1260381180507,2.76539078980927,5.76663577394962,21.5952525363218,Morning,Friday,69.6187082445591,77.3967344949589,167.617392024328,31.0576168379055,2.12483550308922,Level 2,Commuter,75,22.7859688165807,0.500747424959561,7.77802625039976,5.54459919903642,71.6210409570786,0.217742107194414,3.88668654341727
User_1247,Chevy Bolt,75,Station_219,Los Angeles,2024-02-21 22:00:00,2024-02-22 00:10:00,60.6815383903549,2.21514882059352,15.6314921916854,31.6514265128061,Afternoon,Wednesday,52.4609560124018,69.5846564995619,61.5153080794194,15.9549967324774,2,Level 2,Commuter,75,35.6542829906986,0.521598946770225,17.12370048716,3.54371640848637,71.6210409570786,0.382483799405222,1.01374008819126
User_1248,Nissan Leaf,85,Station_205,New York,2024-02-21 23:00:00,2024-02-22 01:36:00,33.674462342018,2.00887270570938,24.8595519422316,37.3985722875219,Afternoon,Sunday,57.202077728709,71.725309880792,230.790832623249,25.4264019251332,1,Level 1,Casual Driver,75,32.0984417034682,1.11059151910666,14.523232152083,2.31866171313583,72.5478832921605,0.231059328342924,6.85358626603147
User_1249,Hyundai Kona,100,Station_211,New York,2024-02-22 00:00:00,2024-02-22 01:10:00,54.5485916853926,1.60323446506385,19.1028702166911,17.0267698644498,Afternoon,Saturday,65.6513286332472,86.2566855916644,44.4146347157985,26.2295359105458,3,DC Fast Charger,Commuter,75,25.7615035250646,0.312139495051517,20.6053569584172,2.64730146609326,73.3773288758577,0.463686662429354,0.814221473800068
User_1250,BMW i3,62,Station_277,Chicago,2024-02-22 01:00:00,2024-02-22 04:07:00,14.1163070548183,0.940002177246367,21.3831463680001,3.70706661608757,Afternoon,Friday,27.5710393147924,60.9108617766466,262.129415821586,0.669345636145222,5,Level 2,Commuter,75,54.3217205139057,0.262608811333716,33.3398224618542,0.423406785413134,71.6210409570786,0.209677392936292,18.5692628251603
User_1252,Chevy Bolt,50,Station_486,Houston,2024-02-22 03:00:00,2024-02-22 06:26:00,26.5867102154631,1.72443658927356,24.4507632366001,25.2047538132431,Afternoon,Tuesday,77.9754122648209,91.4520201735577,191.387301490816,5.32009146239801,1,Level 1,Long-Distance Traveler,75,16.5184408013844,0.948020782149415,13.4766079087368,1.97280431363051,72.5478832921605,0.212516486457678,7.1986078736249
User_1253,Nissan Leaf,75,Station_4,Chicago,2024-02-22 04:00:00,2024-02-22 05:17:00,65.9222041567611,3.31827423399727,37.5249621955343,8.1972643290975,Evening,Wednesday,34.7118081836323,99.830388857032,31.8154208219257,-0.647557658145761,3,Level 2,Commuter,75,48.9661438622758,0.12434754623199,65.1185806733997,1.01234092443433,71.6210409570786,0.277382345531012,0.482620707679457
User_1254,BMW i3,62,Station_152,New York,2024-02-22 05:00:00,2024-02-22 06:41:00,37.515884236802,0.797132690576063,47.0635374515759,9.58910325534084,Evening,Tuesday,26.1358044921477,69.5948582993561,238.75053370508,-2.56078331311449,7,Level 2,Casual Driver,75,55.3981466308892,0.255601152696122,43.4590538072084,0.863246687404394,71.6210409570786,0.657118869296808,6.3639852441722
User_1255,Chevy Bolt,100,Station_443,Los Angeles,2024-02-22 06:00:00,2024-02-22 09:26:00,20.0746499024756,2.46910522339498,48.0738621964862,13.6568354967988,Afternoon,Tuesday,27.4314451351338,68.0852452771996,35.449160492719,6.23114455249362,0,DC Fast Charger,Casual Driver,75,54.4264161486497,0.680302548893502,40.6538001420658,0.493795163854896,73.3773288758577,0.11080171526251,1.76586693491215
User_1257,BMW i3,75,Station_259,Houston,2024-02-22 08:00:00,2024-02-22 09:25:00,5.89283516358878,1.2359897744455,40.7768269889084,11.6511577942441,Afternoon,Saturday,12.9051791468588,57.5431692743281,100.990054977842,16.8922964836966,1,Level 2,Commuter,75,65.3211156398559,1.97717354563648,44.6379901274693,0.132013899970878,71.6210409570786,0.066568502355764,17.1377702199866
User_1258,Chevy Bolt,75,Station_324,New York,2024-02-22 09:00:00,2024-02-22 10:34:00,48.5249142693432,3.00167086627825,6.02347923905831,6.77100297166373,Morning,Tuesday,53.0672479048354,90.0762314558279,119.990780952621,37.131539818916,6,Level 2,Commuter,75,35.1995640713734,0.139536629247411,37.0089835509925,1.31116582011726,71.6210409570786,0.225715341241328,2.47276646974786
User_1259,Chevy Bolt,100,Station_357,Los Angeles,2024-02-22 10:00:00,2024-02-22 10:41:00,51.944977763653,2.46159371356451,9.16603663701666,29.4718765673499,Morning,Monday,61.4640132828887,96.3896047610269,220.775435916388,14.4833994834253,3,Level 1,Commuter,75,28.9019900378335,0.567367199605811,34.9255914781382,1.48730416766651,72.5478832921605,0.290872353494505,4.25017865867428
User_1260,Tesla Model 3,85,Station_168,San Francisco,2024-02-22 11:00:00,2024-02-22 12:38:00,20.7904360128382,3.24746257681751,41.2372112765186,25.7924729023093,Evening,Saturday,49.9669322497514,63.1111322935948,259.924188329668,22.8973852688778,2,Level 1,Long-Distance Traveler,75,37.5248008126865,1.24059316920445,13.1442000438434,1.58171938524142,72.5478832921605,0.0882459324919593,12.5021037639212
User_1261,Hyundai Kona,100,Station_176,New York,2024-02-22 12:00:00,2024-02-22 14:43:00,49.4834583743546,1.73226767933185,18.9376076992025,37.6607951240028,Evening,Sunday,23.2643576661264,53.993533699815,49.0542061209531,-7.47811489803626,4,Level 1,Long-Distance Traveler,75,57.5517317504052,0.761078476752567,30.7291760336886,1.61030866301477,72.5478832921605,0.393749755005134,0.991325338456458
User_1262,Tesla Model 3,75,Station_310,Chicago,2024-02-22 13:00:00,2024-02-22 14:58:00,25.5275472116447,0.434889934768347,58.6988687729516,25.021181815619,Afternoon,Sunday,20.065397433187,80.3207465989539,265.238348938484,18.9965395342772,4,Level 1,Commuter,75,59.9509519251098,0.980163962020028,60.2553491657669,0.423656116263081,72.5478832921605,0.80910518831491,10.390279439675
User_1263,Nissan Leaf,50,Station_291,San Francisco,2024-02-22 14:00:00,2024-02-22 17:42:00,19.9580252759915,1.29827157936072,43.0076580549158,37.060939935875,Night,Friday,15.8201220221305,53.3748122649615,51.421823945874,30.0062743755686,2,Level 1,Casual Driver,75,63.1349084834021,1.85694423287746,37.554690242831,0.531438953348881,72.5478832921605,0.211898202477869,2.576498588151
User_1265,Tesla Model 3,50,Station_56,Chicago,2024-02-22 16:00:00,2024-02-22 16:30:00,45.1593731719506,0.919046298999628,31.3124813519024,39.2537060886857,Afternoon,Sunday,11.7926077183494,50.7516647880994,61.5066692485589,17.2583624089678,5,Level 1,Commuter,75,66.155544211238,0.869226105934237,38.9590570697501,1.1591495423285,72.5478832921605,0.677307319529552,1.36199120865482
User_1266,BMW i3,100,Station_108,Chicago,2024-02-22 17:00:00,2024-02-22 20:09:00,60.8311035526676,3.57418937015182,48.3212361667226,9.9754046529361,Morning,Wednesday,26.4502465176616,83.898866667299,29.6749010998569,3.17179175870294,6.56102112688345,Level 2,Casual Driver,75,55.1623151117538,0.163985265273043,57.4486201496373,1.05887840985945,71.6210409570786,0.237633414019992,0.487824474105822
User_1267,Chevy Bolt,75,Station_473,New York,2024-02-22 18:00:00,2024-02-22 20:40:00,54.2203454711289,1.2328346670602,43.9802245344234,22.5608377350945,Night,Saturday,76.7030665038914,87.0303902771929,286.323365000386,15.6127031688249,3.22493496598597,DC Fast Charger,Long-Distance Traveler,75,17.4727001220815,0.416095425786389,10.3273237733015,5.25018355784496,73.3773288758577,0.5993707485432,5.28073664069231
User_1269,Tesla Model 3,85,Station_461,San Francisco,2024-02-22 20:00:00,2024-02-22 22:56:00,27.6379340185637,1.92057884093028,57.0997521735983,10.218234726961,Afternoon,Monday,38.4225202073412,73.0586186836804,206.439541194648,9.38313616527033,7,Level 1,Commuter,75,46.1831098444941,0.36971774808123,34.6360984763392,0.797951710336078,72.5478832921605,0.19835752925992,7.46942738397119
User_1270,Hyundai Kona,62,Station_324,Los Angeles,2024-02-22 21:00:00,2024-02-22 22:29:00,66.4610541275467,3.89415989940598,47.7234982201242,21.5669077733329,Morning,Monday,61.0491621827504,70.3901506548313,250.864366585388,18.3900400219665,0.0201557410022024,Level 1,Casual Driver,75,29.2131283629372,0.324504449356813,9.34098847208092,7.11499155856906,72.5478832921605,0.235249494734287,3.77460709702181
User_1271,Tesla Model 3,75,Station_302,Houston,2024-02-22 22:00:00,2024-02-23 01:06:00,20.4251481547194,0.548377714341231,37.2464956553828,15.3673653930013,Evening,Monday,19.8909413870411,62.2322339105239,49.1226600425559,-2.46273380909022,4,Level 2,Commuter,75,60.0817939597192,0.752374733176685,42.3412925234828,0.48239311880693,71.6210409570786,0.520049627283469,2.40500875050963
User_1272,Nissan Leaf,75,Station_334,New York,2024-02-22 23:00:00,2024-02-23 02:27:00,86.3404700774449,2.33780745915193,36.9322416777497,25.8570178267467,Morning,Thursday,74.5536122832555,83.2320356050919,56.9022616361989,37.4925183019141,7,Level 1,Long-Distance Traveler,75,19.0847907875584,0.299477380694751,8.67842332183636,9.94886592593355,72.5478832921605,0.509074007425115,0.659045075677249
User_1273,Tesla Model 3,62,Station_141,Chicago,2024-02-23 00:00:00,2024-02-23 00:31:00,10.201613009569,3.99369246410133,36.8004252637153,36.5651762464539,Evening,Wednesday,67.3630481060283,94.8461370511388,131.970736877187,12.6162414441277,1,Level 2,Casual Driver,75,24.4777139204788,3.58425439311962,27.4830889451105,0.371196011843638,71.6210409570786,0.0356659336422551,12.9362618199102
User_1275,Chevy Bolt,85,Station_262,San Francisco,2024-02-23 02:00:00,2024-02-23 05:33:00,8.93691379647724,3.623260788463,35.31712403702,9.93476894280921,Night,Wednesday,27.0478544918784,93.46087660831,79.4890337133495,14.3310953450111,6,Level 1,Commuter,75,54.7141091310912,1.11165545165327,66.4130221164316,0.134565684735887,72.5478832921605,0.033998771850138,8.89446127864438
User_1276,Nissan Leaf,62,Station_273,Houston,2024-02-23 03:00:00,2024-02-23 05:54:00,26.4440331229724,3.69223745793969,27.1214299006678,27.3704370977602,Morning,Sunday,63.4816038710621,80.4777550822838,265.560562905688,14.3941054915863,3,Level 1,Commuter,75,27.3887970967034,1.03503262798378,16.9961512112217,1.55588361119738,72.5478832921605,0.098721858555058,10.0423623609438
User_1277,Tesla Model 3,100,Station_420,Houston,2024-02-23 04:00:00,2024-02-23 07:37:00,42.0179594951736,0.730265847057488,13.3029866848463,13.0886058625399,Afternoon,Wednesday,55.0384048481559,70.4500570540286,1.89953788516133,14.6418529519127,5,DC Fast Charger,Long-Distance Traveler,75,33.7211963638831,0.311500273211586,15.4116522058728,2.72637605195647,73.3773288758577,0.784137221901451,0.0452077613473715
User_1278,Hyundai Kona,75,Station_232,Los Angeles,2024-02-23 05:00:00,2024-02-23 07:19:00,27.9972048858475,1.76862141080474,15.8299592636439,25.5372050878103,Evening,Wednesday,59.6606273426715,95.054221210534,212.708284788918,-6.85507254496196,0,DC Fast Charger,Commuter,75,30.2545294929964,0.912134093097245,35.3935938678625,0.791024641079725,73.3773288758577,0.215733653788701,7.59748287931563
User_1279,Nissan Leaf,50,Station_241,New York,2024-02-23 06:00:00,2024-02-23 09:13:00,34.5413476206213,2.53917825362386,14.2395921118429,26.0335058735202,Morning,Monday,16.9605269644848,84.5990562571759,181.853837220048,13.0288781369594,2,DC Fast Charger,Commuter,75,62.2796047766364,0.753691088125875,67.6385292926911,0.510675616129249,73.3773288758577,0.185389097046615,5.26481593067551
User_1280,Nissan Leaf,100,Station_355,San Francisco,2024-02-23 07:00:00,2024-02-23 08:30:00,67.0782821601066,3.88398281285621,23.0981433528929,11.9806556649802,Morning,Monday,23.0322154634391,95.0283117659227,195.719704087972,5.01002788238165,3,Level 2,Long-Distance Traveler,75,57.7258384024207,0.178607073394993,71.9960963024836,0.931693322347431,71.6210409570786,0.241137083400378,2.91778050637636
User_1281,Tesla Model 3,100,Station_337,Los Angeles,2024-02-23 08:00:00,2024-02-23 08:46:00,39.706995567048,3.77513540015037,18.6852936555865,24.1925098552487,Evening,Thursday,34.0376475622556,96.3657479537561,209.371769978349,0.259103127114949,7,Level 1,Casual Driver,75,49.4717643283083,0.609275758836952,62.3281003915005,0.637064106199886,72.5478832921605,0.144980551988221,5.27291896524406
User_1282,Nissan Leaf,50,Station_489,Chicago,2024-02-23 09:00:00,2024-02-23 10:18:00,6.44888026507553,2.24643351817817,11.0193915952941,5.38823727335724,Morning,Saturday,26.9829287012146,98.3973701083139,152.259866990807,12.1931847243525,7,DC Fast Charger,Long-Distance Traveler,75,54.7628034740891,0.835530673834604,71.4144414070993,0.0903021873168982,73.3773288758577,0.0391227022936501,23.6102797279992
User_1283,Hyundai Kona,62,Station_258,San Francisco,2024-02-23 10:00:00,2024-02-23 11:45:00,30.7515039812039,3.77766875347677,19.4801239543172,12.8996074664538,Evening,Wednesday,49.5268834584929,68.6531073429219,129.54556576013,31.9803498021923,0.190046925737258,Level 2,Long-Distance Traveler,75,37.8548374061303,0.419478913107418,19.1262238844291,1.60781888610219,71.6210409570786,0.113658483754609,4.21265788623905
User_1284,Nissan Leaf,50,Station_249,Houston,2024-02-23 11:00:00,2024-02-23 14:37:00,28.8029249800589,0.758400247678589,45.5188443075354,20.8993449427946,Night,Friday,73.686855701566,81.2327762644275,22.3327261690371,-0.257359046258101,3,DC Fast Charger,Casual Driver,75,19.7348582238255,0.725598006357473,7.54592056286151,3.81701937359601,73.3773288758577,0.517578501433562,0.775363133587951
User_1285,Hyundai Kona,63.990543628518,Station_77,Los Angeles,2024-02-23 12:00:00,2024-02-23 14:57:00,30.9875665524309,1.93280594424858,16.0324251095357,35.7320283477142,Evening,Saturday,73.3072402570828,76.1746419526243,203.060254035577,28.3538328767939,5,DC Fast Charger,Commuter,75,20.0195698071879,1.15310856330895,2.86740169554155,10.8068453054948,73.3773288758577,0.21849289630943,6.55295902929324
User_1286,Tesla Model 3,100,Station_180,Houston,2024-02-23 13:00:00,2024-02-23 16:27:00,85.0398543062943,3.70838463778115,26.7265968042639,21.843794883005,Evening,Sunday,32.3628019605393,55.9886579249928,279.866717976977,22.669920271465,7,Level 1,Casual Driver,75,50.7278985295955,0.256865384603419,23.6258559644535,3.5994401402532,72.5478832921605,0.316091624505358,3.2910065552201
User_1287,Chevy Bolt,50,Station_66,Houston,2024-02-23 14:00:00,2024-02-23 16:40:00,47.7678473432786,2.67945138681529,32.9943415298787,30.8595228239084,Night,Thursday,13.709453505092,97.5894053235075,221.535828133101,15.3632579795061,6,Level 1,Long-Distance Traveler,75,64.717909871181,0.646031264547881,83.8799518184155,0.569478716996489,72.5478832921605,0.245733882569687,4.63776034412975
User_1288,Nissan Leaf,62,Station_308,Houston,2024-02-23 15:00:00,2024-02-23 16:12:00,57.4544211679244,1.12115529457619,35.7302293662169,26.414588326335,Morning,Sunday,32.3418715280028,89.6171455907181,57.2895104740449,33.49059845333,1,Level 2,Casual Driver,75,50.7435963539979,0.459748576164957,57.2752740627153,1.00312782624162,71.6210409570786,0.715512215496879,0.997129712726588
User_1291,Nissan Leaf,100,Station_474,Chicago,2024-02-23 18:00:00,2024-02-23 21:45:00,52.7397732060488,2.18138980870812,9.72125470780099,33.817220614136,Afternoon,Wednesday,77.810615870857,89.7945216616567,56.8608007111813,37.1182423287761,4,Level 2,Casual Driver,75,16.6420380968572,0.641209064021107,11.9839057907997,4.40088349547426,71.6210409570786,0.337570392914346,1.0781388931847
User_1292,BMW i3,50,Station_22,Chicago,2024-02-23 19:00:00,2024-02-23 22:58:00,61.9329798724319,2.76876627590874,37.3930924067567,24.5214040120678,Evening,Monday,39.9148020937112,53.2460144098468,17.9544395643276,0.710857607649126,0.845189620545775,Level 2,Long-Distance Traveler,75,45.0638984297166,0.395934509571094,13.3312123161356,4.6457125131426,71.6210409570786,0.312316587671617,0.289901109252449
User_1293,Chevy Bolt,85,Station_367,San Francisco,2024-02-23 20:00:00,2024-02-23 23:27:00,23.4378753260388,3.46364693448264,50.350624082978,8.48328428609268,Morning,Saturday,81.1593876571271,93.2758231731084,22.6240949185252,14.7852342891234,5,Level 2,Casual Driver,75,14.1304592571547,0.361947666675571,12.1164355159813,1.93438699815014,71.6210409570786,0.0944808942021595,0.965279258627613
User_1294,Nissan Leaf,62,Station_107,Houston,2024-02-23 21:00:00,2024-02-23 22:06:00,8.31580579517754,0.728101985640225,11.7372440777083,20.7042597937214,Morning,Tuesday,38.5533895674531,56.847684459493,271.525530232524,35.8217761088154,2.92881133129574,Level 2,Long-Distance Traveler,75,46.0849578244102,2.48974787334838,18.2942948920399,0.454557327530336,71.6210409570786,0.159467246026739,32.6517401825311
User_1296,Nissan Leaf,100,Station_323,Los Angeles,2024-02-23 23:00:00,2024-02-24 02:19:00,71.9450592295655,3.94256777194516,7.4776875259887,24.8980044686811,Evening,Monday,21.3486208877584,74.2900032550478,185.763425475626,24.851344365809,5,DC Fast Charger,Casual Driver,75,58.9885343341812,0.346069691724562,52.9413823672894,1.35895694469092,73.3773288758577,0.248690908400354,2.58201782672641
User_1297,Tesla Model 3,100,Station_227,New York,2024-02-24 00:00:00,2024-02-24 00:44:00,9.20906793058921,2.41620951602315,43.7733771084899,27.7143769383245,Evening,Thursday,44.006425371349,78.6608558784682,58.7990434031472,9.62657073391074,7,Level 1,Casual Driver,75,41.9951809714883,3.00946601189327,34.6544305071193,0.265739987523308,72.5478832921605,0.0525359198181736,6.38490712049565
User_1299,BMW i3,85,Station_442,Houston,2024-02-24 02:00:00,2024-02-24 03:49:00,21.7953824982272,1.17187403193103,37.7362187016603,27.4605747656854,Night,Saturday,55.1343622343568,68.5474038815083,39.0399820224609,-4.05280377099752,5,Level 2,Long-Distance Traveler,75,33.6492283242324,1.25992626043241,13.4130416471516,1.62493959771278,71.6210409570786,0.259682650714116,1.79120426198698
User_1301,Hyundai Kona,62,Station_216,New York,2024-02-24 04:00:00,2024-02-24 06:57:00,35.7622826922978,1.92637033053776,22.8677577196814,17.0699733500021,Afternoon,Friday,11.8548809434421,114.167842042948,273.507012624569,39.2076382658675,3,Level 1,Long-Distance Traveler,75,66.1088392924184,0.477317779093518,102.312961099506,0.349538145587603,72.5478832921605,0.25589435495914,7.64791819856272
User_1303,Chevy Bolt,60.8031640159348,Station_84,San Francisco,2024-02-24 06:00:00,2024-02-24 08:34:00,26.1774550664043,4.29920247422842,11.0782103447887,11.4138510004714,Night,Wednesday,35.2998753452219,82.0171076452037,76.3393660016221,-8.5533748857717,3,Level 2,Commuter,75,48.5250934910836,0.436018358985542,46.7172322999818,0.560338311531664,71.6210409570786,0.0850156529903504,2.91622565325668
User_1305,Chevy Bolt,46.1728725039179,Station_39,San Francisco,2024-02-24 08:00:00,2024-02-24 10:27:00,60.2514406902024,2.7360721474917,42.3379255017768,21.1044525833378,Evening,Wednesday,38.8785223227087,51.8456227710966,173.292993622193,31.5476431966931,6,Level 2,Long-Distance Traveler,75,45.8411082579685,0.350272994995282,12.9671004483879,4.64648522852254,71.6210409570786,0.307467532072642,2.87616348484049
User_1307,BMW i3,75,Station_297,San Francisco,2024-02-24 10:00:00,2024-02-24 12:03:00,54.8251133346708,0.557213328326674,45.8638320081904,22.930047950918,Morning,Saturday,71.3078371064845,96.7978122602596,69.7286234207443,23.6013697842573,5,Level 1,Long-Distance Traveler,75,21.5191221701367,0.418239864110181,25.4899751537751,2.15085001079537,72.5478832921605,1.35622984264777,1.27183728732301
User_1308,Tesla Model 3,85,Station_313,Chicago,2024-02-24 11:00:00,2024-02-24 12:34:00,65.2325431641306,1.56658594924726,17.1299918005181,5.70949804389654,Afternoon,Monday,48.1708463896819,61.3536658340152,35.6352016072721,33.9376372256268,4,DC Fast Charger,Commuter,75,38.8718652077386,0.0875253020494842,13.1828194443334,4.9482998261173,73.3773288758577,0.567476896607703,0.54627950833698
User_1309,BMW i3,75,Station_181,Los Angeles,2024-02-24 12:00:00,2024-02-24 13:57:00,6.43232417024033,0.930239308113193,9.02593858387284,16.4311008091692,Night,Friday,71.4938046957909,73.2865930507289,209.983563721656,21.6969513514756,2,DC Fast Charger,Commuter,75,21.3796464781569,2.55445782493193,1.79278835493804,3.58788819244793,73.3773288758577,0.0942348054141231,32.6450530421277
User_1310,Hyundai Kona,50,Station_493,New York,2024-02-24 13:00:00,2024-02-24 14:57:00,16.1260897189229,3.90961078030544,4.19419697647482,27.636995108558,Afternoon,Thursday,61.1312524783537,71.0227746283881,82.8826118729384,29.2393996471456,5,Level 2,Long-Distance Traveler,75,29.1515606412347,1.71380635915276,9.89152215003434,1.63029405124134,71.6210409570786,0.057591039742424,5.13965960239456
User_1311,Tesla Model 3,62,Station_268,New York,2024-02-24 14:00:00,2024-02-24 17:50:00,66.9799080308475,0.775663265662295,13.7871513725522,38.8330103052385,Afternoon,Saturday,64.1260725666931,94.36493349621,152.259866990807,36.4320881691275,1,Level 2,Casual Driver,75,26.9054455749802,0.579771030550744,30.2388609295169,2.21502748357386,71.6210409570786,1.20567621564068,2.27321702085175
User_1312,Hyundai Kona,50,Station_13,Houston,2024-02-24 15:00:00,2024-02-24 18:53:00,74.2767005766403,2.84915142755714,25.0735443240394,38.1940061370899,Night,Tuesday,41.3440616739729,50.4123412636568,194.793543874296,7.73196731401315,3,Level 2,Commuter,75,43.9919537445203,0.514212476329377,9.06827958968386,8.19082603729355,71.6210409570786,0.363995859149225,2.62253899758652
User_1313,Nissan Leaf,75,Station_120,Houston,2024-02-24 16:00:00,2024-02-24 18:54:00,39.7338525462838,1.24929629075931,21.3956057775606,19.4136650808528,Morning,Tuesday,55.8636149976119,85.1222622200058,152.259866990807,24.1089529612914,0,Level 1,Casual Driver,75,33.1022887517911,0.488592568723079,29.2586472223939,1.35802083549073,72.5478832921605,0.438399933457222,3.83199355797297
User_1314,Tesla Model 3,119.5,Station_458,Chicago,2024-02-24 17:00:00,2024-02-24 19:35:00,60.7251438890711,2.36599092263726,10.4919209006158,11.2897333059955,Night,Saturday,41.8568246907282,94.0978834263866,279.552277506028,-1.36999406744534,3,Level 2,Long-Distance Traveler,75,43.6073814819539,0.185915299379429,52.2410587356585,1.16240262656893,71.6210409570786,0.358356139689291,4.60356714867068
User_1315,Hyundai Kona,50,Station_353,New York,2024-02-24 18:00:00,2024-02-24 19:58:00,43.2514534796024,2.50180876842451,63.2161183807464,36.3569296587858,Morning,Monday,62.1086724040964,65.1988954574736,220.281863269147,1.63084972386128,5,Level 1,Long-Distance Traveler,75,28.4184956969277,0.840594401664026,3.09022305337722,13.9962238105544,72.5478832921605,0.238298797412818,5.09305111267608
User_1316,Nissan Leaf,100,Station_57,New York,2024-02-24 19:00:00,2024-02-24 20:30:00,42.0116535303762,1.42644432198852,5.89547508617686,22.0811636269824,Evening,Sunday,39.2041015487764,83.9159517992646,239.601074579345,1.91965470339293,7,DC Fast Charger,Commuter,75,45.5969238384177,0.525596156576336,44.7118502504882,0.93960892459192,73.3773288758577,0.401377526528385,5.70320505014408
User_1317,BMW i3,100,Station_40,New York,2024-02-24 20:00:00,2024-02-24 20:44:00,68.1858528651174,3.23821242828487,18.3880115138932,5.06780581979034,Evening,Tuesday,31.4563748418,93.0964613557908,164.376022294023,34.0297746409882,4,Level 2,Casual Driver,75,51.40771886865,0.0743234205754569,61.6400865139908,1.10619333491106,71.6210409570786,0.294000665082402,2.41070567261489
User_1318,Nissan Leaf,100,Station_374,New York,2024-02-24 21:00:00,2024-02-24 23:03:00,18.8951016614441,3.26712169407126,45.4820659730486,37.2550015611798,Evening,Tuesday,71.903080726244,78.6788787023723,226.519258173751,20.3587610164504,5,DC Fast Charger,Commuter,75,21.072689455317,1.97167510546925,6.77579797612827,2.78861644458898,73.3773288758577,0.078817385262209,11.9882529468455
